Fat,ICPP22,TOPC24,Fair,minTime,minArea,Topt
0,8336579949574.464,9539619882872.174,10093211803018.91,13780878849604.139,189608205788223.0,8102523364835.774,1159709069514.2285,8102523364835.774
0.125,6893731981261.496,7786419774072.149,8215370641616.729,11760624817928.705,150307842424277.0,6574253491416.925,1182561470561.8457,6574253491416.925
0.25,3824144107657.195,4274035635982.545,4491402664886.089,7943750944463.032,67886724351032.0,2218397343030.824,1162665882756.3984,2218397343030.824
0.375,3056552726250.904,3417316652673.446,3632684643703.533,7225777694585.414,43889233680025.0,2370504141309.9297,1162979613908.4258,2370504141309.9297
0.5,2326962583042.3755,2375554429406.879,2507395167361.7183,5430403909720.638,27259879537911.0,1850734767149.5137,1111635503325.2207,1850734767149.5137
0.625,2172864370863.027,1653984281423.3025,1646272572989.8726,3688331799431.9927,15470061673444.0,1169983564361.9453,1169983564361.9453,1122015992873.4165
0.75,2117561456023.498,1540384999575.3108,1523319352495.0635,3274607968375.14,8313495273920.0,1155676282795.6953,1155676282795.6953,764810744907.4454
0.875,2038404529900.7646,1460604538352.0486,1444663320867.3245,2731501009344.5093,5190957232607.0,1125949624348.0254,1125949624348.0254,508654947370.57574
1,2137214718594.6294,1531087251672.4622,1439050055015.718,2417404896353.275,3168622783721.0,1164998358287.086,1164998358287.086,307150941371.6852
0,8464007223963.022,9724095093534.916,10304602361805.021,13405897980873.486,205224841568527.0,8269954689387.22,1173023241172.0117,8269954689387.22
0.125,5653479153961.315,6205165042263.648,6598232151189.19,11459466668788.287,126227046587733.0,5231544917481.621,1137468789072.5273,5231544917481.621
0.25,3824767656405.661,4317465097557.0483,4524612918377.57,8532168524363.77,58744567163101.0,2757954681529.4453,1149781696568.0352,2757954681529.4453
0.375,3197251380059.9834,3486918340615.139,3656088859926.6406,6968316758670.409,42850414042393.0,2780586163638.4263,1131027846093.7285,2780586163638.4263
0.5,2551263560486.066,2750382389256.525,2877204783120.7764,5536898954951.831,30357700782552.0,2201737502492.152,1131432721875.5488,2201737502492.152
0.625,2175141166692.457,1726563128981.3555,1750340788360.3008,3883630339558.5244,16159011499539.0,1175524696829.7554,1148747333607.5898,1175524696829.7554
0.75,2038654389571.7634,1498454746236.313,1483041657368.9072,2790151152623.273,7901066194096.0,1119633019574.3652,1119633019574.3652,634146300592.9552
0.875,2048470271201.9468,1499258359312.57,1459619821405.2625,2393959558454.013,4867300878636.0,1136030926257.2246,1136030926257.2246,546141501588.7466
1,2342479560228.737,1636024272249.627,1669972239007.1633,2548100059154.3687,3251469345952.0,1259275190892.662,1259275190892.662,469041100486.83405
0,7790443133955.703,8934328107363.605,9404232416251.479,13103949736171.53,205292387279316.0,7566366231211.102,1146052856256.9473,7566366231211.102
0.125,6004013118225.771,6739409784905.888,7112634537033.167,11579880435296.898,134960766430548.0,5698309397707.248,1115956016917.6191,5698309397707.248
0.25,4009913531861.807,4475872117418.737,4756200825324.576,8101050312298.273,65778356446590.0,2470224039704.9355,1142542733092.7148,2470224039704.9355
0.375,3413609789208.33,3837350834030.362,4034953649332.976,6456134197935.277,47986137933196.0,2426214043893.072,1146217651707.7969,2426214043893.072
0.5,2417318986579.8228,2465340651830.534,2652140249403.7056,5534584997178.814,27524104109972.0,1867392287128.1738,1124876653901.3867,1867392287128.1738
0.625,2174162510360.3838,1809943296987.7615,1886040392518.0293,4102362987560.025,14778853710920.0,1310947853571.2722,1127576602465.4844,1310947853571.2722
0.75,2063786535565.3674,1484706955404.701,1512088903133.3582,2839503937194.7417,7987064061767.0,1152114739915.1172,1152114739915.1172,635829691166.7157
0.875,2134727084713.9438,1533296371863.1094,1461237654674.741,2504946095253.6533,3778615684390.0,1180133411150.834,1180133411150.834,516131971220.28375
1,2121111959144.3337,1481085629372.1987,1466524182043.0295,2408837817354.706,3110357513743.0,1142938285815.2656,1142938285815.2656,391559690356.33026
0,8374236717748.561,9583868366631.447,10119517001382.398,14408545452855.533,192110012245176.0,8126997162959.227,1156188825443.7715,8126997162959.227
0.125,5747237111521.716,6427935239686.005,6755819548939.035,10155706594273.246,126321209090681.0,5422054091245.55,1140410388320.9238,5422054091245.55
0.25,3997758921365.9546,4368987094772.28,4609431197925.372,8458464520047.462,65587954612485.0,2656161149486.1636,1180213995977.5215,2656161149486.1636
0.375,3296208587478.332,3684115779856.148,3910840531326.495,7014945567490.304,42913482715313.0,2529937111417.965,1168507720878.1719,2529937111417.965
0.5,2411831245392.932,2506508851957.5894,2645849346139.823,5571924645956.142,29333761419048.0,1887501612539.1938,1151345410856.5156,1887501612539.1938
0.625,2174135910028.463,1916486821944.5771,2000993534524.0984,4276563422620.2485,16042860663823.0,1306104826170.1047,1146104704902.457,1306104826170.1047
0.75,2117244080151.5552,1575910987685.07,1556391413369.0027,3143632629309.911,8606032484686.0,1139543573599.9395,1139543573599.9395,832373507770.0087
0.875,2140382853097.3594,1557829581605.4912,1449225996580.6287,2463561897753.086,3858638845104.0,1171812332277.2227,1171812332277.2227,439897425189.36914
1,1999841022420.838,1444042046221.728,1408117041942.8987,2442289033567.279,3008473923386.0,1099196646946.3184,1099196646946.3184,405030522730.9657
0,8897660251845.416,10190009472327.066,10790095885975.982,14405147234381.09,205614068402763.0,8682331998920.855,1179714536163.1367,8682331998920.855
0.125,6343617316968.705,7121978841329.16,7533972559494.21,11296153735823.139,123100061348001.0,6051158998405.242,1116051488607.6719,6051158998405.242
0.25,4071770177462.8096,4619297643750.976,4854041206752.732,8172487761996.976,70171189761330.0,3016124138451.685,1158769625911.5625,3016124138451.685
0.375,3109964320088.7896,3411863057044.905,3618227348989.022,6277553237933.946,43024095682526.0,2314519687578.3174,1107143648536.2402,2314519687578.3174
0.5,2407136940387.4834,2267151445432.8315,2370655428100.2607,5349108034690.502,30316946704339.0,1802614639834.4968,1156381817661.5215,1802614639834.4968
0.625,2059827696087.5176,1711217384608.3225,1749201391944.5125,3947304598770.2656,15381030691086.0,1220323414107.8862,1114080844099.8652,1220323414107.8862
0.75,2041971579909.493,1490458872022.3252,1437905928780.485,2739727849017.29,7653683254459.0,1116337717802.336,1116337717802.336,660367815685.3474
0.875,2080340941119.2234,1466980082048.9636,1409290927110.4575,2447968881621.5366,3887583330691.0,1135100110821.1602,1135100110821.1602,426889886771.92676
1,2130763028731.139,1505723215040.3594,1556168266969.9512,2489913273975.7886,3162594807315.0,1155172734511.2734,1155172734511.2734,451696895857.5608
0,9019518831551.967,10318706415055.129,10890685044579.496,14567107616918.988,191329484826356.0,8775743822073.081,1164432330353.3105,8775743822073.081
0.125,5827367180015.879,6515615594760.404,6873681399121.286,10926022556054.719,133753609829627.0,5512811969563.397,1179292692254.8125,5512811969563.397
0.25,3405195248087.728,3715195867770.909,3913129706383.781,8161222956191.203,60544215136669.0,2508936759618.6196,1125202832822.3223,2508936759618.6196
0.375,3019758547967.053,3428885602301.74,3604701441240.948,6967185560569.983,42899611453306.0,2524710136094.8013,1168672145865.248,2524710136094.8013
0.5,2486786578040.214,2429341624032.9175,2549473865149.0977,5730859465714.733,28865601934432.0,1873614831864.264,1134539366932.0137,1873614831864.264
0.625,2118049632106.09,1638052327710.788,1619002964588.3337,4220513684827.8433,16137844231259.0,1109919267668.8984,1109919267668.8984,1029731875011.7693
0.75,2086852876421.6265,1495499270315.5957,1494853913544.5874,2933019235346.5293,8078111129912.0,1129698118854.2148,1129698118854.2148,691941078538.0647
0.875,2033899367635.1423,1496185074827.4165,1472736129012.411,2404675082328.1055,4101962303723.0,1146454670962.3867,1146454670962.3867,530802771853.7895
1,2241462007930.522,1593393416339.6387,1546302341691.7441,2511160082426.4814,3159067204523.0,1219750709938.8574,1219750709938.8574,347400337734.24805
0,7588258607934.331,8656656588510.217,9114365835714.17,12487439352823.3,197747972278372.0,7280769682149.788,1174192505678.787,7280769682149.788
0.125,5615776567204.003,6240391605620.81,6579452128382.435,10683211109088.824,126814522235688.0,5248356845728.817,1158432373388.7988,5248356845728.817
0.25,3255284870961.1196,3580898538708.1123,3798044812470.322,7231901513138.287,65037292772497.0,2265977549968.5503,1125311378143.3867,2265977549968.5503
0.375,3454177207573.148,3898305389654.239,4089911448391.582,7131539928350.264,46690884599432.0,2722179378424.1797,1157604422594.17,2722179378424.1797
0.5,2349363788071.5723,2370978147093.2515,2509173065717.7065,5183905237695.078,30529566535235.0,1776533515283.981,1114242672674.1309,1776533515283.981
0.625,2215232902128.785,1789571448738.854,1781325783240.2966,4419544021377.2705,15814560593235.0,1289932961941.5654,1170524084210.295,1289932961941.5654
0.75,2067461317971.4143,1501992867217.2783,1510893036015.3357,3005971230830.3994,7547729309467.0,1151597289687.0488,1151597289687.0488,641312129145.837
0.875,2117651150568.3425,1533026923777.5557,1469173777584.875,2447398830128.1094,4845003423407.0,1135552364059.9746,1135552364059.9746,474045181320.45013
1,2029401157091.9153,1443599752175.9756,1366983934565.7314,2225835426986.917,3063743522201.0,1112451633285.8984,1112451633285.8984,402595420437.76733
0,8129964963455.0625,9211896700415.451,9738966561047.18,13525083702757.896,206070764300769.0,7801025883625.072,1169018840296.336,7801025883625.072
0.125,5909840656603.977,6605039967685.348,6981666655847.211,10554470230703.496,131054206062371.0,5572348543014.562,1129121584516.9512,5572348543014.562
0.25,3449420759826.2725,3811588925598.228,4010315931596.8335,7765705559322.196,60376023421389.0,2323481528468.822,1144283139756.164,2323481528468.822
0.375,3578607761385.051,4010297390752.3584,4232991389398.5337,7799551678166.247,48669238151042.0,2622419431863.582,1147061538877.377,2622419431863.582
0.5,2533387390016.3413,2582302206949.201,2694578640661.1143,5755788415055.714,28991024262954.0,1838468821593.068,1174281278234.3984,1838468821593.068
0.625,2178102099887.8171,1714827821199.9675,1746574176260.1843,3809636284136.204,16231972462266.0,1308529693221.4834,1176307233997.4062,1308529693221.4834
0.75,2062174613129.9294,1487475337789.725,1516340305331.3906,2926277402653.231,8982148994761.0,1103192350414.873,1103192350414.873,870649243757.9609
0.875,2082980109330.4285,1568448689735.2925,1526315598345.8083,2536388541950.804,4879855260446.0,1147399907088.2559,1147399907088.2559,561575621834.8651
1,2095899933573.9214,1498541516749.5474,1416796911597.6448,2409361606691.1665,3209553107600.0,1150752858028.582,1150752858028.582,356852853699.3999
0,8869058285763.99,10124334907412.46,10693929270455.482,13969493972403.1,180056969024223.0,8622034668340.53,1093117228890.9121,8622034668340.53
0.125,6474581127991.02,7230539004623.724,7631529317799.169,11867209477612.861,140633266680369.0,6129051849013.244,1224375284655.1895,6129051849013.244
0.25,3976767727910.439,4455407322227.358,4735275638841.274,8621249073737.656,63507660039750.0,2605042439485.795,1162263096659.5566,2605042439485.795
0.375,3351075426627.077,3771110967807.218,3958828551803.209,7285269804659.417,43301537406738.0,2585556945992.857,1105255449818.9434,2585556945992.857
0.5,2585538128728.416,2524720643574.459,2641662982527.9766,5455025044876.206,28906431079818.0,1809818470410.8965,1183745997197.9863,1809818470410.8965
0.625,2268342673173.8877,1812613767908.0435,1842155609622.382,4215463748780.4414,16564848217239.0,1277085627308.9604,1177866388332.4102,1277085627308.9604
0.75,2088792736043.6987,1722829796360.8987,1699669587534.3801,3368588686763.254,9435238288954.0,1145713629994.461,1145713629994.461,913090890857.2822
0.875,2037176020572.4663,1498991978904.0125,1466853382001.1328,2553849058987.3477,5049367152997.0,1122131740646.7793,1122131740646.7793,496131801446.951
1,2029110185461.5977,1453523967807.345,1422881472792.53,2346784639767.2603,3006129449378.0,1110183349480.5215,1110183349480.5215,369181190093.88745
0,8265499965025.806,9430265296698.053,10031833285290.451,14380163518762.012,200208866887153.0,8034803551976.166,1139959400169.8691,8034803551976.166
0.125,5526357670493.002,6175776835490.84,6493462464114.14,10894171647107.932,130026050230244.0,5201045106617.158,1138021170412.129,5201045106617.158
0.25,3667949825915.0186,4101656111397.0054,4319599970521.724,7918879452411.186,65980079628324.0,2251604625056.661,1138366541531.1074,2251604625056.661
0.375,3131580851290.043,3554416766202.9146,3765978495655.891,6952514676770.841,42418085712204.0,2308402228781.668,1158856748418.8867,2308402228781.668
0.5,2493912962444.0767,2452494440207.7974,2605360065224.5195,5751266098739.17,31291138101870.0,1759470671694.079,1227526964668.996,1759470671694.079
0.625,2289136090047.1455,1977263100675.9717,2018576232292.96,4658064294687.938,16173931406219.0,1541309188285.8352,1170750833559.412,1541309188285.8352
0.75,2318722851951.091,1746369749536.1902,1727690558165.4807,3298105535096.0894,8426887883496.0,1217667171549.4707,1217667171549.4707,800972198288.7756
0.875,2151965520232.953,1524460131536.857,1488095905217.936,2611502537277.479,3791939816848.0,1174317016049.8535,1174317016049.8535,479305333029.489
1,2131658079912.5298,1500550780502.7017,1438097868079.1006,2299534577932.8364,2942188021455.0,1153977088697.5547,1153977088697.5547,343651974013.2418
0,6906525732656.647,7929840755658.302,8395021036473.206,11990644771247.01,179816160354233.0,6690633733259.757,1078969785883.2402,6690633733259.757
0.125,6299869836427.186,7084483530797.895,7457895051933.719,11882081439022.027,139809492233271.0,5985880568158.414,1181348282453.6484,5985880568158.414
0.25,4221229774364.7656,4801014873249.465,5041060626334.6875,9152006989794.523,59614031262815.0,2993594908806.194,1167606274568.2402,2993594908806.194
0.375,3368678101669.349,3765607612526.427,3972830756493.7534,7694692218171.313,44000969411550.0,2501231438645.436,1209899046823.0273,2501231438645.436
0.5,2364930804932.3813,2341418770243.9917,2499440288083.4805,5277082233515.961,27875966341718.0,1671242251855.1646,1168430400957.373,1671242251855.1646
0.625,2224353904729.7373,1738320708384.2036,1748668537494.177,3884157316877.9146,16713577179268.0,1210441476633.926,1176726489357.1504,1210441476633.926
0.75,2068346191907.8801,1588572661721.7446,1509529929181.0222,3163679827353.078,8470719489968.0,1159194269629.3594,1159194269629.3594,715990289789.1036
0.875,2199063439547.701,1557959216067.082,1483049228198.7322,2589347467814.0166,4021985868600.0,1201545986216.5742,1201545986216.5742,439396167612.03156
1,2127407509290.7148,1511945725141.091,1469215636515.6206,2364882713182.2026,3051976876221.0,1175419034479.1445,1175419034479.1445,331040195494.8746
0,8744541978995.855,10015423856786.545,10594265650117.912,13480333517813.822,203704534241288.0,8523796624787.948,1165039375836.039,8523796624787.948
0.125,5138537005275.964,5686412668767.456,5980084446325.232,10364651929911.629,135342658908663.0,4760040867761.592,1179164200571.246,4760040867761.592
0.25,3771369066960.632,4198921406822.728,4428396203456.983,8811579083442.473,68085486091991.0,2467571845373.906,1204493245711.787,2467571845373.906
0.375,3281650771618.362,3601789583605.502,3781884745661.0615,7408778135894.084,43277651911565.0,2401660717736.8076,1140931137295.3555,2401660717736.8076
0.5,2555528222426.674,2663967875843.5493,2749185458379.721,5878532434617.895,30496683767411.0,1906229026769.3909,1188591700678.5586,1906229026769.3909
0.625,2179146108109.0854,1735404443455.26,1755393910095.1614,4103717834163.3354,16619236633174.0,1273923896682.171,1123661070263.7832,1273923896682.171
0.75,2073813929281.0356,1549324823055.352,1502229108783.8782,3225897690196.666,8666608739278.0,1128801064583.9883,1128801064583.9883,779526449125.7295
0.875,2095928325198.5886,1476749622895.1506,1391027674403.0076,2639513839255.7856,4029805934311.0,1127605156933.1855,1127605156933.1855,483882994899.6047
1,2143226843681.234,1537444393660.8696,1552089040042.2798,2516423816315.5747,3155682335117.0,1161984670342.7637,1161984670342.7637,454336981968.5989
0,6851869519276.771,7760486391468.988,8203758100945.636,12475690958695.273,173528029304509.0,6558575859641.65,1102574536031.8008,6558575859641.65
0.125,5230384083203.583,5753303996288.485,6046323787135.975,11349261554557.049,130981583350429.0,4826760355402.355,1172513016977.4688,4826760355402.355
0.25,3791722680406.3433,4208943527853.395,4403076873849.374,8612260451731.63,65846027393663.0,2412545086764.9146,1146484658842.9941,2412545086764.9146
0.375,2994045722042.048,3351364459662.214,3499885730110.6064,7529631586236.905,46457785348817.0,2175432305827.5605,1199042092310.3672,2175432305827.5605
0.5,2542154116681.623,2620103764662.431,2739575685677.0425,5749980469911.143,29167849515310.0,2051169998577.9753,1136901472197.5059,2051169998577.9753
0.625,2134870303822.0923,1751632849576.235,1811277429337.6826,3828914491848.472,16564415485320.0,1317304196730.3098,1125041648560.4727,1317304196730.3098
0.75,2209292398819.972,1706624820298.4346,1733395075257.5276,3433805545585.2505,9465612676625.0,1173306436369.5254,1173306436369.5254,832456926277.8474
0.875,2054136637054.138,1522507767882.9478,1472462627696.8337,2342876397516.1763,3966996045205.0,1132642884820.6777,1132642884820.6777,409861837547.6188
1,2114948622580.7441,1492388180513.921,1466255481445.6333,2399913570043.9243,3017600080512.0,1149976986649.5586,1149976986649.5586,348621336408.1743
0,7744999264640.46,8890285815534.787,9409264435245.357,13183821654670.424,185691934273378.0,7574418116144.294,1128037933897.338,7574418116144.294
0.125,5618273413318.607,6195922579747.853,6518109379527.373,10870319285604.434,122867866136483.0,5214868275954.419,1130269752232.4512,5214868275954.419
0.25,4266776276858.7925,4806048656852.007,5104602348314.65,8282646893861.176,69328952949588.0,2846705995226.0083,1168095898280.2188,2846705995226.0083
0.375,3375757563931.226,3874757064505.0757,4135620118643.936,7500272322526.068,45684598365392.0,2306527943236.386,1179868004085.1836,2306527943236.386
0.5,2523045800950.85,2437657250882.2505,2540417758940.0737,5768874415034.148,30176491528067.0,1913228372686.7607,1166047363226.3984,1913228372686.7607
0.625,2251435944227.34,1775638159099.8557,1836766116732.5105,4425515400139.122,17433651408633.0,1292126708061.446,1163698197456.871,1292126708061.446
0.75,2139624642239.281,1583237306072.621,1527599088168.0232,3031379671608.741,8226742158773.0,1178021525430.8672,1178021525430.8672,612965938660.8335
0.875,2149876087736.5295,1579040950402.6694,1536243407601.3184,2631267084375.5737,4926130086742.0,1162619878345.0566,1162619878345.0566,440129437432.32184
1,2164519093004.7244,1522659548042.0479,1454464866168.5972,2465793555004.344,3206336263342.0,1184302692803.3809,1184302692803.3809,354213368051.52856
0,8931972083657.982,10249431532531.656,10850975792789.375,13468104866241.732,193106712860853.0,8725546184527.0205,1124137372855.752,8725546184527.0205
0.125,6498221527456.206,7337464292595.643,7758337246841.982,10423197896421.582,135217036725420.0,6259030365271.153,1128654388399.7383,6259030365271.153
0.25,4367980633883.619,4944819499656.337,5232948480003.959,7826364338996.156,64202668738578.0,2737885747448.2524,1139911143138.5293,2737885747448.2524
0.375,3372533259733.0767,3719843211054.098,3921353490325.8984,7095302681499.765,48943563299298.0,2710791275037.6265,1131944118212.1895,2710791275037.6265
0.5,2470628798344.0337,2548407139866.697,2678879426471.113,5065399453107.14,27804679826097.0,1906217146603.9478,1179413017523.1738,1906217146603.9478
0.625,2273639084066.47,1952722097618.6855,2038746426064.359,4186786883569.8125,16959474753418.0,1630749448098.3833,1173633845512.748,1630749448098.3833
0.75,2060249625878.7422,1568346164074.5857,1514800593444.5012,3035134921995.0835,8502236103754.0,1133932354531.7148,1133932354531.7148,749045676805.6626
0.875,2254371155031.974,1659896776102.989,1577511956418.6313,2873459960028.045,4678787982195.0,1200876543259.5352,1200876543259.5352,568700377270.209
1,2040192260180.957,1446605803331.1401,1370299002765.0667,2248417982975.5293,3105555958967.0,1105040693466.586,1105040693466.586,364511734277.245
0,8402091062656.828,9595118559684.572,10177440811971.184,13543890269911.719,194190048070639.0,8167479650008.906,1207683514450.2363,8167479650008.906
0.125,6341346681216.332,7057334075994.222,7430830991298.845,10906141072007.945,130189229892211.0,5961500505679.221,1176744563662.8027,5961500505679.221
0.25,3578315144511.982,3963227580193.281,4193212731117.9097,7959178160440.711,66927834260350.0,2575858695409.59,1179678051893.3613,2575858695409.59
0.375,3189161070350.2554,3500269109160.4946,3692512747188.6333,6991448884971.64,45058419257089.0,2297526152513.2896,1192821582584.1738,2297526152513.2896
0.5,2409685589963.19,2368177595889.929,2494826757318.884,5699784316941.064,30277397208450.0,1776302698060.332,1174550899562.6094,1776302698060.332
0.625,2256916278107.3413,1734108622922.548,1760971794454.2117,4069828186295.5933,15059271276840.0,1181674903740.8347,1180763535844.5312,1181674903740.8347
0.75,2028910531081.786,1474596486213.6853,1512194433884.3264,2929544060800.7466,9031013301153.0,1116864915845.8633,1116864915845.8633,693231417676.7557
0.875,2107238618302.1062,1588441705978.8179,1552743772254.4675,2418094070487.2485,4990945865044.0,1144726025131.2559,1144726025131.2559,516214573001.36725
1,2164734788322.8982,1527659446213.7368,1447801141898.4084,2477436845316.7485,3138758708881.0,1176370151307.5273,1176370151307.5273,380145779132.60895
0,8933865074182.88,10266310923084.502,10916552779977.52,14781718267611.807,189856697331084.0,8781649305983.389,1121292953252.3086,8781649305983.389
0.125,6309359150741.682,7148020770301.828,7565214075612.378,11586781595616.898,134391099272357.0,6058416114311.793,1147721783704.9746,6058416114311.793
0.25,3532999340564.8643,3920133375010.1875,4162177877474.6543,8203068369867.934,62325541701534.0,2164685112455.5056,1160863492984.545,2164685112455.5056
0.375,2702426786528.336,2972833586342.4653,3141431793265.791,6547800681874.871,41534645625535.0,2180248955532.1196,1074544759443.1191,2180248955532.1196
0.5,2460830719789.457,2452163826288.001,2583781256915.6367,5265726262254.773,29439756520600.0,1744815312451.162,1144613219357.9277,1744815312451.162
0.625,2236737785571.759,1816805063186.0352,1834602170527.511,3964016646919.6255,18727654650437.0,1182888222957.1914,1161929206758.8242,1182888222957.1914
0.75,2155828021145.515,1600620401750.707,1624769535699.063,3110495824356.7734,7814095644589.0,1188122552713.5742,1188122552713.5742,757548661355.387
0.875,2004372268426.5059,1423526055404.6409,1387037855883.0,2478058831303.973,3740740997614.0,1099860524418.7559,1099860524418.7559,422157298341.20776
1,2037747371642.618,1431578729470.1233,1358863112651.2014,2214303717612.6504,3060408821865.0,1104788546000.1426,1104788546000.1426,353472734093.443
0,9552620466182.951,10968600638089.361,11562087732254.906,14904171402648.805,208551961852492.0,9338740880682.049,1187493780883.08,9338740880682.049
0.125,5953238235564.006,6702061622130.009,7089912478165.068,10618042065781.38,132628930955850.0,5641857721786.792,1144765005642.2168,5641857721786.792
0.25,4103747720454.854,4501404384381.812,4778275711967.677,8261577205780.228,66758563004417.0,2430517359771.7617,1175146871899.7246,2430517359771.7617
0.375,3007895047833.787,3287183350127.172,3472783753719.898,6805344525113.012,47727929694060.0,2247750718226.461,1153850852970.709,2247750718226.461
0.5,2755809324275.051,2868458004852.0884,3037745219575.2866,5947725618540.184,28365463103270.0,2149640938949.4778,1164532832301.1387,2149640938949.4778
0.625,2110388652054.8975,1634462470019.2317,1644954883556.5115,3796404222098.2393,15657016422015.0,1143900919975.6104,1094418837659.0586,1143900919975.6104
0.75,2094896079869.2568,1571154459115.8762,1528580003575.2297,3180411522860.8667,7903567586863.0,1145760711457.5684,1145760711457.5684,843435100275.3862
0.875,2171280823704.4875,1531696796783.8728,1472214869612.1934,2457755633657.676,3817374518413.0,1185525144296.957,1185525144296.957,507833243962.3631
1,2218143366553.4854,1535138889028.8303,1485349342840.085,2606613630744.7637,3039572413480.0,1187779107354.9746,1187779107354.9746,407326978528.0746
0,10544178613877.744,12101878905498.148,12754598239323.648,14999029150017.107,205023419306082.0,10323100292934.734,1188346914131.8887,10323100292934.734
0.125,5403671539943.656,5938630825842.866,6250643952385.068,10482966731467.475,125083190114575.0,5009281465236.83,1158108525258.1895,5009281465236.83
0.25,4236981408963.971,4808006539255.435,5014881649183.524,8182654806237.206,71723676495783.0,3083487582677.5747,1186536129061.6406,3083487582677.5747
0.375,3348566918745.6865,3801912839317.064,3957978657983.0654,7105585801560.183,43373061069580.0,2848048342883.119,1131713884070.793,2848048342883.119
0.5,2597291443626.628,2602337482765.397,2663073233846.911,5118006317959.842,28078126021541.0,1864529407883.8918,1135518397614.2969,1864529407883.8918
0.625,2304529986015.6,1808328489440.534,1802160939648.9338,4138029665823.849,15939599162466.0,1218753993352.3457,1169514923107.6797,1218753993352.3457
0.75,2073079816690.5247,1499348986433.306,1474785981692.232,2810957976030.4805,6902177156050.0,1106015671851.414,1106015671851.414,674069915735.5483
0.875,2082704623136.9634,1481760365836.3647,1438440501887.983,2633530588837.35,3791151545624.0,1148819529870.5332,1148819529870.5332,467127221015.5038
1,2152585116157.6724,1533775496393.9968,1435531993597.432,2483139050041.5215,3193358557026.0,1148344311810.4785,1148344311810.4785,402927302204.9986
0,8420437140447.953,9683880126293.574,10236296222467.807,14256309403292.988,189659325144173.0,8238161974338.802,1098470606357.5371,8238161974338.802
0.125,5888701147342.485,6612375266277.675,6966092437127.451,10754438078021.105,132735077927908.0,5577616578208.455,1162671415924.461,5577616578208.455
0.25,3969513004794.459,4459934065276.114,4663676507821.731,8689096137612.449,62446648179659.0,2978937602344.409,1125920538370.3242,2978937602344.409
0.375,3777475327171.3223,4270263899261.858,4521121647648.996,7198557671127.618,48218793494025.0,3045001598552.3813,1170852397225.3477,3045001598552.3813
0.5,2554208641310.534,2559085637307.558,2652597070670.7515,5882046096314.176,28397449619076.0,1944679865028.9915,1180235491770.7246,1944679865028.9915
0.625,2175848209999.9417,1693488247659.833,1704672020831.7498,4177415990472.87,15904425110921.0,1203780307502.259,1144932303411.3086,1203780307502.259
0.75,2082293173847.3054,1525165654773.555,1495772058493.1228,3250685897070.595,8888183526401.0,1142804449632.0625,1142804449632.0625,837713916163.4692
0.875,2013719199890.6714,1430626952346.4802,1413476413483.0645,2426470003467.539,3806116354541.0,1109333208252.9805,1109333208252.9805,551354413757.3966
1,2048232677113.8115,1444667067511.9998,1361342964266.3289,2358909603594.083,3338454902458.0,1105415691094.9727,1105415691094.9727,398921117367.10034
0,8510103886512.099,9777346414005.25,10321451797711.701,13661754817994.53,210448072505705.0,8270811918576.606,1184351053308.9883,8270811918576.606
0.125,7196873091226.158,8113329684662.131,8575492923003.253,11512917068445.469,138713828099776.0,6905609179341.08,1163153880586.6094,6905609179341.08
0.25,3920554039177.6704,4337158007242.6294,4581004412486.446,8260640234491.978,62964959996354.0,2083678079188.453,1162280323295.0762,2083678079188.453
0.375,3304594375868.535,3725499908813.5054,3922789465580.538,7423478066976.227,44688004453959.0,2351213466530.047,1180894397941.1504,2351213466530.047
0.5,2255100367357.0005,2167321282964.9163,2250135673782.045,4954447747828.503,26989608482685.0,1687070517133.8953,1102213366646.5176,1687070517133.8953
0.625,2213510672092.833,1694936840156.7554,1684258129711.5767,4212023388441.9097,16925059295463.0,1160802044499.0762,1160802044499.0762,1124571416540.0469
0.75,2127797534193.2754,1647229588696.7324,1586521225474.6418,3011422848299.38,7809121577862.0,1175033131613.1387,1175033131613.1387,686657730052.1226
0.875,2097939512391.2483,1477907602400.0835,1423280976019.206,2470060648263.732,3759342842361.0,1139526848049.8086,1139526848049.8086,483415843835.22296
1,2108591827955.9785,1498956218146.9714,1419383634488.1357,2284292145567.3623,3126081632406.0,1145720319511.2832,1145720319511.2832,385189551396.06323
0,7728376962232.094,8854670411675.816,9302711999398.271,12813149164992.596,183562000312455.0,7487327115477.035,1139551516705.7305,7487327115477.035
0.125,6078999738409.541,6804018757472.789,7200804832063.947,10516509434699.111,128307017967782.0,5766795355327.679,1169265662034.209,5766795355327.679
0.25,3794892296862.3,4231541851041.9644,4447241684088.968,7861154444179.758,60422084452850.0,2343160865766.911,1123846316951.9648,2343160865766.911
0.375,2924553210129.4937,3219788900267.8486,3357792933917.516,6650833780717.754,45517643090157.0,2162877285808.0356,1140982763940.9043,2162877285808.0356
0.5,2294199623042.781,2286667762668.534,2433227141660.9683,4815643888173.896,27810704084497.0,1740581618863.24,1161122025630.1172,1740581618863.24
0.625,2158965399554.9128,1709127524252.9353,1721175390916.0298,3891992183294.865,16230465619723.0,1135471641852.7168,1135471641852.7168,1067859106879.5492
0.75,2055505379237.7354,1516048011010.164,1485307667957.28,2925538088751.3784,8835568303591.0,1139830746763.8633,1139830746763.8633,752251996147.763
0.875,2121969340191.1917,1560025478520.7341,1504683324856.5088,2715817720510.672,4838816178738.0,1158364287733.2441,1158364287733.2441,458546416483.07556
1,2076968598829.1335,1499184590871.1008,1416057955284.8167,2418551400894.026,3072184835307.0,1153411069887.0703,1153411069887.0703,317409193651.48816
0,8152929093698.666,9373805033904.777,9876138920655.855,12954255718308.646,206134358645364.0,7946478879361.532,1146391064434.164,7946478879361.532
0.125,5172526053343.133,5734787598185.248,6035486429345.587,10816013902886.635,129058721282330.0,4800205732819.485,1132368913872.211,4800205732819.485
0.25,3848345928994.677,4305349964076.3706,4551337828636.09,8405395759782.591,62440005293631.0,2575251429556.918,1193772976912.2148,2575251429556.918
0.375,2900320788839.167,3264993347792.0713,3407858803132.7324,6793243228003.732,41582653065310.0,2185530152863.7812,1098336533895.623,2185530152863.7812
0.5,2505186928663.648,2658080365503.1196,2747383820872.487,5714342636634.511,30065075550934.0,1952555580807.6853,1144034405380.461,1952555580807.6853
0.625,2307401707790.672,1884358640758.2656,1929037779979.4907,4853500483051.398,16849018122564.0,1393547349648.2358,1185843023713.6738,1393547349648.2358
0.75,2115451797930.8635,1584497873711.2231,1517873497647.5684,3340767965908.1577,8894611048958.0,1153950564969.5176,1153950564969.5176,705546547152.0703
0.875,2101342773202.1182,1561620732881.816,1537308937369.5122,2453560432572.027,4995843331643.0,1153542266913.666,1153542266913.666,500482498062.10815
1,2062387502452.4978,1481215172005.109,1419237061072.7998,2343649580753.083,3063864505066.0,1130467182865.5898,1130467182865.5898,413816729980.8709
0,7759384264477.778,8851343079524.67,9394195363637.01,13419950346380.191,191260863584855.0,7520876010604.472,1131868531325.871,7520876010604.472
0.125,5749675070066.801,6403363297139.018,6708803502628.582,12268862546415.941,129823930064112.0,5361067763869.286,1154179483344.4746,5361067763869.286
0.25,4248207282190.8354,4709497749644.904,4931320839674.991,8646391830479.557,64568767163912.0,2724757965897.1235,1184674554789.2617,2724757965897.1235
0.375,3084175269961.0806,3267473096775.4185,3431630111866.9365,6418598055709.301,45788962782193.0,2408230413016.581,1182198257172.7676,2408230413016.581
0.5,2540258480835.0547,2589099502217.837,2714127527559.9375,5300762153120.806,29608936345816.0,1970912248602.7632,1137983697506.8965,1970912248602.7632
0.625,2107755054832.9856,1685518887464.5552,1705381312698.8628,3996261783204.688,15309095865439.0,1264046894320.6748,1105493000051.8613,1264046894320.6748
0.75,2239026707029.93,1692887028606.5518,1680289772346.8315,3366831847010.2007,9254724042879.0,1166126921658.246,1166126921658.246,819479334198.9338
0.875,2076833599784.885,1524107452023.4895,1479634571147.0483,2677539861533.384,5012794535349.0,1157290331566.8965,1157290331566.8965,493249655555.02136
1,2163208548293.4043,1500886916298.105,1425056228736.044,2455664702776.619,2895091106370.0,1155785471517.8477,1155785471517.8477,409718547950.6117
0,8611464083667.7705,9879718905775.098,10462225096664.88,12869686008620.822,199183088461520.0,8396728569638.895,1165289944256.6406,8396728569638.895
0.125,5893053527519.755,6542169675470.173,6903094214373.851,10676089326917.744,137250930916172.0,5535441686990.662,1159723637282.4062,5535441686990.662
0.25,4211500574548.954,4708038722874.557,4955529213484.47,8394993610321.441,62978550103524.0,2690614206743.759,1150881639512.162,2690614206743.759
0.375,3482760784784.653,3963440003004.7144,4131958159623.991,6788989524765.05,46937031905911.0,2793334248028.1724,1150137650859.537,2793334248028.1724
0.5,2398709610703.2593,2515752727331.642,2610865279067.424,5315553398608.393,27411598132487.0,1781873641701.5764,1076521584383.8516,1781873641701.5764
0.625,2158015201720.7156,1791570719297.1777,1811280877420.5376,4047916859534.4126,14643845351959.0,1289127561686.4253,1120853034054.3145,1289127561686.4253
0.75,2192280685683.753,1636821371467.7737,1593444281106.5474,3108779414515.173,7993094649436.0,1155052208106.5527,1155052208106.5527,736978804056.7361
0.875,2058828240637.0002,1484423869675.301,1424860708001.8584,2524699883142.007,4168508481480.0,1143722910548.332,1143722910548.332,421107070513.4434
1,2107336490026.8132,1523372634660.4448,1417470772146.7957,2505046721832.8457,3016821098348.0,1142267310181.0059,1142267310181.0059,378532056569.43207
0,7943063836052.465,9086757373937.936,9630160778893.234,12929380076116.635,192049989511611.0,7703592595436.959,1176755442634.086,7703592595436.959
0.125,5234756966314.926,5799439446960.227,6115061316314.009,10579981991536.473,136199163732058.0,4828486488402.478,1169718661526.963,4828486488402.478
0.25,4044217822363.071,4507895197713.705,4783119377176.1455,8420496138174.717,67119998513845.0,2797639976351.6484,1135714787694.8809,2797639976351.6484
0.375,3098857494733.9985,3439093578883.2383,3621522958409.0254,6352750981881.141,44076132276793.0,2253190688471.902,1144652325189.9082,2253190688471.902
0.5,2342691803282.064,2479144845587.7603,2571796975154.87,4920078313011.731,28428813172576.0,1818562565387.529,1112845080832.2988,1818562565387.529
0.625,2061717973542.6897,1688404847280.1987,1720384196743.8896,3781606937220.3105,14986921642236.0,1190262754199.9482,1126350760614.1973,1190262754199.9482
0.75,2226511395612.5996,1654995382222.3667,1629648800632.1992,3152355252143.32,7513292028597.0,1211460246796.7578,1211460246796.7578,661790346931.759
0.875,2068337129442.3728,1468640042344.5176,1505314169140.5437,2424968402209.5654,4193841316069.0,1143975949091.83,1143975949091.83,491030295070.2395
1,2103629057496.841,1485290371413.3145,1494460243646.9324,2345105176458.674,3130074053337.0,1140747563465.541,1140747563465.541,436873402829.9392
0,9116309246189.863,10466066364351.904,11032794077951.113,14910748748707.46,207882242301135.0,8877886931975.863,1157898200159.498,8877886931975.863
0.125,6253808959548.585,7082852147196.362,7482268101661.029,11496969187270.22,138680891657650.0,5991282451403.98,1172943007417.6523,5991282451403.98
0.25,3665560240986.577,4058028373106.547,4304934613130.797,8336472008928.079,64157119188723.0,1870663599873.2354,1131109040060.5195,1870663599873.2354
0.375,3065999695775.68,3426897269420.51,3622191474672.014,6558976648450.343,43679778596951.0,2461406500671.4224,1060959320794.3145,2461406500671.4224
0.5,2294938671081.4683,2376965173562.579,2497425320629.1973,5407561574882.811,29701125535541.0,1829744081828.7646,1138141596169.6309,1829744081828.7646
0.625,2230297546524.999,1975597464620.2415,2031328134013.417,4170506600853.8022,16695693367053.0,1426582946176.1785,1183780885355.4688,1426582946176.1785
0.75,2089518060800.1174,1498236287776.4158,1434013639929.9927,3116808903173.8066,7765487616145.0,1151917283340.209,1151917283340.209,776138173974.5919
0.875,2082500289618.5964,1558981324775.8494,1479247330332.826,2408215100305.923,4110602276599.0,1137907972748.3242,1137907972748.3242,472194937133.9514
1,2011755632058.883,1430601539692.735,1444749573830.7893,2253303023614.8364,3018390697587.0,1094934673286.2383,1094934673286.2383,399400774953.76263
0,7520976260829.291,8548318357389.443,9083375129459.594,12043193234870.23,194706250832507.0,7259071766608.239,1098421040490.3984,7259071766608.239
0.125,5962364855854.44,6716013087299.753,7089777213937.355,10631723802076.395,132672367803048.0,5688484774994.503,1125254384165.707,5688484774994.503
0.25,3922311511049.4985,4371150104342.549,4617437260440.88,8384036825211.808,62007611731782.0,2421639547220.8584,1165703946154.7793,2421639547220.8584
0.375,3553699853671.6553,3976332478209.306,4236892310715.7783,7599518476893.224,52486472949002.0,2999930334024.75,1201961274698.5156,2999930334024.75
0.5,2551743924156.3276,2527790464065.4985,2644218173977.263,5592436718914.834,28684333373289.0,1925874332041.4893,1117729446359.666,1925874332041.4893
0.625,2211416254421.929,1746050762635.8132,1740532394767.8418,4330076540495.756,16528458578127.0,1302908023276.7354,1156488811866.748,1302908023276.7354
0.75,2081125343760.7705,1490567158495.954,1432246345662.5752,2711350760584.7305,7999520510043.0,1138793466052.9277,1138793466052.9277,687316000288.6256
0.875,2083998100695.1494,1498710180275.6248,1451335969346.5083,2669169224804.181,4965404435909.0,1155987174180.6602,1155987174180.6602,461112833908.66833
1,2062688965501.1594,1442426497303.2612,1437750219769.5723,2224712886463.9414,2968292450963.0,1105538511761.7246,1105538511761.7246,340157673840.4578
0,8256149319428.873,9420369349542.484,9925798553504.691,12620456133415.648,181379817861363.0,8002446809178.419,1155894645565.168,8002446809178.419
0.125,6231448637349.76,7009034232497.512,7353449106853.312,11295885578660.701,130478435010945.0,5936489618683.035,1143740822380.6348,5936489618683.035
0.25,3838346891944.8516,4320591600981.4233,4542567949633.825,7633716715577.831,64401318413484.0,2570312388198.1064,1111946654599.92,2570312388198.1064
0.375,3052815851370.526,3462705262275.9214,3610736442191.634,7333034941588.39,42857311803607.0,2535491119829.7207,1146395424984.8945,2535491119829.7207
0.5,2584209254873.7266,2628004339027.176,2771018392154.077,5303622659844.921,29682058054717.0,2102852611424.4204,1197869601513.082,2102852611424.4204
0.625,2206117501158.562,1888958130137.0781,1945981468785.6245,4284050513645.315,18148060520181.0,1287879581004.1729,1140250144143.6758,1287879581004.1729
0.75,2132506798847.0923,1624937347275.7402,1558165232756.8198,3313320647432.6675,9531979796732.0,1156952090443.4805,1156952090443.4805,777343580983.495
0.875,2172513713509.5786,1548889091602.4536,1512840622847.0762,2636061108989.102,3689064149883.0,1197962502433.998,1197962502433.998,481543893774.9724
1,2106338037826.1394,1491685507679.7114,1440831143012.398,2259228087485.5093,3035995193188.0,1143482381646.6758,1143482381646.6758,383580253122.72003
0,9976414265497.053,11517513546729.527,12163161364099.475,14886058047986.15,207988352706524.0,9825625585681.08,1214040359828.1387,9825625585681.08
0.125,6548019457476.069,7433672661048.018,7847089247338.322,11610011354164.793,133158412404649.0,6307710929020.703,1145355436662.4512,6307710929020.703
0.25,4014315996009.1494,4438163832125.035,4660748266301.152,7928252371551.879,61263738304132.0,2630278898572.73,1189725346303.7207,2630278898572.73
0.375,2859270754779.862,3130780425835.7817,3260046146015.3335,6614919804933.059,46771746010200.0,2341696857036.27,1127031531919.1895,2341696857036.27
0.5,2586345603734.166,2671305806231.3594,2795361455189.871,5173680310468.702,29950612004449.0,1969097186719.15,1169407406619.9785,1969097186719.15
0.625,2163857851668.169,1651118527241.3884,1684137630155.2378,3860702678778.958,15863814101751.0,1251743013445.9355,1181491721954.6367,1251743013445.9355
0.75,2033282628379.2373,1503593826854.346,1482687607332.2976,3036477455402.4746,8624116576620.0,1121394537752.3516,1121394537752.3516,755237048842.3218
0.875,2050684297964.6514,1460281689433.5342,1396325943600.7058,2592975863199.7944,3759315273046.0,1128956594402.1055,1128956594402.1055,418605405306.3288
1,2060723979192.3176,1456552022031.3528,1411143908199.8936,2310024974658.747,2963496701424.0,1123139785874.1914,1123139785874.1914,378269822978.36316
0,7606663632544.053,8639009425622.921,9129516974645.836,14017138178282.4,189279011716218.0,7289145366080.581,1169705710376.4336,7289145366080.581
0.125,5697755926886.934,6340403632152.26,6667777420977.418,10416845208663.887,130907849029951.0,5328615463405.008,1178741451235.8145,5328615463405.008
0.25,3970949441527.705,4431775493534.955,4670794506257.191,8499200639643.45,67829274144203.0,2352683021491.925,1203318996978.8047,2352683021491.925
0.375,3350212302837.017,3693155929251.732,3902517612851.803,6714454847741.175,44112822764052.0,2344091330900.806,1115399700106.6328,2344091330900.806
0.5,2526476261782.4277,2563662541467.8887,2713047717795.957,5080887620880.321,29446642873127.0,1863135812156.3438,1169260897049.6328,1863135812156.3438
0.625,2030078766585.941,1568991164870.4038,1606635057457.0593,3851065718924.2705,16363186482050.0,1138112736473.5134,1100914785138.2363,1138112736473.5134
0.75,2118525271266.977,1530153145684.9343,1476983488492.8167,3172586854011.0728,8909435627536.0,1169292881630.4102,1169292881630.4102,733870219675.4214
0.875,2035170665339.176,1470353266624.2478,1435453023847.4944,2390553620706.7085,4714163663613.0,1131432290168.916,1131432290168.916,463607393246.6333
1,2031216475728.775,1454957467285.6064,1383703383809.943,2252018047227.5703,3080721895883.0,1117138318284.0195,1117138318284.0195,321520869268.8889
0,8648313464759.834,9961580137739.766,10478569610530.729,13571376324792.9,206183508148475.0,8444568006826.474,1123368319176.7656,8444568006826.474
0.125,6659174205806.349,7532694643079.59,7928274665265.497,11310695105767.666,141304202502006.0,6363075325998.56,1188331775913.1582,6363075325998.56
0.25,3766321320766.5405,4201818933709.4653,4417781930908.041,8572592752034.345,66387723047380.0,2404020154190.7085,1176567887156.5664,2404020154190.7085
0.375,3231686722985.7964,3570576293957.4033,3732340934750.0874,6782499583474.803,45010652585541.0,2694980404045.159,1132142061385.9375,2694980404045.159
0.5,2288607449624.306,2235875487637.586,2338167247306.547,4713774074153.252,29181111717134.0,1636912521617.8357,1096391496390.3262,1636912521617.8357
0.625,2149356996957.6206,1605059971344.1545,1616125893926.361,3857418500671.4795,16025359097922.0,1150624895246.4766,1150624895246.4766,955045299767.1117
0.75,2119031012662.2463,1559226396870.1167,1522181183425.2178,2948261313211.2876,8410655970128.0,1170454914761.6035,1170454914761.6035,688811057290.488
0.875,1944405720666.912,1405268879649.8965,1370469928250.9517,2532781228354.096,4003773808654.0,1093959492106.332,1093959492106.332,464525252949.9348
1,2038358524852.733,1460513569064.5679,1416997852065.104,2299862979540.8887,3048084125087.0,1127690308519.4102,1127690308519.4102,410113285478.0828
0,7941272289484.275,9072760209204.354,9603040336324.574,12815728925039.775,200520968153090.0,7692974219541.114,1143153116932.1484,7692974219541.114
0.125,6314106708825.598,7156352916625.916,7500091004102.7705,11552795051955.066,132355676357563.0,6045990026600.486,1159153358111.2832,6045990026600.486
0.25,3702072329862.905,4124208239984.542,4357638540954.7627,7553168846077.327,64677787407293.0,2716384075632.347,1125539085998.748,2716384075632.347
0.375,3503641408703.125,3969350323849.8354,4145584135047.614,7198535892508.049,42047611357387.0,2733206692140.887,1122522901543.0352,2733206692140.887
0.5,2338419255187.502,2329139028727.7925,2412802266273.156,5168577859226.636,30080039124699.0,1875851379165.845,1147739620388.0781,1875851379165.845
0.625,2134027468695.5989,1736309270353.776,1767247240042.3418,3812047111998.747,15543381967432.0,1160996419866.3694,1141925355586.0098,1160996419866.3694
0.75,2106188712941.8718,1589267363465.8647,1546431128315.5737,2950641286975.314,7881280206772.0,1157256416846.213,1157256416846.213,736818886607.3347
0.875,2079206350217.313,1497265032350.7593,1445481464739.5662,2521299708930.646,3841224860238.0,1137706147159.6758,1137706147159.6758,606829758405.0322
1,2205512463945.1294,1543892281569.2761,1469625368598.9727,2481166144944.474,3013465213836.0,1190956948734.3438,1190956948734.3438,381629989153.49164
0,9056709645482.666,10347430809139.543,10958684730455.299,15352346405817.02,208692119959964.0,8772783149346.401,1181511598819.3105,8772783149346.401
0.125,5505980589386.666,6154360760328.916,6455791361926.148,10861543025529.637,127590912575860.0,5173146176514.486,1092456578839.9473,5173146176514.486
0.25,4141640476838.763,4630889022439.362,4868985491697.216,8576502023361.334,60571881167153.0,3301677753399.2183,1152316713984.7344,3301677753399.2183
0.375,3492334142191.236,3925755656797.9756,4184172774853.063,7283767762149.614,43803406296825.0,2466787600122.705,1175409068434.7227,2466787600122.705
0.5,2407419365032.7173,2480079501068.916,2599414208808.8,5756988899276.506,29997433272509.0,1712840256437.8096,1144251227822.496,1712840256437.8096
0.625,2264336213194.6436,1821757650179.6,1877180576246.7122,4315617822737.196,17456987088147.0,1186905865271.701,1173233203002.582,1186905865271.701
0.75,2179956653540.6443,1611844658212.5386,1580275542448.811,3321992152952.7954,9988138655468.0,1199498376955.332,1199498376955.332,771501984466.2079
0.875,2170270519798.915,1560502984799.9739,1608520961806.7715,2840225088318.2285,4769260382351.0,1216542110115.455,1216542110115.455,582669950051.2883
1,2092956785875.0042,1474700389117.4094,1410759866186.4329,2316591262320.9966,3110957671772.0,1131710170453.7773,1131710170453.7773,354659782585.8513
0,8163985820485.016,9333062834324.77,9896924765173.098,13187965251141.37,184158429899895.0,7956122323064.8,1169414794551.1016,7956122323064.8
0.125,6292197700410.8955,7098054387990.756,7465839220815.03,10512735293188.469,141268338559452.0,6004848011693.887,1190171953139.3691,6004848011693.887
0.25,3907717998430.1846,4361093651903.6504,4606214065988.152,8504372885633.925,64623326218488.0,2261813455845.101,1110804454715.5898,2261813455845.101
0.375,3039930929823.736,3363448051237.1074,3514291878697.292,6496090376295.351,43549590750781.0,2235271361612.217,1167739830990.4004,2235271361612.217
0.5,2573399919249.6265,2877468795400.7017,2996012348156.768,5281246082238.508,27897936720085.0,2091099882590.7002,1082584423348.0742,2091099882590.7002
0.625,2313258690327.7354,1914281789220.2551,1919432399552.3813,3948290000474.046,17827064918024.0,1363560420351.9602,1154929169607.9062,1363560420351.9602
0.75,2137879245456.598,1588915524516.724,1547103326911.8025,3206137409787.31,8841044566653.0,1140755825806.2285,1140755825806.2285,836874127076.5507
0.875,2094356494744.6235,1538265516129.3381,1428851483689.2473,2618145113408.7905,5028845757910.0,1145126466917.5605,1145126466917.5605,501924472559.84283
1,2075664199484.567,1513362942663.1938,1542471864678.0122,2398049491379.9077,3029441387001.0,1127348171052.1602,1127348171052.1602,414781763676.88513
0,8430781428624.84,9685813042794.852,10243612913100.06,12881368999552.094,205484800382580.0,8220266001407.723,1122786062305.6504,8220266001407.723
0.125,5000070557860.151,5455625056635.479,5734743425277.682,10234770099942.934,119688586690630.0,4571425155264.111,1097937768169.6445,4571425155264.111
0.25,4375036069278.3027,4943678393275.16,5179681717795.5625,9054931697037.537,67365195904259.0,2838915978339.5684,1172530182301.539,2838915978339.5684
0.375,3330308021913.2915,3671656272009.509,3832742903522.0923,7093937690394.211,43131371148016.0,2601178574638.969,1154696712656.3145,2601178574638.969
0.5,2296047609639.4688,2394145281275.871,2523866591873.3647,5179010925796.809,26677126570917.0,1743659113587.698,1137998653683.2852,1743659113587.698
0.625,2288723023766.986,1751698459139.2766,1748643819948.7615,3998723426403.544,15299359418108.0,1216413660100.6406,1168565574765.5195,1216413660100.6406
0.75,2139285274906.5837,1544404301111.8596,1522767849952.0815,3193361029081.818,8989565246924.0,1179474609930.6113,1179474609930.6113,704705362178.5913
0.875,2146610364890.8354,1506636265223.9285,1449385535937.7373,2502620529530.653,3825922086425.0,1163369476889.6367,1163369476889.6367,474531366831.3873
1,2048145894480.2598,1471596591967.8362,1405164485147.4812,2288275338381.193,3296315012709.0,1131623936708.6348,1131623936708.6348,367608733456.6164
0,7491651856804.804,8547781737107.398,9024182261070.246,12136619591575.215,182343924637256.0,7268231089547.184,1136724185999.4062,7268231089547.184
0.125,5753239374132.683,6431143060972.317,6830217805900.151,10835893352378.215,125273706283398.0,5467980809445.229,1144654023792.9297,5467980809445.229
0.25,3793140588691.148,4096440720366.9287,4362373158189.1387,7775136045787.0205,66517826521824.0,2338886110934.39,1216273383468.1523,2338886110934.39
0.375,3133919582282.099,3478502615175.5063,3641383216077.477,6662592289549.582,42067930141238.0,2408934305263.8457,1159025062011.42,2408934305263.8457
0.5,2616861101437.8687,2800479279736.451,2947009193151.3257,5572984997454.743,29567037152416.0,2016285466549.798,1140864667289.7402,2016285466549.798
0.625,2177747274038.5464,1829960689997.0627,1821282958199.7131,4206621075032.0024,17011956374463.0,1450501530166.015,1140983913893.752,1450501530166.015
0.75,2121771021371.0671,1551680131197.1287,1552086084036.2205,3117989526731.015,8247181667565.0,1161917918310.8965,1161917918310.8965,838916491579.1394
0.875,2218903906112.2446,1561131404220.815,1619746870414.362,2572786378986.083,4010362951007.0,1205282258172.295,1205282258172.295,573770241837.6124
1,2005204422310.8848,1396642392438.0403,1346102703760.5566,2266261429538.975,3070479514527.0,1081225006037.9531,1081225006037.9531,419680526212.6887
0,10342398735747.777,11890945457398.406,12569869404126.816,15365200998995.043,205871018878954.0,10142243799654.713,1181952254728.0645,10142243799654.713
0.125,5948445034822.342,6721380070210.322,7096201620677.5625,11630754629403.305,131690581349633.0,5680942440589.625,1161459187540.7559,5680942440589.625
0.25,3903932413738.564,4417090035375.584,4635373190728.667,8815311035247.047,64933057113814.0,2848581268244.1206,1124795739921.3496,2848581268244.1206
0.375,3123564113108.98,3418436640378.128,3613887806062.414,6784581368937.519,47853690256686.0,2492109332104.996,1167687356632.0566,2492109332104.996
0.5,2471058942840.9873,2572599353857.3945,2679498575993.722,5378799946887.056,30942745640050.0,1821759726818.1511,1171308613340.0957,1821759726818.1511
0.625,2145825672972.2024,1643490762123.5896,1671085843860.8296,4123651918362.0137,14943554336948.0,1218026806276.0034,1118949650297.8672,1218026806276.0034
0.75,2021577119794.7197,1562260690530.6729,1558198158541.463,2977372289910.7373,8181344605319.0,1098727916805.0469,1098727916805.0469,677692795224.6667
0.875,2185789581521.4612,1550886962853.2205,1523967968036.455,2619049629204.566,3941329149321.0,1194854281249.7598,1194854281249.7598,541299359343.81384
1,2164577744845.0376,1495736000412.991,1417138791959.47,2342711573831.853,3265683530877.0,1149044422996.8574,1149044422996.8574,386903475162.4802
0,7888904481634.05,9040373486185.828,9523960185390.242,13890880166947.168,203474207182477.0,7639076494647.81,1205345870099.2637,7639076494647.81
0.125,5866888414478.364,6508778724955.615,6846420479553.834,11339835002877.12,141412741233079.0,5439449946574.498,1245547381012.3984,5439449946574.498
0.25,3855480474859.447,4266185902254.8384,4485182112340.539,8159598932428.181,64020882991109.0,2318367831125.7354,1141816150709.6758,2318367831125.7354
0.375,3220802239232.9917,3579072293899.673,3797021870745.8247,7161147645267.539,42958359520813.0,2518180586733.061,1149826734699.1094,2518180586733.061
0.5,2568576175106.763,2543321857400.9575,2669579152877.6753,5729455246343.094,28291836551697.0,1959219302922.562,1177039765709.1191,1959219302922.562
0.625,2276336272627.7666,1982175662301.2031,2051459092115.0469,4305284981112.706,16674628340264.0,1454873909748.1704,1168570173878.4336,1454873909748.1704
0.75,2071566120346.4067,1599086822594.1067,1568966356576.41,3032404267052.6924,9718274281556.0,1117002925772.705,1117002925772.705,789937636001.9434
0.875,2038875321700.5745,1460123467061.908,1437841679547.2153,2385171661742.9756,4646478210574.0,1125713257703.414,1125713257703.414,444765598682.7791
1,2132375942694.4048,1502480965503.4858,1479288345577.0974,2520368970576.3994,3063337636948.0,1156133443194.4434,1156133443194.4434,362805176147.46747
0,7422335145028.21,8438961578309.705,8912284098165.238,12530998601781.955,180419928117097.0,7170437001739.745,1160746143890.9062,7170437001739.745
0.125,5777582394293.963,6429630387525.031,6790898462889.07,11814855520670.908,124524643255827.0,5433154756728.034,1168316766980.8613,5433154756728.034
0.25,3643344468172.993,4029920309187.0513,4202930437107.861,7686716313472.79,61893093548546.0,2637510623595.9814,1149185222393.3281,2637510623595.9814
0.375,3287555680155.999,3664476255943.497,3880537140043.918,6686834767364.717,46676951351555.0,2453065146707.7764,1189005732621.2266,2453065146707.7764
0.5,2520022903310.8823,2672161039697.434,2754902194471.6904,5426754673304.736,28250401462916.0,1764585090460.8794,1164229032421.3125,1764585090460.8794
0.625,2144612664880.879,1776872156716.6555,1809072821512.4736,4068938305352.09,15825200999437.0,1297735592225.3064,1118140970774.1445,1297735592225.3064
0.75,2010774109241.725,1512160220244.0217,1463348843896.4346,2916774888305.9854,7652196401966.0,1106137025158.8281,1106137025158.8281,713599917148.6886
0.875,2082529734891.5356,1470762172755.336,1456526503080.794,2433429868120.8027,3681719457209.0,1138681829566.4297,1138681829566.4297,432263889466.8706
1,2205055264418.305,1562445342474.49,1516929452268.4502,2510197468804.6626,3012641441097.0,1205122426973.0059,1205122426973.0059,385085553055.0725
0,9846050847292.025,11288423412175.326,12007588600522.688,15259228316892.64,212475829565506.0,9624738873186.664,1193408120751.3848,9624738873186.664
0.125,5390466536151.014,5981469252557.371,6318632019921.3125,11619304506293.582,128713035584446.0,5047314483369.202,1184872343999.6309,5047314483369.202
0.25,4140876898017.9644,4692815231204.903,4995195212851.362,8655867555051.636,62031530234354.0,2963039378939.5376,1129558410011.3145,2963039378939.5376
0.375,3147310910145.5845,3531162478218.952,3777121588616.319,6548056993540.75,46818415174409.0,2350853379069.8447,1153158855042.9434,2350853379069.8447
0.5,2331033573572.631,2306875679379.515,2415198848920.137,5957078633099.618,28855843045672.0,1870213068786.0647,1153856881011.5625,1870213068786.0647
0.625,2105616983852.35,1973125004801.614,2091602625663.1152,4041185265604.3955,16329705891568.0,1509063379674.9905,1114382483754.045,1509063379674.9905
0.75,2050454912193.355,1520135346442.304,1452204464964.453,2996257362159.634,7988327394672.0,1134106505988.1445,1134106505988.1445,606900885858.0679
0.875,2067850248734.1387,1470768896616.2434,1506681885125.6248,2370305991087.904,4873680192068.0,1138186665390.2148,1138186665390.2148,549636238777.61426
1,2160434677195.4397,1509453613753.9434,1448206196324.572,2454026431498.3223,3137522503641.0,1163707516069.2168,1163707516069.2168,374452252831.20087
0,9406174409344.72,10789987646165.412,11387620908720.002,14238639942532.803,199506056712770.0,9194843575051.621,1143731706811.8867,9194843575051.621
0.125,5586198055942.106,6218168148380.458,6530435593906.119,11176650847152.182,125419987212465.0,5221738674992.83,1178415502851.6465,5221738674992.83
0.25,4307204615205.7603,4805450924665.636,5045087114473.9795,8557210300903.56,66403699072284.0,2644025022271.558,1196997268635.6973,2644025022271.558
0.375,3067412456893.038,3309999547852.6304,3508959120574.4814,6571842509887.465,41565586345537.0,2229747271734.6523,1137204142472.463,2229747271734.6523
0.5,2388954167340.6094,2401478977575.742,2554646716104.709,5473014086695.74,29317818699511.0,1770233072680.9556,1120019117037.621,1770233072680.9556
0.625,2189485021968.4678,1726293787114.0928,1709670314865.4465,4070422757041.2856,14903904080682.0,1176679227123.706,1126842306352.748,1176679227123.706
0.75,2102845952578.7998,1617223520680.0317,1611163545461.287,3113838974924.3335,7505457903607.0,1150920621075.3281,1150920621075.3281,722854790137.8801
0.875,2095284770057.4812,1558469437118.275,1469496227819.7231,2689112162440.4546,4922767937615.0,1164377926995.4883,1164377926995.4883,506982205760.533
1,2099730496334.2385,1484277433250.9363,1418755067715.8008,2320282719634.468,3244261563958.0,1135488561898.4277,1135488561898.4277,368333647165.96533
0,7882079281941.491,9010339673661.523,9475937392031.121,12081830370629.855,183862106491642.0,7642405186337.197,1095473275049.0605,7642405186337.197
0.125,6747542781286.052,7540870172900.98,7960667998174.139,11716293354267.455,145436764363150.0,6362398785436.633,1186294149110.9902,6362398785436.633
0.25,3727445656526.616,4153150888496.6562,4380910748231.469,8086508260960.221,64838273730156.0,2183297029283.1687,1126346855683.3398,2183297029283.1687
0.375,3513352526580.2563,3932132150298.612,4144953427292.9175,7066467808060.8,44589683673894.0,2649680615438.164,1184689329134.1348,2649680615438.164
0.5,2460782181177.9883,2588618230845.8345,2686385958914.6084,5501318170649.811,29437094847427.0,2066322736605.8625,1180504113255.9062,2066322736605.8625
0.625,2153751721272.9866,1654631789546.5679,1685709281035.291,3914715644698.833,19134633150401.0,1249003383987.6785,1149672669630.1836,1249003383987.6785
0.75,2272635632095.6895,1676938729481.1868,1634587651835.261,3197524829560.8496,8961584591678.0,1223585088368.207,1223585088368.207,729008355015.8151
0.875,2150600115670.981,1527846539378.3855,1457966065819.156,2470768755246.0166,4015913218382.0,1174605719428.6504,1174605719428.6504,511787340556.90125
1,2089426290863.4463,1476797142289.5437,1456777232954.395,2308617616834.1562,3204942499960.0,1131744938164.6055,1131744938164.6055,368671152987.1433
0,9404456547269.918,10827021385807.059,11442339975397.223,14161818382476.943,199266371464668.0,9208543073633.95,1176823495657.5293,9208543073633.95
0.125,5582170525093.994,6157978293811.516,6529484258786.813,10779444505403.488,133216789933989.0,5162679665514.997,1209523161128.3516,5162679665514.997
0.25,3593858783029.488,3952306417788.0,4133374894288.968,8108948297723.23,57559182574458.0,2187884506054.285,1135490075790.793,2187884506054.285
0.375,3282772102799.9746,3696012334965.719,3897836329291.429,7197269782760.063,47120805671406.0,2355186358290.0728,1163469542203.1465,2355186358290.0728
0.5,2467796894468.214,2503410439984.9263,2579745290379.142,5845633267462.507,29658649527178.0,1981050892701.494,1225526460657.6504,1981050892701.494
0.625,2141291962783.7786,1937803818777.6296,1973526736545.793,3936885669851.724,16945722727189.0,1394009571024.1511,1111813374059.1738,1394009571024.1511
0.75,2147700090678.3926,1578172579634.0156,1516157158990.3577,3140518101712.5557,8447623766233.0,1169925689099.9395,1169925689099.9395,820398457012.2584
0.875,1996061603146.6106,1446871718268.754,1397878059155.8574,2320333338291.5435,3994071428106.0,1124941671248.541,1124941671248.541,573314241610.3711
1,2125265603177.7551,1538900264966.2583,1482423127946.8042,2369583735237.18,3373095854000.0,1185620090878.912,1185620090878.912,395501801984.078
0,9525166939017.08,10899393665143.867,11521543871182.562,14875629884248.744,204540899550515.0,9295836401435.824,1189815102893.7402,9295836401435.824
0.125,5693906540268.719,6354470174194.071,6626240944234.749,10417289192985.027,118424011096733.0,5347206213497.461,1073567541392.627,5347206213497.461
0.25,3553618210034.496,3899138107294.088,4103164510735.604,7528033133545.349,59509805555385.0,2592164735211.523,1129302503707.9688,2592164735211.523
0.375,3565094996851.0967,3946325675752.299,4170462902488.1196,7273769539354.543,43908848831847.0,2702757572993.7065,1155389488501.3965,2702757572993.7065
0.5,2469115580375.7754,2710368347777.902,2838634419496.3574,5365448193400.632,29027603287123.0,1987244334996.6555,1128011989949.039,1987244334996.6555
0.625,2200990416457.7373,1665203888102.709,1625791410329.945,3940682563953.414,16687121168767.0,1168206852178.7305,1168206852178.7305,1148880747422.5732
0.75,2088688199590.7402,1496832429315.4673,1462920482970.4646,3068667069435.5713,8580309017116.0,1139127744442.1855,1139127744442.1855,731710852563.7092
0.875,2125785262369.7126,1498293132526.6328,1434218803925.6584,2536294313199.0815,4120344861320.0,1158597622422.5234,1158597622422.5234,492601429948.6554
1,2158960726494.8804,1526528812272.0518,1452936261274.8354,2387959120176.9546,3199357727526.0,1178751613730.539,1178751613730.539,312875937684.353
0,8085680609563.444,9243249887043.527,9798716706295.164,11806332206904.758,187003137083448.0,7867148648961.047,1108742254901.248,7867148648961.047
0.125,5630703646156.1455,6213651252553.124,6504423556027.101,11414345553326.848,121452619845604.0,5240611587409.797,1114567431851.6133,5240611587409.797
0.25,3450949049024.8154,3787374685327.0757,3986105234955.131,8501423075185.385,58891835789415.0,2473794972800.485,1189646885943.6191,2473794972800.485
0.375,3022094274569.585,3358711629864.6426,3576673903319.4766,6672598472176.728,47674593925807.0,2467678565893.3237,1171480196065.8906,2467678565893.3237
0.5,2494712445256.1743,2582207887892.2534,2766929804277.057,5516131400737.407,28690412160762.0,2050516439493.7607,1144518654543.3867,2050516439493.7607
0.625,2220874070529.6465,1709496237324.7559,1720629675459.545,3996295223525.396,17987676125213.0,1290272782738.499,1173810494851.1504,1290272782738.499
0.75,2058147640513.9998,1548434049483.7935,1480509432610.031,2972513961154.425,7813964971182.0,1148031150038.0,1148031150038.0,652921775725.5724
0.875,2089217203239.4778,1495919226600.8188,1436618515144.013,2447059411712.8457,3731919309817.0,1159627732265.668,1159627732265.668,533744752081.2879
1,2183911914234.4285,1556325156329.0889,1472774533661.2446,2487517615946.82,2939013993748.0,1192753846077.7578,1192753846077.7578,399345241939.73517
0,9643193085394.172,11060172120905.25,11684223831018.213,14065870603029.498,207021231906146.0,9437262875272.764,1160947022446.377,9437262875272.764
0.125,5062676024637.605,5554222302443.021,5814812798438.951,10384630087395.127,120259433695414.0,4674263162363.382,1185054787899.9277,4674263162363.382
0.25,4057948076120.31,4650000449253.409,4854937480498.307,8203872753293.053,63858411628482.0,3003234664962.704,1210862144705.6094,3003234664962.704
0.375,3304062573662.4824,3672451620975.0986,3802283584308.5664,7433507536147.308,44270085043352.0,2426765821505.135,1166367265170.4277,2426765821505.135
0.5,2732677559643.329,2956749779620.427,3028859727001.454,5914034715755.733,32261407609384.0,2111579356085.3052,1214976095764.586,2111579356085.3052
0.625,2170779103454.8564,1786449908091.1167,1804507647506.0845,4066321534925.3687,15848935310027.0,1143172212688.4902,1143172212688.4902,1100593426058.722
0.75,2177232605070.48,1605489399456.2146,1606377089013.2827,3184358178036.9756,8828678676414.0,1169239775112.9375,1169239775112.9375,866359017749.0726
0.875,2092741937320.147,1512528790358.7192,1484807876818.556,2470520907821.803,3882076582324.0,1155231806716.2148,1155231806716.2148,473389141053.3289
1,2213442617799.3984,1541299831502.2307,1493214129907.9622,2435647112756.3057,3090185855434.0,1176268245180.2227,1176268245180.2227,373165973120.43274
0,7921888716383.537,9058063863999.25,9534225597108.725,12925651099446.668,194990986082642.0,7658076105245.275,1184167966584.9512,7658076105245.275
0.125,6323388124640.538,7166160330475.906,7576030028781.386,11231168550447.365,137269955204488.0,6076187004291.223,1094373387407.3008,6076187004291.223
0.25,4426334500455.482,4970961684030.221,5219042965923.051,8690783055807.695,64257286495567.0,2904448566102.535,1173693397073.9375,2904448566102.535
0.375,3166536178936.7964,3548475307023.733,3672796215964.9053,6316320868736.562,46333688950737.0,2610425535753.583,1111432337956.0566,2610425535753.583
0.5,2600897777244.944,2767561626356.4517,2922432123808.5938,5353982710188.161,31575788522060.0,2041793877371.8286,1141181494771.4668,2041793877371.8286
0.625,2338490714582.72,1789332855793.6123,1775406596054.6992,4432568074750.94,15831568217477.0,1192230146517.0068,1187167374903.0898,1192230146517.0068
0.75,2045499113421.65,1540441900145.8894,1473761116852.6484,3158768352928.932,8596667307926.0,1122582831411.6152,1122582831411.6152,789188631033.9836
0.875,1996140993255.0498,1427939879160.3855,1412406013837.761,2231536307926.4683,3804703322273.0,1097328755359.9062,1097328755359.9062,476847348283.5304
1,2147094852624.9797,1513861202170.8508,1430283469408.0151,2399106316065.388,3052274759276.0,1164711469589.705,1164711469589.705,483402699784.86035
0,7838853662897.679,8940153131913.908,9434108013705.123,12610463755493.145,191331284242882.0,7597994186528.515,1170161246117.045,7597994186528.515
0.125,5634058646384.442,6308022298482.939,6659454210400.124,11233414941445.664,126189398614547.0,5324623215292.901,1139906464654.0742,5324623215292.901
0.25,3829017841440.93,4181986256629.3574,4442338049656.1,7976755720465.279,59486462946739.0,2415066803403.2314,1142245774827.918,2415066803403.2314
0.375,3260282073157.63,3633133570455.868,3842991824484.2397,6575799502352.172,44801811302733.0,2497580934763.8687,1127571752555.9453,2497580934763.8687
0.5,2386787653417.9053,2392514152748.405,2494698248143.802,5667706189010.439,28594672362713.0,1726454289433.3538,1171823958276.6133,1726454289433.3538
0.625,2132124633111.2273,1860292559702.6516,1915124926888.4941,4139195572019.068,16293274525148.0,1376217322484.7163,1150908472188.1309,1376217322484.7163
0.75,1992539196383.2678,1422893441513.7395,1391260097466.8306,2671559970583.6514,6871769077236.0,1090246444863.3223,1090246444863.3223,738086119039.8104
0.875,2160476507141.0725,1561520507130.7114,1520576924146.3936,2622124219881.1475,4971907833677.0,1171950182832.9512,1171950182832.9512,518010782491.62756
1,2094631840266.9753,1463724828810.8706,1401814399972.1013,2361986021600.103,3164118387376.0,1117632098367.7344,1117632098367.7344,355440128108.386
0,8984136900113.254,10278192800433.334,10879720660917.525,14148618088492.68,200152103990100.0,8800100185244.234,1144174871894.4785,8800100185244.234
0.125,6271982884587.117,7013631205248.275,7350361280307.574,11255804312848.322,136476297556003.0,5925682291538.787,1190918364669.1523,5925682291538.787
0.25,3872617438167.928,4264460742068.2036,4477860517078.708,7704081439560.319,69955888129556.0,2778548045348.134,1172281832404.7832,2778548045348.134
0.375,3248664707237.622,3573442358696.016,3755232173170.347,6508798113562.191,42666374282048.0,2436634154218.171,1139662375360.213,2436634154218.171
0.5,2470093683254.4775,2443882725648.51,2518198071156.9375,5658735139690.072,28486276611710.0,2000567629680.4268,1158605370030.164,2000567629680.4268
0.625,2172717116258.467,1681550004182.977,1697752827736.8223,3910269219132.0293,15721034881252.0,1189866751889.2378,1168924774624.0684,1189866751889.2378
0.75,2127302536421.0847,1565673180710.358,1543014076251.3818,3439816222209.795,9066235076243.0,1166568687985.9453,1166568687985.9453,629159874210.0715
0.875,1931639934707.997,1377771561948.4824,1319579397220.3616,2351766496047.94,4235860459255.0,1055898002478.6816,1055898002478.6816,447657626640.64417
1,2058170878183.976,1473176171102.7776,1400977074439.7607,2335890039824.426,3275151058419.0,1127658267743.4258,1127658267743.4258,324778195314.518
