Regular,ICPP22,TOPC24,Fair,minTime,minArea,Topt
0,5178162647617.538,2935001654887.8696,2824660454082.8857,11250542717093.182,11964667122665.0,1837770849849.8,1216170359048.668,1837770849849.8
0.125,5532544992649.159,3047650110390.698,3303794282169.63,10285932078000.746,9871730028824.0,2171048756205.7627,1118993841159.0547,2171048756205.7627
0.25,5659344240747.539,2777041860882.3623,3121297052822.685,9995187801538.836,9748183070247.0,1927696876376.754,1172375479492.1035,1927696876376.754
0.375,6349269978257.337,2943798170964.586,3392383960098.581,9513466543859.535,10308809171713.0,1916929010363.5186,1122013665606.9355,1916929010363.5186
0.5,6305231046172.191,3472383701580.0986,3814337690776.424,10923002459387.105,10191098116633.0,2363178221048.558,1189218697766.3223,2363178221048.558
0.625,6114398235350.303,3077268488137.108,3538323394583.6147,9946982577515.834,11561513466717.0,2319396347829.187,1141581713174.0723,2319396347829.187
0.75,4791994893766.468,2741118830864.2803,2920136788021.996,9595557871482.898,10952413855711.0,1954156445930.95,1087907083208.2266,1954156445930.95
0.875,6101135496338.403,2889469377666.7554,3278071388451.738,10125554841615.24,10619254139388.0,1828857117071.792,1102509712822.7715,1828857117071.792
1,5852771587462.764,3155801357776.5186,3233830030446.9,10355627614515.826,11446314815216.0,2435773803662.018,1154029875914.6855,2435773803662.018
0,5637402754018.571,2761107408624.0347,3015161787053.128,10782390305222.371,10360676973533.0,1900824748655.2349,1162224331857.8184,1900824748655.2349
0.125,5484033053769.584,2710509496743.9604,3000949031821.5854,10232212269433.393,9427997092663.0,1809890399368.6177,1164858370409.8262,1809890399368.6177
0.25,5592052468846.396,2944413845069.024,3106440884040.0786,10621856700346.744,11067093197971.0,1894146251040.0686,1203690576771.9824,1894146251040.0686
0.375,5540569370961.158,2637583709919.8813,3012951246307.8267,10422668316050.994,9206550722820.0,1571181365677.2246,1171100894508.67,1571181365677.2246
0.5,5057416042394.012,2549442834173.994,2672868137165.9214,9861735319707.383,10016212106625.0,1534797768116.659,1127069436307.3691,1534797768116.659
0.625,6301054253508.169,3223187609837.5957,3585970500342.4673,11125618031501.084,10804718099136.0,1879810160918.4727,1177783470096.5117,1879810160918.4727
0.75,6533005673046.75,3903854508985.1514,4228831329727.8276,9300449833416.88,10880972599761.0,2935770897272.56,1124309220058.1055,2935770897272.56
0.875,5873076139862.163,2775820701235.086,3193265553604.894,10453255775060.137,10145050917212.0,1834750963249.7705,1121313871380.334,1834750963249.7705
1,5695393463472.908,3018358124180.208,3477165315897.68,11108778131652.102,10796875358231.0,1788472468311.2659,1160166490520.1836,1788472468311.2659
0,6652580529590.438,3886206671515.1733,4147483399429.579,10796146316140.555,12393560959194.0,2698153477926.366,1142520614793.6426,2698153477926.366
0.125,5477664067306.655,2848073620531.524,3135891761713.9595,10076408414092.314,9530381173138.0,2005228364007.1619,1113991616132.084,2005228364007.1619
0.25,6853377609357.891,3516691526161.0137,3853986605255.3286,11455744801833.436,11854826851046.0,2474050058972.46,1146766801614.498,2474050058972.46
0.375,4274489675640.973,2428515556381.4985,2314191314300.1177,10687393940597.06,9345764482015.0,1496320401163.2925,1142653391503.916,1496320401163.2925
0.5,6083558268317.558,2907405209206.25,3150623732460.591,10766558234304.422,11579053137287.0,1924032967667.895,1152276082007.6367,1924032967667.895
0.625,6375902863255.9,3112452744225.259,3490914743193.13,11521368246107.777,11431765246555.0,1991346585284.1106,1154192964806.666,1991346585284.1106
0.75,5388329165365.798,3139950965964.9907,3291181253302.222,10297784713280.707,10841383689886.0,2397423700685.463,1175760267597.6465,2397423700685.463
0.875,5901452500928.133,2911455686591.998,3281470409937.002,10771825783009.188,11587943448384.0,1999709105196.0386,1169806252239.293,1999709105196.0386
1,5647169113219.8545,2792512671146.8228,3037555249609.062,10649118837439.496,10727794105258.0,1772975809183.2656,1138803393963.1191,1772975809183.2656
0,4398000753057.8037,2734611488145.53,2636544143543.85,10463806216059.691,8621674127830.0,1766834049998.6514,1174686197492.4375,1766834049998.6514
0.125,5769252091337.554,2734181899254.518,3128216494246.363,10303629402469.781,13240140628167.0,1922832695816.238,1082644810953.7676,1922832695816.238
0.25,5574534622067.82,2831648403808.0244,2990529052663.132,10610297459449.645,11823982344243.0,1825749551277.21,1144393033998.6367,1825749551277.21
0.375,5710254035658.988,3078296049334.357,3536368413950.61,10533303449732.615,11389615731760.0,1811306788062.8167,1159944921048.9766,1811306788062.8167
0.5,4858129389366.0625,2458955185344.63,2558273255461.2734,10824734656259.75,9702990758422.0,1567170501485.517,1164305089372.6055,1567170501485.517
0.625,5519120231178.172,3100135499169.5386,3306914475652.223,9910586502732.518,10972771636707.0,2384419902072.9956,1158991337888.8945,2384419902072.9956
0.75,5159641582659.443,2988644636244.318,3151285843947.3784,11890955285412.3,11315720792571.0,2134089721356.6362,1151034953274.748,2134089721356.6362
0.875,6411993303345.742,3657057722564.519,3960388309071.3765,10989483591780.809,11665535874728.0,2284928889606.2944,1110474279474.6973,2284928889606.2944
1,5491235230523.444,3342785488596.3203,3532077384656.1455,10719120493042.209,10631257281339.0,2672237096682.0933,1130751385583.6934,2672237096682.0933
0,4679661988693.232,2547068836515.147,2685108853245.4434,10195847937679.76,9549495246671.0,1696379958061.2483,1108255648081.705,1696379958061.2483
0.125,5664003580528.391,2711614670956.9873,2935616420001.3076,11228826894491.166,10858697395172.0,1694741599607.8206,1176529612305.914,1694741599607.8206
0.25,6235777983015.651,3004041073502.306,3327125331619.3325,9680825477735.924,11747685634716.0,1967856206090.8162,1136358115586.9277,1967856206090.8162
0.375,6182716851704.2705,3115233377914.463,3423501567241.085,10134988566003.062,10668741059398.0,1879133879788.0244,1161050179369.4512,1879133879788.0244
0.5,5343264953929.255,2889034887238.971,3110091107396.319,10274187828753.146,11300672752978.0,1920469197428.7356,1123242864748.5605,1920469197428.7356
0.625,5313645737088.886,3310278631060.4385,3440869582520.046,10675124559760.26,10617921668323.0,2686224406485.6304,1149871541972.6484,2686224406485.6304
0.75,5814082729819.4795,3029550349011.571,3285503752644.5317,11337829312310.46,11382101723591.0,2141106291251.0186,1166324271730.4395,2141106291251.0186
0.875,6239903512246.665,2874792447972.167,3238176842021.644,10703468093365.066,11554521159498.0,2338520338997.689,1218893383244.9883,2338520338997.689
1,5820261103966.061,3600777292912.4727,3760593398078.5347,10719387844956.865,11621924761399.0,2993535085219.8174,1177413406388.1992,2993535085219.8174
0,4697324206775.8125,3048775885021.085,3256091426920.849,9797090459983.016,10106788967340.0,2429185852743.946,1142701272596.7617,2429185852743.946
0.125,6728315652185.725,3688006170664.979,4105598263905.584,10257181386364.855,10637508436441.0,2748541653981.007,1110428207966.3867,2748541653981.007
0.25,6201015000254.791,3314207746258.2407,3765162586145.0835,11622536449564.2,11852726964033.0,2279887816812.7354,1233203693905.9277,2279887816812.7354
0.375,6160666458414.287,2814845171880.757,3292312196822.6616,10148551080083.111,11451825114006.0,1720450253863.9177,1147708534706.713,1720450253863.9177
0.5,6119405626419.104,3633315286944.8296,3892138855550.8545,9896635847587.857,11040356134775.0,2569987268196.179,1124350977254.4043,2569987268196.179
0.625,4503226228695.416,2381710810406.7173,2372016459110.6753,9534532269005.115,9432424358960.0,1746975535900.1477,1107416059864.1328,1746975535900.1477
0.75,6246032705077.852,3607414169202.1333,3867943495410.643,10087953472691.44,10776897946245.0,2900833933025.1265,1122320832941.9258,2900833933025.1265
0.875,5812197153830.077,2679112360060.8477,3212082770074.1436,9845239338315.23,10552318122052.0,1803511095589.2488,1118611979759.5176,1803511095589.2488
1,5664281269577.493,2768605110749.4287,3252641392251.1924,8996399907246.873,11038693448156.0,2250724748786.5693,1124267427673.289,2250724748786.5693
0,5341013255718.908,2801664775710.3823,3085337852813.483,9716879579130.158,11216288188130.0,1523627822614.275,1154171297073.8281,1523627822614.275
0.125,5528739458466.801,3434903067182.757,3710517850077.058,11051352089308.154,10866730588341.0,2826898138043.3403,1146228115800.586,2826898138043.3403
0.25,5170762506155.513,3443949236214.028,3603101202657.555,10475017336115.348,10461526707815.0,2425893550241.461,1168370096681.2734,2425893550241.461
0.375,5680015690809.604,3143903279789.644,3302634273200.405,10420043731057.76,10987651300058.0,2182574216892.2285,1195341554879.121,2182574216892.2285
0.5,7353476579796.623,3503815376254.878,3885684436633.358,10858733830684.262,12071810725336.0,3185219340088.59,1137381859515.379,3185219340088.59
0.625,6421237281905.065,3557346551023.3296,3694477826886.694,10179923086303.848,11397559469954.0,2771791774895.1934,1162785935585.4336,2771791774895.1934
0.75,6539972715096.653,3089322195172.8,3555359438199.4604,11176550591816.393,10101923967177.0,2245661237251.1367,1156464628674.959,2245661237251.1367
0.875,6224964750311.2,3093748324270.5903,3354920177278.035,11351426169652.436,11092786128070.0,2508294430102.4775,1133125762893.6309,2508294430102.4775
1,6329826981937.35,3679451399764.532,4110292801179.765,10504493807486.848,11318049430862.0,2654606854846.3794,1168458809702.912,2654606854846.3794
0,5266365282036.869,2713838411547.651,2834648702394.427,10760629668752.953,10305699859606.0,1771444744095.3762,1148313469871.7012,1771444744095.3762
0.125,6507340878134.884,3174773683001.0107,3500726885190.319,11001506912941.852,11349182203711.0,2135751370407.3645,1134372621403.8652,2135751370407.3645
0.25,5822058045612.626,3266228826337.906,3594659898053.1167,10458648879527.668,10202308612912.0,2360763104864.2983,1131583008483.8984,2360763104864.2983
0.375,5673304882651.985,3601779436698.9746,3692844668490.478,11650936794654.305,10359091958697.0,2053477405653.3403,1144097394401.2598,2053477405653.3403
0.5,5923991102595.053,2999189566978.9087,3357166487783.0376,9679007504994.328,11460071075745.0,1779273735209.6067,1122644395818.1426,1779273735209.6067
0.625,6535944062746.1045,3047268756277.631,3394585501138.024,12777510154359.309,10086559805825.0,1661329760312.8357,1200009254811.9453,1661329760312.8357
0.75,5014385460275.177,2618540600743.4507,2919675458322.131,9711911296976.068,10815366404982.0,2002881168208.5193,1078613061849.0293,2002881168208.5193
0.875,5929212618904.822,3143820444993.6255,3300204865997.834,11250643616585.963,10861355322954.0,2419910459437.522,1162857839721.6914,2419910459437.522
1,5831983315018.524,3144950117864.8306,3294669992131.5566,11035645663572.686,11468779074478.0,2173144480281.5283,1157801398836.2305,2173144480281.5283
0,5346131127429.982,2769258412104.236,3072158553474.138,11264347233527.12,10426793921304.0,1895856074839.4866,1125796363224.3418,1895856074839.4866
0.125,7676834154840.075,3719455907149.3447,4017382565592.5522,12233008426321.21,14372772314233.0,2562136952124.9697,1182382423652.9922,2562136952124.9697
0.25,6067272442507.174,2983972777527.7583,3410505050180.112,10976875795914.977,9646880665854.0,1902937512646.0867,1172569635809.7734,1902937512646.0867
0.375,5460074695045.7705,2821853388204.7075,3011663487846.0537,10424825619403.932,10628661859786.0,1731189887716.4158,1134327474932.961,1731189887716.4158
0.5,5987097462354.848,3528763371310.11,3720988649480.7676,10761208514755.756,10844081456556.0,2617815299264.3174,1084379516867.5879,2617815299264.3174
0.625,6255887742052.303,3150205155991.8916,3464527540065.9873,11138542665762.95,11678675620071.0,2187776538300.7407,1142708455019.2207,2187776538300.7407
0.75,5911533026961.281,2996816260971.857,3364537827764.896,10298959264367.342,11240564098891.0,2237333229871.1196,1130612904904.3633,2237333229871.1196
0.875,5855395566220.371,2951902447650.329,3188122059709.864,11280745884887.096,10413748320448.0,2417574732685.258,1181324948263.6348,2417574732685.258
1,5379868376361.712,2647691315844.227,2966916903521.6865,10909026889885.248,10320938403637.0,1965806963557.4248,1095684180231.7422,1965806963557.4248
0,5486342956334.421,3066762621982.127,3272394606006.485,9632960344192.389,10515406500132.0,2254327488392.4023,1095738227142.5742,2254327488392.4023
0.125,6152903946116.149,3564962370092.091,3994604214943.336,9857702672575.04,11396366876428.0,2679287168663.637,1129836848875.8242,2679287168663.637
0.25,5888637668331.977,3740973436422.413,3926056479472.0425,9677145401295.982,10919269093303.0,2499016622778.05,1075562464452.6934,2499016622778.05
0.375,5997768469641.677,2949019865368.2466,3310073431969.243,9743685498532.502,12422340491446.0,2335562484485.71,1114349942783.5762,2335562484485.71
0.5,6186504441677.098,3393963470681.695,3471402531383.702,10460373653635.484,9773184457211.0,2312237937649.8965,1193007996425.5703,2312237937649.8965
0.625,5888149806510.923,4253952244886.9688,4343776771184.0205,11134914196712.795,10769141323983.0,3665014908484.628,1187999742903.789,3665014908484.628
0.75,6217319650455.545,3547476251840.598,3462813128918.5693,10963788317551.455,11467382776326.0,2733826303711.338,1164934637755.9277,2733826303711.338
0.875,5589034246515.869,2923040420416.3853,3211487335643.9517,9668228124452.422,10891453659694.0,2347809219104.7476,1161557264399.838,2347809219104.7476
1,6189604661776.6455,4002868267579.7446,4134090439290.688,10669557280716.488,11212952492401.0,2997980635140.208,1162886228680.373,2997980635140.208
0,4638718463768.259,2477217542603.3203,2661611766733.6387,9977807021200.816,9347214165852.0,1794422898959.4297,1093135072722.8535,1794422898959.4297
0.125,6998249948208.35,3316652113178.99,3766061488493.475,11747685079079.414,12139203608869.0,2108628440709.1506,1231086865768.8418,2108628440709.1506
0.25,5767315611601.69,2776796430878.555,3084400544316.275,12782062408114.26,10351429881999.0,1695630769700.3118,1166434899825.5781,1695630769700.3118
0.375,5994335459697.244,3399171261282.217,3677532781020.824,11006293727491.158,11329927979314.0,2481375741258.3223,1142241480747.625,2481375741258.3223
0.5,5612217332847.422,3159100808084.428,3321546815277.3003,11176404952907.861,9811033483445.0,2162158370602.275,1127124895095.8203,2162158370602.275
0.625,5936027622954.99,3492938507288.7437,3719718886772.1655,10873344586914.396,11487327615083.0,2409809720761.467,1151622701282.623,2409809720761.467
0.75,6022617929106.818,3583744323187.37,3831555053579.635,10422779372416.586,11585563901312.0,2929639019464.044,1188357769645.4238,2929639019464.044
0.875,6616048837480.985,3130745384743.3325,3546118376366.622,12171652248260.943,10667695648892.0,2027187490979.4316,1134353871962.8223,2027187490979.4316
1,6239145891234.803,3466347403943.3003,3768668627267.796,11078701990247.691,10437149377139.0,2818387645122.36,1132859457917.2227,2818387645122.36
0,4389922129977.3955,2815131074950.242,2720813198892.1406,10798305100411.51,10450541108188.0,2070619410661.5396,1175501373743.998,2070619410661.5396
0.125,6721803401927.047,3136630847751.812,3516311928828.273,10678182379169.51,12484810497046.0,2031580302149.7917,1099570669922.6348,2031580302149.7917
0.25,6947157262635.106,3487916742859.9136,3762197287542.183,11967328385168.002,11380701458281.0,2973028809602.4165,1192746123016.8848,2973028809602.4165
0.375,5713103977879.51,2708890889792.163,3037484038669.6675,9671342736890.516,11901377793922.0,1972319286738.9492,1117696150806.0,1972319286738.9492
0.5,5965705438832.878,3031177022677.8784,3490707817006.4136,11310324611253.467,9573174647203.0,2198929677491.8186,1177866912759.1973,2198929677491.8186
0.625,6185709734087.957,3124228874800.7363,3416062938209.05,10393427335274.195,10792768958542.0,2031709204860.2332,1137173383776.0352,2031709204860.2332
0.75,6023080111721.021,3470313011689.1343,3810164960781.4517,11122040992550.697,11346190806571.0,1959808894866.8967,1147684114748.7617,1959808894866.8967
0.875,5967403582639.9375,3146152725098.94,3457543484575.937,11861424923640.26,11511441384510.0,2169549927999.6685,1201505226548.6602,2169549927999.6685
1,6464781766670.534,3550332682353.7256,3848310633124.7847,11857342155448.225,10769803457760.0,2407905541693.6816,1141567939070.2441,2407905541693.6816
0,5600324169704.186,2917990881822.596,3015025063988.898,10802979070374.867,12428911166754.0,1763466797485.1074,1153706884250.0664,1763466797485.1074
0.125,6574919317504.578,3026069026106.9116,3330794210149.639,10820789673624.406,9906446816925.0,1835053917711.6106,1124795835812.2285,1835053917711.6106
0.25,6461172532453.166,3221514430223.829,3491575008891.7637,13150085630549.291,11028497146352.0,1890887956663.4565,1218931395421.666,1890887956663.4565
0.375,6676577129938.995,3185582246089.889,3518063060630.732,12055016400258.486,12329199966234.0,2196953702490.7095,1151546349124.1406,2196953702490.7095
0.5,5471127301578.944,2999691932523.164,3164311932420.1606,11093808964239.28,10788768811647.0,1934187249265.1294,1138933617858.4824,1934187249265.1294
0.625,6102119175339.716,3122033417371.895,3532108662412.3477,10999569695830.734,10805071803152.0,2125834313904.2427,1112781032968.3145,2125834313904.2427
0.75,5951396265174.59,2826099475709.8594,3307586503080.958,11116115331406.418,11477887678629.0,1983160677537.067,1122732490488.8535,1983160677537.067
0.875,5657417819681.0205,2625315487429.744,2993988771883.022,11378251337929.307,10842339758013.0,1626615646888.757,1102795033441.1816,1626615646888.757
1,6519368726363.203,2909057648881.386,3283736334974.8545,12546967507465.682,11841095040223.0,2090766505020.9258,1192927205595.5605,2090766505020.9258
0,5968826032182.161,3132589695183.7734,3189049142172.8477,10135112049805.178,11298939562827.0,1865859892641.669,1073771914430.4043,1865859892641.669
0.125,5748273796515.7295,2626436523498.435,3040399657870.8174,10063151180771.936,10661313238804.0,1799767089063.73,1120955649661.1484,1799767089063.73
0.25,5497272237042.215,2851868934930.7095,2888489530283.1445,9996788204632.773,9048594076064.0,1639505631117.7134,1091254667187.2949,1639505631117.7134
0.375,6977545088375.108,3408318183560.7754,3719038303717.124,11211203800643.307,13021009924699.0,2032943866638.8699,1147784311547.4355,2032943866638.8699
0.5,4340028456513.9453,2451241945898.691,2364993066799.8145,9682868594350.697,9845354511759.0,1412109041592.9229,1164867818196.6426,1412109041592.9229
0.625,6753027931679.811,3316188983094.966,3594658206094.3623,10562761273655.965,11389983716299.0,2177530550790.1704,1133406675711.1406,2177530550790.1704
0.75,6170168265362.243,3297893818270.574,3391008217150.5967,9695032133335.344,10731679877085.0,2050275956624.2358,1078470505445.0293,2050275956624.2358
0.875,5508128284501.543,2905169047505.094,3096031217637.0293,10330901571810.793,11095454028044.0,1914167190209.644,1159701094717.4336,1914167190209.644
1,6183856397727.32,3017932219859.2637,3303597840854.3994,10972918467795.885,10866454198908.0,2266765783740.05,1137936461706.1133,2266765783740.05
0,5787533385999.19,2831450057355.945,3295251361053.5303,10291228933160.324,12426357542157.0,1966527208287.7844,1124674040227.1816,1966527208287.7844
0.125,5237880546237.49,2577866720199.795,2784932639853.9126,11014447545917.615,9486671781244.0,1675359305056.1426,1169247467547.0059,1675359305056.1426
0.25,4900872179038.612,2627409478245.4355,2722205781937.9277,10739109008612.621,9522268446160.0,1639387183124.7249,1196116708533.8203,1639387183124.7249
0.375,4815306620679.288,2678500520199.702,2813714254401.0156,10793014070625.92,10003459965886.0,1678234205068.3218,1153843837517.0703,1678234205068.3218
0.5,5785646623448.656,2906288804077.8413,3274802534971.4233,11216306115811.912,11889518704134.0,2108059623904.3406,1183895989542.8652,2108059623904.3406
0.625,6096587908696.372,3179473453722.4604,3685563156562.4023,11474479750463.766,12636659917270.0,2045878726302.4495,1217761485639.75,2045878726302.4495
0.75,6130589932581.938,3088370747040.921,3458553469214.127,10757266015432.895,10809565778040.0,1853288337397.616,1148808073497.787,1853288337397.616
0.875,6052421654755.435,3035987174212.63,3322554316233.294,10699625014234.45,10706309616107.0,1678548931129.8533,1114359301263.9902,1678548931129.8533
1,6627914193786.161,3432888459574.89,3928903637769.006,10986788186999.62,11205014751002.0,2406588095182.1377,1176714522286.7676,2406588095182.1377
0,6851779626913.535,3263582293742.3403,3605973157340.304,10080711612561.719,12422259298646.0,2481085851186.499,1140651304730.873,2481085851186.499
0.125,6607253553981.293,3163760474330.1963,3460341756361.2344,11552763623766.3,12866776143828.0,1988116744503.1714,1150967446118.3809,1988116744503.1714
0.25,6347437521819.2,3139414036019.668,3556161445913.3145,10489238308062.69,11446796114137.0,1867721191977.183,1163085982099.5312,1867721191977.183
0.375,4900651706051.331,2651598773526.619,2782427723788.029,9423228056485.56,9760170187897.0,1557851507495.9053,1109488612032.3516,1557851507495.9053
0.5,5486315142555.598,3393272315064.552,3373070495663.9556,10274160396228.227,9937385595276.0,2685325658199.0596,1138919440130.1367,2685325658199.0596
0.625,6550288578305.727,3707079410795.853,3976552338447.1235,10883016491106.832,11662224896662.0,2926434836434.585,1174858612183.1445,2926434836434.585
0.75,5934783649637.879,2930891548511.791,3301436159722.547,11652591066599.861,11153626951261.0,1996250089779.2214,1169807984663.8047,1996250089779.2214
0.875,6258249260618.4795,3657272661251.969,3935303472379.0166,9946902289637.312,10866672343903.0,2724397085101.3315,1097743794886.8477,2724397085101.3315
1,6070410274794.831,3504020431131.3384,3864142817964.075,11293132824566.764,11047785272851.0,2824523220993.9697,1180626094569.6602,2824523220993.9697
0,5528236813449.329,2941347369308.6724,2915375655651.8594,11605742868546.477,11290094286670.0,1762972874785.4446,1166231044230.0977,1762972874785.4446
0.125,5172853643097.224,3408524269500.322,3488535694102.768,9883396267264.49,10767529351742.0,2424631917960.6567,1118586528091.9062,2424631917960.6567
0.25,7250474745362.472,3584364635504.505,4054837053569.7124,11154712944074.27,12201379993231.0,2347106670526.6436,1181917393788.4473,2347106670526.6436
0.375,4960577145909.661,3558491549305.1206,3560892523401.3584,10133142230390.2,10321257448908.0,2621928946132.2554,1081733240160.8613,2621928946132.2554
0.5,5645916810965.183,3308368990483.9023,3331366594906.8564,10826426681166.916,11565990873232.0,2547972402499.642,1180126663635.836,2547972402499.642
0.625,7038685968416.064,3221309559177.4707,3474008597670.207,10814058431816.135,11079886934516.0,2531011777972.4854,1166960191682.1992,2531011777972.4854
0.75,6421575114529.805,3208957104129.06,3662478076831.004,11163643962079.014,10655522413177.0,2136268444454.6577,1127087678660.3125,2136268444454.6577
0.875,5631443686672.412,2807849525012.308,3008900586767.3867,11732798130365.46,10729301511672.0,1934921977686.1853,1156333155450.2734,1934921977686.1853
1,5598014839775.236,2806449149715.0474,2989027764273.998,10337887095687.943,11252091246204.0,1752422806630.2083,1138252245064.9727,1752422806630.2083
0,5688718767609.957,3076494801148.712,3165498141438.229,10440646841470.473,10898176788375.0,2076232871177.7292,1151522027666.7031,2076232871177.7292
0.125,5616563813543.83,2689053975522.5312,2948417227746.375,11700004020972.564,10465557374556.0,1704557731516.742,1187191581671.6816,1704557731516.742
0.25,6482940570147.266,3000234243650.964,3298159080095.4385,11906599676720.57,12176990368834.0,2060282897906.0046,1222166884866.2656,2060282897906.0046
0.375,5013506375765.465,2686676894427.5713,2922759101841.1523,10709964173687.65,9868720298652.0,1708906497742.291,1188370077866.5254,1708906497742.291
0.5,6379306962283.483,3133047632069.512,3432329719515.1206,11159380920334.969,12910020811370.0,2194466973849.376,1124192595907.8984,2194466973849.376
0.625,6821258617779.36,3792078314802.1577,4083715287237.4067,11909542555007.117,11388594957448.0,2957431411001.857,1216628847394.879,2957431411001.857
0.75,5262547631651.543,2626813673255.664,2887041865884.2456,10608815490899.266,11379345734452.0,1838148031635.0527,1179850487553.4102,1838148031635.0527
0.875,6028637683518.586,3219637369064.923,3414366909708.1,11298934344613.576,11822908472796.0,2192940774740.1702,1169551808757.4453,2192940774740.1702
1,5797651921423.444,2927469673564.443,3147061108170.042,11059744255617.516,11091375225477.0,2078478122430.325,1132396434129.7012,2078478122430.325
0,5981093094163.79,3135147712812.516,3209106428508.844,9926115070547.594,11834261400006.0,1764854134799.0256,1137828330457.912,1764854134799.0256
0.125,6056210926523.485,2953716845245.4795,3188645633575.9233,10278177903983.152,10835145773708.0,2034425382653.335,1173591392661.0898,2034425382653.335
0.25,5418188365647.909,2771256970277.856,3010277899863.479,10334936311312.27,11536045987496.0,1744247971375.0366,1141132353965.6055,1744247971375.0366
0.375,5384284840706.385,3401358527908.2837,3579055883202.9536,10263889802310.115,11489173718173.0,2489852601560.172,1138805738493.2305,2489852601560.172
0.5,5674145182421.691,3281838751252.5957,3449718848145.702,9367343054189.707,10859363851995.0,1977474553724.332,1124923723547.2793,1977474553724.332
0.625,6953168260073.711,3466919534598.5913,3866970680881.3857,10259630568645.309,12749128926431.0,2254959215865.3457,1124824072577.2207,2254959215865.3457
0.75,5508239223582.803,3125561159033.9966,3309895779691.5,10489044017540.795,10565433129449.0,2101905820220.0925,1163327896924.4297,2101905820220.0925
0.875,5560765956157.957,2765867498714.117,3004731465083.3584,9588060793766.47,10667828349490.0,1619576806468.1204,1142567006361.2559,1619576806468.1204
1,6239885273509.388,3542210377881.1562,3845369528335.6133,9589794639514.63,10832055796395.0,2926662143366.386,1140419179286.0723,2926662143366.386
0,5533726962356.36,3165015950695.0903,3414107863466.3354,9952183417658.283,9261652178210.0,2134485016529.9353,1120893416051.4102,2134485016529.9353
0.125,4657659904218.651,2622849146832.4375,2641364040773.55,10296105758198.713,10661589469755.0,1498884384327.818,1132034633465.1816,1498884384327.818
0.25,6360839638970.974,3067972672638.2407,3378471797926.7573,10868246036937.623,13499894934183.0,1966660495630.0754,1128069235330.7168,1966660495630.0754
0.375,5925668934747.946,2925333917100.9033,3161311151146.2983,10055426556377.893,11726438702672.0,1931084040184.4048,1104873076064.9746,1931084040184.4048
0.5,6910533623654.47,3817342991722.463,4132798551598.5083,11276128591939.354,12325813410321.0,2840349178645.3267,1162491593897.8281,2840349178645.3267
0.625,5232205875750.064,2603410311488.311,2763765115672.4336,10328377536812.076,9986077499562.0,1669560617175.7295,1152159424942.1582,1669560617175.7295
0.75,5173746668450.669,2759223231532.5283,2889609734476.1978,10698543836052.377,10545479052800.0,1592754084104.7605,1125383463632.7695,1592754084104.7605
0.875,6259168852721.624,2867978432335.7915,3188895958829.515,11246598707420.465,10641327448214.0,2128119882374.5059,1169286863082.5645,2128119882374.5059
1,6424972591748.156,3085608316446.4326,3425333801494.4253,11093913148890.229,11650955479801.0,1900588493576.1545,1121636341437.3066,1900588493576.1545
0,6225581722651.899,3426084620059.8,3506162856046.8125,10264698753832.357,10253343252131.0,2454380179017.3022,1164701821535.0273,2454380179017.3022
0.125,4275953292531.732,2430259945422.0723,2348716549159.558,9794202789098.07,8637383974542.0,1502655023203.2244,1153937477050.1836,1502655023203.2244
0.25,5912707155591.076,3223539103159.609,3652131191769.2295,10789636686582.828,10867650603564.0,1934564444690.577,1129393737420.9473,1934564444690.577
0.375,5772378863095.766,2694947791602.7417,3044670902302.0957,10278581847503.77,10336706401713.0,1720076325323.0435,1166724878335.3496,1720076325323.0435
0.5,6258807977815.627,3257145795292.6934,3675762335154.582,10456209861064.035,13009826407214.0,2121305125733.6216,1152141877373.5273,2121305125733.6216
0.625,5974986058993.099,2931791232223.4214,3189764245791.6484,10089827589447.002,10966069206753.0,2001210644986.2097,1176102102397.963,2001210644986.2097
0.75,6918148640397.6875,3113836630370.762,3557074013652.116,10164108210368.281,11156588782958.0,2371763125828.0967,1137074306932.1094,2371763125828.0967
0.875,6105668250025.68,3252965016873.5327,3565479762292.748,10208126640776.178,11055036289371.0,2210400884628.81,1131757467074.7246,2210400884628.81
1,5371920326292.687,3020061236721.751,3167163581174.115,11669693743703.248,11298730971404.0,2027582353565.3914,1185283374123.4395,2027582353565.3914
0,5814127831520.838,3147702210269.2,3445118645074.0093,10267673254081.363,14974572183369.0,2188449815341.9282,1115208882899.955,2188449815341.9282
0.125,5259315701319.614,2717850289735.075,2879755698939.2393,11168226140298.23,9981827465638.0,1807761666898.8167,1205762741860.6816,1807761666898.8167
0.25,6429590176908.129,3214855375524.4243,3458582728708.427,10013513223874.473,10365308745259.0,2263397977059.474,1199592090643.2578,2263397977059.474
0.375,5488470024065.818,2787521609086.804,3139410441443.6387,9657800746699.508,9709593602579.0,1999400572827.376,1103171367929.4746,1999400572827.376
0.5,6030682850676.416,2899998580101.963,3290707817704.4834,10270429298057.576,10618416681279.0,2123957004355.6372,1154433361899.9902,2123957004355.6372
0.625,5974848676167.304,2885717757712.216,3296251774527.9985,10570374797521.965,11169555857249.0,1931767285123.4873,1204581289583.4473,1931767285123.4873
0.75,6304610068522.958,3051098884011.2686,3398355783129.9272,9649032741558.709,9898585745257.0,2274390837063.7627,1098762085539.9863,2274390837063.7627
0.875,5346158827179.267,3097128735206.89,3087823061927.132,10422644827626.814,10687439248483.0,2139771265422.584,1139414650273.5527,2139771265422.584
1,6115517727671.753,2980747713485.053,3303013816379.2363,11476403859022.447,10818816224712.0,1824710499879.312,1193970065009.9414,1824710499879.312
0,5780084970281.888,2859524586479.708,3068574738730.016,11830455697654.318,9799584124493.0,1893101873982.472,1193891553000.1484,1893101873982.472
0.125,5767242203511.563,2714804928514.242,3027955274112.9775,10125665824396.133,10717027594975.0,1923242052881.2192,1130346218174.545,1923242052881.2192
0.25,4634809347933.457,2998300668506.921,3030916712677.1016,10232931525022.254,10372775871006.0,2254984161866.4795,1158890159087.5312,2254984161866.4795
0.375,5097221450585.3955,2784184798799.8174,2956737995608.878,10573796894280.803,11671997446608.0,1910631158923.0635,1127603577083.9824,1910631158923.0635
0.5,5651566423828.455,3529777555971.4854,3829543835136.4443,10653768745080.65,10875010864311.0,2258915903613.848,1157446334389.0957,2258915903613.848
0.625,5558892204968.3125,2898352925602.477,3163454869306.1377,11269610682628.178,10584992432868.0,2039380361462.1833,1146744734677.3242,2039380361462.1833
0.75,6905478723953.693,3741020450557.8926,4178216958475.707,10650261764885.29,11991116781558.0,2583900497602.5874,1162699362360.5527,2583900497602.5874
0.875,6148193547529.643,4147205556601.8467,4271311332437.8594,10547260299341.941,10810759570147.0,3317816870810.6523,1135482398047.6309,3317816870810.6523
1,6216014158349.972,4023320298454.5615,4342022488637.666,11123745359124.088,11547243655674.0,3207990004617.444,1189251002880.6191,3207990004617.444
0,6227576369912.02,3968883640180.9946,4201197374159.649,10319389406144.043,9908648957175.0,2807311866410.074,1166508795817.629,2807311866410.074
0.125,4808908253037.096,2635575078020.816,2615402985854.266,10351154385789.014,9468929501731.0,1515676231977.3906,1171494047281.3691,1515676231977.3906
0.25,7054181361203.525,3557885092845.65,3943584392934.002,9826948243025.633,13070468014047.0,2299058198286.2847,1149187891609.836,2299058198286.2847
0.375,4564814071149.274,2760990239466.878,2936928512798.6123,10983008886192.88,9840125222911.0,2119974059000.0132,1143091646720.5723,2119974059000.0132
0.5,6158914792063.802,2813330348623.5835,3207158338908.24,11074607696254.096,11428497356724.0,2071650405120.509,1115087252872.1172,2071650405120.509
0.625,5721758531198.864,2763650301692.67,3006142780156.1504,10267095034875.682,10700741790813.0,1697338938140.4026,1129961967922.1523,1697338938140.4026
0.75,5425043962168.876,2827325762746.4004,2993449502636.661,11594348551264.766,11836829090782.0,1891115451709.5442,1181190947187.8086,1891115451709.5442
0.875,5283637184206.312,2671441086569.9697,2993846094162.673,10931887323023.057,10267105748476.0,1760067694031.9753,1157769856282.6328,1760067694031.9753
1,5744460024466.145,3496301124207.5557,3751507142444.914,10151948875473.074,10621519080652.0,2412436448256.75,1125561511371.836,2412436448256.75
0,5381405910963.141,3690328678645.4756,3601904429828.535,9534987441287.217,10970445935726.0,2558882778043.6206,1136626955540.7773,2558882778043.6206
0.125,6174145209129.46,3205535465900.7666,3412238087955.047,10246036452137.594,11627271415518.0,2329293339417.4727,1164476511529.414,2329293339417.4727
0.25,4757765424035.154,2388958568989.5664,2730761465326.9814,9258116830580.979,8897299756823.0,1566183918088.5674,1116605042020.8613,1566183918088.5674
0.375,5809230334561.099,3261428010534.2124,3302373323946.7485,9418996329252.912,11462406254309.0,2426873005409.4995,1109343529936.4824,2426873005409.4995
0.5,5962339346437.151,3099317255751.656,3375519146887.321,9844853404900.045,10586148371651.0,1865442660938.4758,1141727933824.0352,1865442660938.4758
0.625,6397288707129.815,2861572466244.9473,3289640188344.2627,10565084512936.062,11110100607818.0,1725962605036.176,1231732659633.9297,1725962605036.176
0.75,5782503368223.796,2940853016703.3403,3253189167934.372,11107989078990.908,11346055445026.0,2081502494261.3506,1200325076420.0762,2081502494261.3506
0.875,5972524322689.577,2741146495281.378,3106779326526.297,9082622664520.498,11488704919051.0,2382242171155.4277,1176561929717.498,2382242171155.4277
1,6195193247360.984,4063643951216.531,4118741908388.802,10098714262360.775,11015559977456.0,3490544472905.8467,1140593928740.3496,3490544472905.8467
0,5733973725963.201,3481818346507.9478,3717356945770.5537,10577149146698.197,8505361370801.0,2747316434553.007,1137176885724.9863,2747316434553.007
0.125,6430238594101.199,3519808371653.7075,3917474268330.35,11394541753053.824,11893314685482.0,2845015324447.2812,1167252691215.0977,2845015324447.2812
0.25,5865446489443.741,3169620513983.3076,3318694534175.1187,10454929765787.957,11140287186276.0,2311056082034.107,1169133641134.713,2311056082034.107
0.375,5243870030766.457,3403460913612.1064,3596527141550.3213,10623844200166.531,10464888910911.0,2741269166508.2,1132853289970.9824,2741269166508.2
0.5,6748635357717.24,3321486806349.504,3652494677640.7734,11172149011232.26,11107605408419.0,2417390696463.6553,1162000392600.1309,2417390696463.6553
0.625,4748719751799.28,2892317460214.2046,3017649978939.832,10857995963305.59,9720641659153.0,2095912623979.208,1116139973383.666,2095912623979.208
0.75,5519920058882.584,2850054108037.2812,3103807035491.3174,11491701847078.646,11636766242170.0,1869886367892.1592,1161331533605.1797,1869886367892.1592
0.875,5785836666320.503,3062291638155.5874,3314085441496.209,11156446394548.81,10678846737659.0,2387280316395.837,1206087344422.0625,2387280316395.837
1,5613719062853.054,3539553317189.8633,3556343833511.951,10617280229013.912,11038732356378.0,2337498428454.382,1196819034442.5156,2337498428454.382
0,4698157540075.398,2418068757949.0527,2604894447400.465,10927607291203.113,9991510165587.0,1489344291202.9456,1121875823537.0527,1489344291202.9456
0.125,6086800147589.365,3242395209271.2236,3397076556581.5415,10304413443296.473,10580226497370.0,1852262385053.605,1084449712446.6602,1852262385053.605
0.25,4845031725235.16,2592663635924.288,2972970547154.7314,9937106832548.309,9914407729035.0,1670460356089.036,1144110394347.8926,1670460356089.036
0.375,6827610697467.86,3160732532683.473,3494136032000.493,10257920756390.283,12485062843511.0,2131999156715.375,1132405398681.5781,2131999156715.375
0.5,5962675456757.049,3175983991891.568,3403794854778.28,11088554664476.84,10943153322142.0,2017571966518.6213,1164882931890.4531,2017571966518.6213
0.625,5236777195467.365,3216136710798.0225,3320951047643.1104,10339150932538.922,10858192902986.0,2321213902432.893,1131677846353.0137,2321213902432.893
0.75,5199296135612.207,2633541014548.679,2811292541829.1973,10222621440449.582,11007869231047.0,1758401994302.7812,1141376613397.7656,1758401994302.7812
0.875,6359159233474.8545,2936291497853.54,3206674042223.341,11054620938921.83,10614759473559.0,1783538646250.6255,1161456171112.1348,1783538646250.6255
1,5906136600896.314,2860876929476.3237,3135144891263.46,11763457173238.273,10532365106118.0,1803652607568.9797,1161236602853.4746,1803652607568.9797
0,6013417520926.416,3051181317571.718,3357637502149.398,11335674658916.703,11836407659777.0,2025693237677.1519,1170144983149.3457,2025693237677.1519
0.125,5877073351239.911,2849704397743.771,3351279344816.5273,9274959996957.146,9448532630689.0,1984787370735.1853,1093539974271.7773,1984787370735.1853
0.25,6333890176222.869,4081862642052.2866,4144185976835.706,11538026293812.174,10789447777927.0,2903658944062.3477,1149394930962.3848,2903658944062.3477
0.375,5723236238090.002,2840550862536.0986,2978599188029.8564,11239753786572.828,12172884456580.0,1881892755333.7866,1138645777829.3457,1881892755333.7866
0.5,6660166122126.64,3121078765877.104,3383445727645.979,11554333418873.088,12098685421511.0,2146213674600.4316,1143433851605.9668,2146213674600.4316
0.625,6131014609920.979,3014827119990.666,3330963831132.77,10048399659421.275,11625493717605.0,1853181250994.5503,1120651969532.8125,1853181250994.5503
0.75,5551754474834.048,3112477483570.6245,3287823683649.8945,11563780403969.299,11017299762387.0,2286178704110.4624,1132026115634.3281,2286178704110.4624
0.875,5944301506038.995,3607822563887.211,3861023807325.4897,9724613266207.777,10653923510370.0,2496027296984.5156,1120037941058.7305,2496027296984.5156
1,5409137360095.188,3006217329983.4473,3156024856861.7974,10245042381817.957,10620168554493.0,2542784414307.8267,1131527769762.3516,2542784414307.8267
0,4804212026729.929,3187260742460.8057,3251522508762.702,9581531974279.055,10266833129837.0,2661219721157.5923,1173294363208.6426,2661219721157.5923
0.125,4840823485594.307,2681481198538.169,2895352759406.2837,10000022620880.824,10075529220394.0,1881082557018.5713,1165478612664.3555,1881082557018.5713
0.25,5181426208145.724,2888661002842.8506,2964592433914.7056,9799318872147.6,9454543017604.0,1940497050016.5505,1138380534074.5273,1940497050016.5505
0.375,5341910195558.091,3210311200550.7026,3300666005966.066,9841492496005.734,10473566561846.0,2653383364476.1064,1138624644835.459,2653383364476.1064
0.5,4933185531384.06,2739470716869.8823,2910118807750.1094,10217976794232.865,10535025343492.0,2076446573567.4727,1174964847209.213,2076446573567.4727
0.625,5290466297537.85,3213030203521.011,3316430568301.95,10649014749026.46,10797270384852.0,2356179068854.3945,1153216553213.1035,2356179068854.3945
0.75,5048566958505.655,2740911169316.7896,2927992081842.366,9398045565667.34,10597209099413.0,1679693727620.1501,1137175091047.3691,1679693727620.1501
0.875,5266159935230.717,3022089137501.5664,3185588668528.3657,9950700869696.49,9551684785362.0,2342214459235.057,1159467804216.3145,2342214459235.057
1,5931842378866.625,2828373491382.1533,3069882589820.9805,10445276421796.85,11512181964168.0,1723727126966.0046,1162635883157.666,1723727126966.0046
0,6159682589178.3,3110155371312.363,3455546055668.096,9986941557086.99,12994422107455.0,2243285444971.509,1166478199251.875,2243285444971.509
0.125,5954423166194.961,2795855283566.2544,3059647835623.794,9611426304283.69,9799320411915.0,1706501030966.6868,1166268122626.5996,1706501030966.6868
0.25,5780840659788.24,3107640088755.192,3235448620984.3345,10034798763155.67,9692399915423.0,2392431208268.84,1147052040637.7734,2392431208268.84
0.375,5809558970844.625,3516340853277.881,3461733028239.105,9378731891996.709,10459845174488.0,3050793652677.0356,1147657437134.7148,3050793652677.0356
0.5,5628696726316.279,2799694572619.913,3116601830510.8765,9839921496016.535,11310574549762.0,1795641722473.5024,1170910018655.3281,1795641722473.5024
0.625,6654864454891.949,3251971101232.864,3830598349258.169,11063718338953.031,11389070397515.0,2082711873242.4937,1172467279548.0508,2082711873242.4937
0.75,5685889849482.033,3286407093734.397,3680540812864.193,9893483931473.166,10721287272284.0,2547310005944.86,1157912802451.7402,2547310005944.86
0.875,5952331158662.534,2819774747394.0625,3133337557785.86,10098178167060.637,11242302958153.0,1862851793915.414,1131773175026.4492,1862851793915.414
1,6199263325514.864,2957515509085.251,3281530430102.1973,9644793402520.113,11157336493871.0,2041714889475.792,1133743333731.709,2041714889475.792
0,6570727481494.464,3256977279569.656,3736047086718.5312,11095558471159.107,9931352332054.0,2106018989378.9072,1147748302991.2852,2106018989378.9072
0.125,5054789507796.002,2812611553413.2886,2776194269892.054,11033290155173.627,10829915427597.0,1598541766103.6838,1192718084723.8672,1598541766103.6838
0.25,5668497731599.332,2803817259724.884,3120460044782.373,11741768167130.273,10717687606400.0,1840317604863.1533,1149140447802.6504,1840317604863.1533
0.375,5289702188082.828,2664934040015.738,2899587130027.639,10743650577357.273,11293808515598.0,1624666917076.673,1172931687556.4648,1624666917076.673
0.5,5204748435517.085,2696263594161.07,2946715365073.967,10538505453153.977,9712773059246.0,1765603254767.4626,1103806413970.2227,1765603254767.4626
0.625,5615405043687.198,2965064360691.544,3082560346412.669,10364679047448.0,11245330353410.0,1808249295665.3083,1160565626495.3086,1808249295665.3083
0.75,6918817050270.472,3369124693436.878,3809534097779.651,11657241438853.525,10960442832287.0,2168047604641.5566,1203262800344.6895,2168047604641.5566
0.875,6486084159973.833,3680523588601.619,4040989923031.8643,11914527252231.281,10688722991547.0,2920161394735.264,1100756412412.8008,2920161394735.264
1,5070154977821.223,2767848112134.512,3056254045493.3813,9722171116667.79,11223710536701.0,1791803640904.0361,1115329662826.6328,1791803640904.0361
0,5635854210119.415,2882137201154.4717,3094220903772.9775,10631242635916.275,12663146929382.0,1874353452479.2449,1173050946128.871,1874353452479.2449
0.125,5014189450437.498,2731248992114.248,2770820309214.482,10694243887083.406,11382723511863.0,1546331090105.7104,1139045786745.8027,1546331090105.7104
0.25,5439257934099.257,2989412317342.4355,3180422944099.7715,11549639082783.143,10889370814989.0,2246923650590.8525,1148827488757.8125,2246923650590.8525
0.375,5972220630789.206,2868832204356.7686,3234491918352.978,11329653816859.297,11351361461980.0,2047443266327.6067,1154277822010.664,2047443266327.6067
0.5,6051482654847.857,3294923246267.1304,3596270881563.4194,10174333240005.164,11409943758432.0,1886523515951.8257,1140340807455.7676,1886523515951.8257
0.625,4976561232799.773,2839215337932.6973,2790160540763.261,11506169438695.68,11860421101685.0,2092983860144.247,1149973997607.0176,2092983860144.247
0.75,5830250300423.146,3256696839081.335,3497427726022.232,11893725743101.926,11298146293628.0,1937147248068.5405,1163207653749.8438,1937147248068.5405
0.875,5453538330532.191,3079637686316.553,3283168094815.8623,11518647275039.834,11061713289136.0,2102323999284.4326,1137124779807.9453,2102323999284.4326
1,5525782252301.06,2848335656906.7983,3034312541923.079,10516686540915.64,11324226366824.0,1768098188572.5442,1097177746964.7559,1768098188572.5442
0,5579588713101.5625,2628155053762.3276,2927416225982.33,9581327792399.314,10124078702591.0,1801885686343.2178,1115077188438.2012,1801885686343.2178
0.125,6245500540244.21,2971749692360.6626,3333381400423.371,10449328967767.965,11252280164430.0,2147376089883.642,1152040790007.0176,2147376089883.642
0.25,6856420274284.592,3401015166510.295,3739180481109.1553,10870129649261.982,12210619586645.0,2392126980513.2783,1170315139914.0527,2392126980513.2783
0.375,5977765794371.464,2905320497883.2393,3257966565487.155,10100163346154.752,10589439884880.0,1834638984531.8645,1175746648140.5312,1834638984531.8645
0.5,5377663302781.379,2528127003193.7593,2723742250226.125,10029404723730.37,9757206393534.0,1683229991631.7493,1190961981703.3008,1683229991631.7493
0.625,6646429771589.946,3285496197955.0005,3717037922433.6846,10577231883430.201,12423740908045.0,2187574210440.9907,1151994607250.6895,2187574210440.9907
0.75,6382018876567.446,3223680131504.783,3426483111024.526,10786643633772.705,10908073655618.0,2854777343356.5835,1191195937916.3223,2854777343356.5835
0.875,5667844515864.666,2779437686940.717,3047522968981.0723,10793259439093.393,10449160082036.0,1877433177305.629,1126967111986.3164,1877433177305.629
1,5354948533585.618,2722594055741.109,2934464381217.858,10901013520005.17,10471481271860.0,1769670354505.2905,1150768459649.873,1769670354505.2905
0,6143471664586.531,3271215041108.039,3530003124927.742,10919622285167.943,12364671355262.0,2184525961204.5505,1152147440902.7617,2184525961204.5505
0.125,4999063272484.883,3132191825650.648,3125178368339.5376,11417910918176.195,10890865983245.0,1949611721915.6648,1206450378860.3672,1949611721915.6648
0.25,5820038485465.057,3092564439448.871,3278607048250.1636,10937930193608.518,10467397361927.0,2168559947450.9824,1116298282985.8555,2168559947450.9824
0.375,6440752434593.534,3472773753546.055,3761480025404.5596,11469662710141.66,11854095245759.0,2654301291377.785,1139686165944.1172,2654301291377.785
0.5,5808047670462.718,2967146080701.6787,3295619777036.373,11196582173643.77,11614368538224.0,1849243415830.9592,1097082454840.25,1849243415830.9592
0.625,6339553578328.359,3532381958431.7373,3863362015524.4575,10626131881688.125,11934515546386.0,2832218960225.502,1127046332571.166,2832218960225.502
0.75,5841827289758.676,2992675669510.299,3221467959870.893,10811294701116.957,10123906530887.0,2643494439918.6143,1152877672004.7383,2643494439918.6143
0.875,6800962110560.205,3143314592240.839,3562427105566.5996,10949938386356.805,11463737495561.0,2110633080168.5532,1122774357392.7188,2110633080168.5532
1,6271266362269.698,3576355767092.0146,3868752645809.137,10857662842003.42,11280966821356.0,2268376385435.1006,1167171348051.9336,2268376385435.1006
0,5770689714798.052,3096973180518.4463,3230206116453.053,10258010858403.803,9883143499676.0,2192941142319.945,1135865403414.7852,2192941142319.945
0.125,6326598303552.432,3336702718547.8936,3636288655821.876,10152884116817.69,12704026210600.0,2530345279766.299,1121124930033.541,2530345279766.299
0.25,5758369168494.801,3531983424063.6177,3552226822326.534,10628745556976.84,10567475528788.0,3101930561516.4062,1111537716675.1328,3101930561516.4062
0.375,5215395626919.196,2901130611938.6655,3184792925496.8394,9554450545502.934,11216684867938.0,1579157639589.6812,1082630790296.5684,1579157639589.6812
0.5,6085304882179.314,3219425905692.2705,3649672905509.506,10020118421330.676,10571272258029.0,2474476566979.027,1158579558695.707,2474476566979.027
0.625,5514955649248.725,2975427337686.8623,3080886297858.0044,9895530010009.893,9864848902173.0,2179967791125.7012,1112530888017.1777,2179967791125.7012
0.75,6878941116660.461,3491168515139.208,3757641403844.2485,11163904243985.777,11183022531471.0,2540506498408.5127,1160586704029.3184,2540506498408.5127
0.875,5324386850486.482,3038300288589.6523,3115966128918.465,10262801545580.164,10599682716168.0,2077208236372.8142,1168216349553.3809,2077208236372.8142
1,6075730766689.0205,2953916006389.22,3184733299922.058,10549631685361.074,10872164711407.0,1896790508413.4414,1145484311025.0352,1896790508413.4414
0,5237959377973.641,2931432148941.8022,3021192253435.4204,9531641788279.264,10780026999760.0,2272128114097.752,1156309601619.6602,2272128114097.752
0.125,4595566187135.486,2648680962738.8403,2541481311508.257,10363954116201.055,8637525177344.0,1566446951585.2334,1123531858194.1328,1566446951585.2334
0.25,5420659601757.7,2697584676161.08,2905418612843.787,10781268888991.086,10219580470756.0,2053553486581.516,1097445931929.4512,2053553486581.516
0.375,5535074787213.708,3055824110797.6914,3346682984994.7188,10949251421436.197,10522308399707.0,2572177455867.6987,1186629531019.8008,2572177455867.6987
0.5,5021486409816.426,2993084337935.311,3119104659950.9893,10308093359651.525,11010574990974.0,2248936891605.6445,1110537071894.537,2248936891605.6445
0.625,5480983987776.511,2932864515550.798,3049926878677.135,11443426936405.572,10356263780988.0,1854180563563.3127,1155968715979.9883,1854180563563.3127
0.75,4760495976821.835,2651056890812.429,3010236860117.886,10788385076172.549,10550648360825.0,1909175940548.2808,1161355297047.5156,1909175940548.2808
0.875,5520993524163.326,2795187671126.297,3101828098493.703,10025963114173.17,11200696464030.0,1896757593105.6091,1162457711202.7266,1896757593105.6091
1,5806282841697.846,3860328808622.959,4072131811958.0635,9535444590258.686,11013417256822.0,3196125999891.577,1143415994891.8887,3196125999891.577
0,5807230723203.436,2768963833356.833,3055323412881.826,9694416613279.72,12802876455968.0,1767197016390.296,1162846639393.5762,1767197016390.296
0.125,5333570452373.338,3411246306725.6753,3647386156693.8555,9774846552185.533,9637004967552.0,2507173018062.897,1130754699853.5156,2507173018062.897
0.25,5677162505041.089,3586419816958.919,3716353366724.1323,9665535237211.45,13432798393002.0,2147922790026.6375,1123523170367.3066,2147922790026.6375
0.375,5908012943221.324,3194914186607.202,3479607083895.061,9436632580555.414,12226923001695.0,2303799722500.2695,1131850951542.7227,2303799722500.2695
0.5,4869033002996.41,2864784960666.0664,2755777355487.625,10121005083221.28,9335715336902.0,1673051280290.9888,1113860823083.6777,1673051280290.9888
0.625,6689884529640.545,3179367637222.145,3582545919221.2437,10173804921338.924,11980857295580.0,2156246977599.87,1172753031023.4531,2156246977599.87
0.75,6647374706259.561,4610811389831.979,4845605298921.048,11143020714667.7,11723113747561.0,3514973195675.906,1164200422334.002,3514973195675.906
0.875,6167353580945.08,2993135052776.6606,3452685714326.0723,10411257169771.0,11474111259976.0,2170834910241.0632,1156738456456.0293,2170834910241.0632
1,6614318723985.393,3327513913136.5273,3688956734441.0703,10964481124570.545,11443311350707.0,1948012412150.0298,1153304051769.6797,1948012412150.0298
0,4224681035991.1924,2767222083436.3257,2847894519370.2075,9578657285386.37,9187983501156.0,1995111991141.2085,1146838857212.836,1995111991141.2085
0.125,5791417331598.618,2746146377586.0903,3094846221049.032,9107863395018.072,11106332091141.0,1819948706532.67,1149531856673.8613,1819948706532.67
0.25,5094631424133.969,3147725673594.804,3369261219522.5293,10081447182151.863,10710486439412.0,2368873559423.787,1149030052576.3633,2368873559423.787
0.375,6375961063558.189,2886903846945.8657,3366852858165.831,10119990494481.701,11860530720124.0,1962343485756.1826,1145810146844.75,1962343485756.1826
0.5,5738363565973.416,2875214445746.7505,3143514062273.615,10662833616697.506,12056681324648.0,1886655056891.2407,1200510782952.5332,1886655056891.2407
0.625,4886570083204.556,2739294427409.6167,2799621779786.486,8973891167148.375,10688865743911.0,2071893170064.3918,1151501369503.8691,2071893170064.3918
0.75,5824459383756.835,2932382311730.039,3117432905732.3154,10239072384601.844,10904057964273.0,1854168387891.4329,1101204786100.455,1854168387891.4329
0.875,5773961556201.769,3409157857428.527,3552242694617.461,9920572854712.285,11192204362333.0,2617436076239.586,1181140790400.588,2617436076239.586
1,5739000042077.748,3254420215364.6953,3479197913066.0933,10402715541947.494,11719430809562.0,2562907329923.271,1141785436566.6445,2562907329923.271
0,5246252087098.032,2908697066279.7925,3055002280246.151,12458660341974.969,10460907160292.0,1643714180026.8545,1230888722635.0117,1643714180026.8545
0.125,6128650594142.814,3700733552005.2334,3827149591184.623,10989218847690.332,12754379864286.0,2634554553113.6494,1163678072614.3965,2634554553113.6494
0.25,6104738975441.313,3487085612373.0107,3760411929659.383,11043308529478.035,11011739538313.0,2182666203827.8098,1135470874061.2637,2182666203827.8098
0.375,4732706982540.409,2592059955042.2417,2556026051798.1934,10878084796705.77,8014975829062.0,1547233992482.7456,1153421024389.3164,1547233992482.7456
0.5,6426080546096.893,2876098537671.1714,3251669968175.7593,11174305341997.33,12778980285206.0,1946092338746.4963,1173735185251.4688,1946092338746.4963
0.625,5116942004603.993,3223174982883.2427,3297637110838.717,11154069645805.719,10973844834532.0,2683328187136.669,1126722008430.4043,2683328187136.669
0.75,6133055704559.758,2929111010554.5757,3282134716072.751,10897729096616.385,11345091627853.0,1748604714225.3215,1128974626319.7207,1748604714225.3215
0.875,6563878528643.049,3432333208812.7637,3655556772625.9526,11234856717177.139,10921874317031.0,2774200765338.9165,1172001036623.3027,2774200765338.9165
1,6593733235284.555,3156676574378.3477,3536918001438.8643,11621614669169.201,11120178104621.0,2054582315722.87,1180941809721.1914,2054582315722.87
0,5785287270211.088,3179207675255.069,3240945699273.8223,9359456131275.232,12108598219430.0,2040421444531.3477,1090015674179.8789,2040421444531.3477
0.125,5427869649601.697,3042227223868.9683,3183280426799.1353,9733019822640.924,9969327189371.0,2420291542618.3447,1184798615342.4082,2420291542618.3447
0.25,5936461990825.215,3400251325159.8384,3583483889651.902,10493721818443.998,11309447199248.0,2274251625083.9688,1136337897510.3027,2274251625083.9688
0.375,6107942579201.669,2776408929756.1934,3181328200984.0825,10575524612234.549,11391283839814.0,1746669477446.4622,1150722887581.3691,1746669477446.4622
0.5,5382469102956.309,2738118854868.9033,2934763026275.6772,11179231463512.77,9700044999280.0,1800196849634.1262,1145663663477.4766,1800196849634.1262
0.625,5807565508413.263,2677467334856.3037,2934348411634.4946,9421027366132.986,10735022397873.0,1897102786077.277,1114246889208.504,1897102786077.277
0.75,5655796605195.733,3278718756845.6646,3499485906439.1064,10250010769368.1,11139992795923.0,2530405087221.7686,1085652908280.7207,2530405087221.7686
0.875,5156035333813.615,2940570163434.101,2987755841086.8755,9659622037836.736,10672802164655.0,1896633357406.2866,1174980745030.545,1896633357406.2866
1,5647834112607.894,2863097022319.905,3164927366766.557,10226715599625.777,11023665573643.0,1819209829578.3184,1178521592928.5469,1819209829578.3184
0,5216135104363.184,2684725212642.721,2905758398656.9487,10477884949809.162,10146061013407.0,1871054469520.902,1228795928590.8633,1871054469520.902
0.125,5521191884240.064,2606437109171.872,2799144158045.238,9929880740066.559,10739371492586.0,1663239863739.7886,1087713636239.6719,1663239863739.7886
0.25,5376550178878.734,2710837743992.6504,2975049097103.8584,11091628507643.37,10536661299066.0,1768044232001.36,1119069689460.213,1768044232001.36
0.375,6009574264353.904,3031663532644.8726,3297664320499.8604,9950513063090.254,11870894864117.0,2099774348089.8777,1105558486044.502,2099774348089.8777
0.5,5246719542826.211,2909679538938.6226,2985119060941.5195,9484322569984.746,9809076460398.0,1852179090350.3362,1118768157595.5742,1852179090350.3362
0.625,6080846012769.904,3205664926530.6055,3448999633467.763,11175222452524.646,11830752270378.0,2324484585565.3906,1146178255866.3652,2324484585565.3906
0.75,6361588612868.463,3254323312351.7764,3460091939621.3765,10559043054268.596,11459216228100.0,2729372569564.3013,1124744372366.8867,2729372569564.3013
0.875,6149126369336.727,3413056648668.927,3710931684134.697,11483099183069.693,11173836330344.0,2558181395698.203,1180589350000.795,2558181395698.203
1,5790471832141.586,3409031467437.3022,3685589442664.8027,10531296341108.688,11267246004872.0,2625041812882.5938,1161284745384.3574,2625041812882.5938
0,4821711835807.344,2926310245746.3564,2966654694545.133,10506808547989.756,10503171174086.0,2337188721678.718,1186689686673.246,2337188721678.718
0.125,5587685568488.952,3167099030574.9194,3179430665494.277,11133420925816.947,11175807153926.0,2368257568327.3994,1179565282320.3965,2368257568327.3994
0.25,6429132713646.507,3624469899003.118,3981661168512.1216,9370294714532.576,11565074828522.0,2879833256989.883,1129865568902.7266,2879833256989.883
0.375,5536557883375.87,2650638760771.71,2855373113286.3076,9737286347766.664,10371317994022.0,1812174127274.513,1134400466396.7383,1812174127274.513
0.5,5670374199620.784,3556627660860.191,3682604412058.7344,10720461582999.535,11727377965508.0,2806414322891.9854,1169993027686.004,2806414322891.9854
0.625,6043011941612.723,3438350984183.71,3718226100008.409,10451672071519.307,9935202744362.0,2302890887386.462,1104988588329.045,2302890887386.462
0.75,5770912760809.797,3187727979020.386,3309513411150.3564,10375257019883.229,11638317989356.0,2271929619103.2817,1138872688069.9453,2271929619103.2817
0.875,6061043588445.362,3129913053833.7715,3397132408271.8076,10480602584288.559,11397681205899.0,1863967830514.758,1202219324646.08,1863967830514.758
1,6021246461000.103,3428514940753.196,3594552031710.046,9905099680308.533,10644450084330.0,2278664517341.775,1122560425682.9805,2278664517341.775
0,4941571836156.194,2600533191065.53,2681342230779.234,9756291813896.844,9636469201008.0,1431508574219.4688,1154819882892.8418,1431508574219.4688
0.125,5350784544497.568,2596787233613.432,2788665144605.236,10524780908842.752,9917042765105.0,1765872096276.8613,1143457014303.5645,1765872096276.8613
0.25,5827251569095.413,3124663549872.7583,3214583104876.546,9683639589755.996,11441849987652.0,1746211679170.292,1164587052094.9531,1746211679170.292
0.375,5563419344525.035,2863398914056.5054,2983540093395.654,9801446758853.691,11118860489949.0,1854802994799.0552,1189166976350.7676,1854802994799.0552
0.5,6341014804141.265,3086300468686.945,3502530976706.549,9976851274794.275,11516921523964.0,2382431649185.9507,1167188449554.211,2382431649185.9507
0.625,5978148405639.818,3751656123365.9062,3918797856815.512,9698485541635.709,10904840459228.0,2583540953989.6606,1143494066713.3828,2583540953989.6606
0.75,5353193117944.8,2665913822574.595,2872855177222.7104,9469977971471.926,9984680289714.0,1616628954789.4104,1168949331141.2832,1616628954789.4104
0.875,6886000924853.685,3460542998360.067,3863745510295.3237,10975229692026.977,11244215422665.0,2385743843584.72,1146018776719.7422,2385743843584.72
1,7057024120943.201,3590219552070.689,3991314297143.6,10797792447098.541,10772798316805.0,2567184776770.804,1155385418462.3438,2567184776770.804
0,5749768437872.675,2994112777428.206,3197118503027.3535,10755903359956.012,11084631264676.0,2013141866864.6357,1119035443594.5,2013141866864.6357
0.125,5284765625662.134,3016933189240.5156,3032704821918.19,10742096127982.746,9677871502608.0,2164789325544.1265,1188820903906.2715,2164789325544.1265
0.25,6216369119870.758,3706519962128.6636,4045518903198.6416,10935881637056.262,10460229223292.0,2280455210223.2666,1160874460957.043,2280455210223.2666
0.375,5940567391981.717,2950729206447.5312,3119828941930.043,10874476641625.674,11712883459601.0,1623625444694.6528,1162354103813.2168,1623625444694.6528
0.5,5684344659593.911,2922736667044.3896,3305918387980.9834,11068836095463.465,10816090695698.0,1883226854505.7678,1144800885727.627,1883226854505.7678
0.625,6190817382253.993,3751870065392.7573,3950887115220.0654,11593802761912.879,11200591946300.0,2622698138926.0137,1175968975084.2559,2622698138926.0137
0.75,5729603068210.752,2963161238777.154,3182985911454.779,10036081141406.135,9966604688098.0,1992776838713.1086,1096903253678.8848,1992776838713.1086
0.875,6587592387326.726,3076252124021.9316,3390166916231.793,10773611849902.133,11607078289981.0,2267165319719.807,1136964586175.3594,2267165319719.807
1,6062272873548.475,2874700129844.3984,3221945278271.4253,9950973729986.6,11052838399721.0,1953225066521.69,1123356722180.7285,1953225066521.69
0,6047658567275.48,2867713101721.0796,3210274041548.2925,10402662603363.443,10543624301378.0,1729965484600.448,1145122770193.162,1729965484600.448
0.125,6594476692228.991,3132834594667.8857,3589782937117.153,10568940143737.773,10821311826236.0,2133553447388.235,1180594554008.9023,2133553447388.235
0.25,5866414198264.081,2796235371190.8877,3069818106363.65,11195906023894.326,10086116217005.0,1647624994431.364,1158478897070.793,1647624994431.364
0.375,4542945086871.287,2457090719295.7363,2574252425538.479,10852646457736.01,11231315784675.0,1565876453070.644,1129521202628.7344,1565876453070.644
0.5,5976492304657.27,3020973270509.7944,3280046007769.135,11372818952699.191,11880865651421.0,1796413600107.9297,1141580625919.9258,1796413600107.9297
0.625,5332261053455.918,2918071228039.1626,3102077830179.857,10369755336942.85,11526293019339.0,1931588392530.7344,1155889699187.4043,1931588392530.7344
0.75,6025354763735.173,2819260898793.526,3135351269152.849,11676754387822.447,10773776139413.0,1980637228379.081,1208150959575.9355,1980637228379.081
0.875,5487850503967.061,2730042178622.871,3014850715164.7173,10162291163961.795,10919705842547.0,1798822304169.9949,1095141620646.7988,1798822304169.9949
1,5043665408572.659,2791728244243.1,2948990355407.73,11583312649307.78,10537477015864.0,2253059808361.7476,1137968218231.582,2253059808361.7476
0,6862641665616.388,3517486470443.61,3693729051791.425,10457302719172.242,15004658908182.0,2433250229183.0977,1173703049438.9316,2433250229183.0977
0.125,4780100759313.322,2985045928715.608,3103811914588.019,9559046301155.607,10360326268387.0,2084731075779.7239,1120547912647.5742,2084731075779.7239
0.25,5903109155565.993,3017653425556.292,3144904233919.6753,10295193990944.889,11368136703128.0,2435283527581.973,1133817949472.7441,2435283527581.973
0.375,5401106665537.574,2563194467958.2163,2847273924493.666,10106399978495.584,9973069540472.0,1828731468291.306,1171187434083.4277,1828731468291.306
0.5,5544649727857.473,2949287746813.972,3018638876367.906,10084614700491.178,11110766804949.0,2047211126624.3557,1172089597482.6875,2047211126624.3557
0.625,7293463281469.278,3374658460234.4277,3764347786334.395,10940867366231.008,11578752445832.0,2499451595136.2207,1179830462557.2383,2499451595136.2207
0.75,6354646863023.801,2932360725400.692,3379717497730.8486,9551616385202.041,11728444813157.0,1919721298640.8687,1139789449963.6191,1919721298640.8687
0.875,5189734282934.629,2701388719727.544,2911773822118.8447,10875059507556.016,10843465082554.0,1784455564701.404,1132859953391.6914,1784455564701.404
1,5439960992481.441,2936755432965.378,3016154372468.0757,10494708331326.947,11403216614448.0,1906086634765.3274,1188123623234.4707,1906086634765.3274
0,5191693273024.701,2593257665033.2153,2837242080595.8467,9822228155803.195,9489119179160.0,1777356158110.4023,1133295385770.4688,1777356158110.4023
0.125,6087297012291.417,3281017284779.9326,3607363297956.527,10439107004380.703,12549920018037.0,2340483922440.9854,1166762836169.752,2340483922440.9854
0.25,5199005396959.254,2929661092901.334,3001265368745.088,10409515721689.041,11160123080922.0,2101390311807.8914,1136205423647.2793,2101390311807.8914
0.375,5317963079232.536,2735584673653.6313,2942407982313.467,10881129264105.766,9936891333765.0,1695490908963.1968,1133989943441.3809,1695490908963.1968
0.5,6578430033604.181,3120990574450.5796,3443476501899.004,10525339970030.244,11252421446901.0,1974139256572.6836,1160851099616.963,1974139256572.6836
0.625,4811218676220.09,2432425540070.122,2688998155417.007,10064013206615.82,10847674658066.0,1583592247293.7651,1124577175182.0059,1583592247293.7651
0.75,5297841692673.344,3350418023328.4336,3573330723004.8706,9552931315484.895,10387605622822.0,2297419940375.8955,1116560021236.1836,2297419940375.8955
0.875,6140362320964.414,2793465162551.1904,3198124690247.102,10124935637011.11,11104484004350.0,2097509575231.3452,1146559528850.6035,2097509575231.3452
1,5905593655456.76,4074363385340.998,4106494486246.7446,10056472335081.818,10417937968833.0,3104842511771.378,1121037603875.7715,3104842511771.378
0,5492928478509.61,2971399032986.138,3136538845985.1953,10427413996686.412,8582444642693.0,2286996717237.378,1123205499678.0156,2286996717237.378
0.125,5070661432921.286,3112369553367.7188,3208292802838.741,11086545775408.371,10092357510268.0,2116882667789.0632,1230796986203.8477,2116882667789.0632
0.25,5885956313073.153,2958083606320.698,3203720813161.4116,10103329091549.094,11080299139508.0,2404832461575.671,1139694987869.8574,2404832461575.671
0.375,6401113106370.265,4389755930125.3696,4474690609143.555,11545082096677.902,10373914827374.0,2855400611862.579,1176802168696.1309,2855400611862.579
0.5,5600314715358.532,2825907010693.559,3279198422174.833,10982593270229.533,10743032546112.0,1983658477554.2368,1149927486355.955,1983658477554.2368
0.625,6932818360948.338,3403248876850.1562,3924269916022.511,9757222668117.16,11311370127713.0,2383223882658.125,1114721504974.3145,2383223882658.125
0.75,6301496344420.512,3631400786063.8184,3781785975472.462,10821255851627.338,12188760709329.0,3036444700912.5737,1125488411486.0488,3036444700912.5737
0.875,6211571174656.637,3475081000194.29,3609368135680.99,9942795312702.77,10770431046003.0,2189822120668.8162,1147984830409.213,2189822120668.8162
1,5603738164666.324,3036164810241.832,3141893729271.916,9965515214885.406,10932619946423.0,2172378795190.36,1152466763940.252,2172378795190.36
0,6463793856117.081,3050724155539.722,3472893906444.43,9332722161618.506,12245126667737.0,1723304478026.4531,1081004304095.6387,1723304478026.4531
0.125,5740619040362.095,3036067116451.3936,3330114485287.14,10371392407696.318,11426646431540.0,2071732345063.2102,1139345755575.9434,2071732345063.2102
0.25,5184158280635.346,2663296672684.098,2833837614891.0635,9852146497705.396,10400820634341.0,1683848922998.8027,1117828914830.5527,1683848922998.8027
0.375,5899249446136.137,2745695929598.0547,3340827466286.3286,10189749861417.197,12862744848955.0,1970923552370.0835,1167030737755.7754,1970923552370.0835
0.5,5768240329969.021,2794309146610.252,3142470264928.707,10053084352967.074,10360631827808.0,1690064200278.2769,1128154421926.5488,1690064200278.2769
0.625,5259791473212.644,2662563001361.102,2950624158531.2695,9707011545500.408,10020154752651.0,1691306576449.2598,1120195719754.752,1691306576449.2598
0.75,5357902423544.5,2903272131854.278,3108979496821.065,9787085421213.074,10319941541315.0,2079824045057.0093,1183046938291.8555,2079824045057.0093
0.875,5117377272152.139,2705358694877.687,2904442567901.2593,10437495231138.21,11083955448408.0,1814933268850.8413,1144011118320.254,1814933268850.8413
1,6326220372327.534,3017825419624.7803,3673500722531.5894,10356497306528.998,11500248333915.0,2090235444789.192,1163312190741.6094,2090235444789.192
0,4771226325153.438,2443898513339.1216,2574068053277.62,10159535593087.67,8051630938202.0,1787141433559.6567,1138698287193.5586,1787141433559.6567
0.125,5984981621702.987,2835136462951.882,3190037183666.2705,10006890133816.572,11173863695811.0,1802756382649.8105,1150907694774.295,1802756382649.8105
0.25,5181914440087.704,2700051532503.0127,2826019007883.158,9789755838967.248,11351621117228.0,1841432308797.64,1165216906506.5684,1841432308797.64
0.375,5771128991052.162,3301218284326.137,3463704707458.956,9640300834971.406,11739769629539.0,2455241482167.9395,1122275655061.7305,2455241482167.9395
0.5,5683888411766.637,3164916814162.912,3294775563305.0186,10200359440733.623,10494919969538.0,2394588759582.14,1128678391647.2695,2394588759582.14
0.625,5537837777225.381,2854809546233.3696,3066237860446.645,10060009106948.402,9969399214981.0,2357615985185.742,1151139687395.295,2357615985185.742
0.75,5347829982158.889,2829272447555.6406,3093991833618.075,9960348231836.047,11780447669810.0,1820983180439.9893,1100570463529.039,1820983180439.9893
0.875,5522507738629.236,2855785303274.5845,3096300550512.0273,10469000561102.979,11304018444570.0,1908093817601.464,1144181803733.1152,1908093817601.464
1,5239536708896.096,2835465361653.9473,3043224417150.611,9431711825365.236,11162000309998.0,2088239091391.7678,1140568414585.5176,2088239091391.7678
