P,ICPP22,TOPC24,Fair,minTime,minArea,Topt
124,6065504430844.0625,6065504430844.0625,6065504430844.0625,7557307887294.705,11181311884154.0,4926873122057.661,4926873122057.661,2039666120813.681
256,3307363238875.3525,3307363238875.3525,3307363238875.3525,4982540749835.659,11181311884154.0,2386454168496.6797,2386454168496.6797,2033562771224.11
384,2615780616268.804,2615780616268.804,2615780616268.804,4181575876306.639,11181311884154.0,2032250320046.3594,1590969445664.4531,2032250320046.3594
512,2426546621321.5264,2426546621321.5264,2426546621321.5264,2918220284334.0054,11181311884154.0,2032144623585.5593,1193227084248.3398,2032144623585.5593
640,2302685887813.826,2302685887813.826,2302685887813.826,2332254629954.563,11181311884154.0,2032144623585.5593,954581667398.6719,2032144623585.5593
768,2243307594534.2534,2243307594534.2534,2243307594534.2534,2245602822575.1577,11181311884154.0,2032144623585.5593,795484722832.2266,2032144623585.5593
896,2183788001050.179,2183788001050.179,2183788001050.179,2168968702770.548,11181311884154.0,2032144623585.5593,681844048141.9084,2032144623585.5593
1024,2153515877743.3977,2153515877743.3977,2153515877743.3977,2163185200182.6462,11181311884154.0,2032144623585.5593,596613542124.1699,2032144623585.5593
124,5791599230273.508,5791599230273.508,5791599230273.508,5286067930948.2,9616251658436.0,4719489055971.822,4719489055971.822,686879322854.7432
256,2710001712415.455,2710001712415.455,2710001712415.455,3034517249171.208,9616251658436.0,2286002511486.3516,2286002511486.3516,684487987846.0836
384,1715330637470.475,1715330637470.475,1715330637470.475,2125965835953.0337,9616251658436.0,1524001674324.2344,1524001674324.2344,684455191403.4762
512,1309763851314.9836,1309763851314.9836,1309763851314.9836,1489676625842.325,9616251658436.0,1143001255743.1758,1143001255743.1758,684455191403.4762
640,1077533386643.361,1077533386643.361,1077533386643.361,1134093594630.8018,9616251658436.0,914401004594.5406,914401004594.5406,684455191403.4762
768,936180055093.379,936180055093.379,936180055093.379,973403180574.6345,9616251658436.0,762000837162.1172,762000837162.1172,684455191403.4762
896,871648251982.5245,871648251982.5245,871648251982.5245,939666839506.9806,9616251658436.0,684455191403.4762,653143574710.3861,684455191403.4762
1024,869279929722.0048,869279929722.0048,869279929722.0048,854806672804.4662,9616251658436.0,684455191403.4762,571500627871.5879,684455191403.4762
124,5602040289262.491,5602040289262.491,5602040289262.491,6791085413283.739,12504162619438.0,4632411880669.669,4632411880669.669,1484602247494.8882
256,2680751232436.472,2680751232436.472,2680751232436.472,4051024769306.4995,12503114127514.0,2243824504699.371,2243824504699.371,1477709029031.4402
384,2138270383479.8718,2138270383479.8718,2138270383479.8718,3429063625975.8906,12503114127514.0,1495883003132.914,1495883003132.914,1476290076122.5144
512,1902380548232.9417,1902380548232.9417,1902380548232.9417,2266796959329.4897,12503114127514.0,1475680722033.4097,1121912252349.6855,1475680722033.4097
640,1793296450300.2896,1793296450300.2896,1793296450300.2896,1791506481831.7432,12503114127514.0,1475680722033.4097,897529801879.7484,1475680722033.4097
768,1747100333553.3328,1747100333553.3328,1747100333553.3328,1764686009878.2258,12503114127514.0,1475680722033.4097,747941501566.457,1475680722033.4097
896,1677417143014.2905,1677417143014.2905,1677417143014.2905,1711564118900.5925,12503114127514.0,1475680722033.4097,641092715628.3917,1475680722033.4097
1024,1678804224079.3247,1678804224079.3247,1678804224079.3247,1683137468317.1216,12503114127514.0,1475680722033.4097,560956126174.8428,1475680722033.4097
124,5519883448219.889,5519883448219.889,5519883448219.889,5530368430745.669,10747748277717.0,4528905633825.04,4528905633825.04,787736186860.72
256,2587449345775.4907,2587449345775.4907,2587449345775.4907,3102574783651.1406,10747748277717.0,2193688666384.004,2193688666384.004,782531615053.5033
384,1652178005585.3848,1652178005585.3848,1652178005585.3848,2490721935361.766,10747748277717.0,1462459110922.6692,1462459110922.6692,781128127369.6827
512,1379228512172.8035,1379228512172.8035,1379228512172.8035,1593206569363.587,10747748277717.0,1096844333192.002,1096844333192.002,781064092194.1102
640,1244470122002.5781,1244470122002.5781,1244470122002.5781,1312742014848.8503,10747748277717.0,877475466553.6016,877475466553.6016,781064092194.1102
768,1160899830837.5923,1160899830837.5923,1160899830837.5923,1181206830138.3303,10747748277717.0,781064092194.1102,731229555461.3346,781064092194.1102
896,1113407743223.986,1113407743223.986,1113407743223.986,1124247035136.8894,10747748277717.0,781064092194.1102,626768190395.4297,781064092194.1102
1024,1069176101969.7947,1069176101969.7947,1069176101969.7947,1071219955590.4818,10747748277717.0,781064092194.1102,548422166596.001,781064092194.1102
124,5702771922158.297,5702771922158.297,5702771922158.297,6424450853066.445,10338407407706.0,4662282142960.629,4662282142960.629,1234774087231.904
256,2662669519539.7456,2662669519539.7456,2662669519539.7456,4130186353455.383,10338407407706.0,2258292912996.5547,2258292912996.5547,1234607916506.7612
384,1890978193215.5203,1890978193215.5203,1890978193215.5203,3358068797621.086,10338407407706.0,1505528608664.3699,1505528608664.3699,1234596588763.1104
512,1729553796238.5989,1729553796238.5989,1729553796238.5989,2276824751908.006,10338407407706.0,1234595566287.2383,1129146456498.2773,1234595566287.2383
640,1602311108988.641,1602311108988.641,1602311108988.641,1646235614585.2876,10338407407706.0,1234595566287.2383,903317165198.6218,1234595566287.2383
768,1533135700604.2454,1533135700604.2454,1533135700604.2454,1545874517097.1245,10338407407706.0,1234595566287.2383,752764304332.1849,1234595566287.2383
896,1473245955145.3499,1473245955145.3499,1473245955145.3499,1484035716544.2244,10338407407706.0,1234595566287.2383,645226546570.4442,1234595566287.2383
1024,1448493497770.6028,1448493497770.6028,1448493497770.6028,1450321348698.7302,10338407407706.0,1234595566287.2383,564573228249.1387,1234595566287.2383
124,6076751852281.746,6076751852281.746,6076751852281.746,8940302802190.035,12505841437087.0,4706981444440.79,4706981444440.79,2892419595338.805
256,4111107456080.1143,4111107456080.1143,4111107456080.1143,6465595209166.223,12505841437087.0,2887660372756.1123,2279944137151.008,2887660372756.1123
384,3640009873415.4243,3640009873415.4243,3640009873415.4243,5708678417395.852,12505841437087.0,2886776725628.735,1519962758100.6719,2886776725628.735
512,3415748677877.798,3415748677877.798,3415748677877.798,3499922881994.5513,12505841437087.0,2886631786459.3374,1139972068575.504,2886631786459.3374
640,3311187392032.538,3311187392032.538,3311187392032.538,3323952235951.121,12505841437087.0,2886631786459.3374,911977654860.4031,2886631786459.3374
768,3264180754946.6855,3264180754946.6855,3264180754946.6855,3276174292972.8013,12505841437087.0,2886631786459.3374,759981379050.3359,2886631786459.3374
896,3257569086459.1875,3257569086459.1875,3257569086459.1875,3274149548935.152,12505841437087.0,2886631786459.3374,651412610614.5736,2886631786459.3374
1024,3212281626826.776,3212281626826.776,3212281626826.776,3214148287477.462,12505841437087.0,2886631786459.3374,569986034287.752,2886631786459.3374
124,6228312012706.206,6228312012706.206,6228312012706.206,8751921100643.1045,12389859604802.0,4881922870056.653,4881922870056.653,2804935264119.516
256,3612475996190.95,3612475996190.95,3612475996190.95,6087825520545.223,12389859604802.0,2796570756758.7324,2364681390183.6914,2796570756758.7324
384,3219906229955.926,3219906229955.926,3219906229955.926,5298089177326.388,12389859604802.0,2795297904933.9067,1576454260122.461,2795297904933.9067
512,3067331947286.6196,3067331947286.6196,3067331947286.6196,4137629580250.533,12389859604802.0,2795022697069.366,1182340695091.8457,2795022697069.366
640,2999637136330.6255,2999637136330.6255,2999637136330.6255,3047673221951.853,12389859604802.0,2795022697069.366,945872556073.4766,2795022697069.366
768,2962753913163.3975,2962753913163.3975,2962753913163.3975,3004694835726.1045,12389859604802.0,2795022697069.366,788227130061.2305,2795022697069.366
896,2949520042659.758,2949520042659.758,2949520042659.758,2950689096140.8384,12389859604802.0,2795022697069.366,675623254338.1975,2795022697069.366
1024,2910127123231.7617,2910127123231.7617,2910127123231.7617,2937469345413.6777,12389859604802.0,2795022697069.366,591170347545.9229,2795022697069.366
124,5588810983819.668,5588810983819.668,5588810983819.668,5781402566417.259,11250975367505.0,4565913466239.637,4565913466239.637,855061194989.3839
256,2583318255105.1035,2583318255105.1035,2583318255105.1035,3525900887028.336,11250975367505.0,2211614335209.824,2211614335209.824,852519892609.4496
384,1740937728070.2573,1740937728070.2573,1740937728070.2573,2792419449593.791,11250975367505.0,1474409556806.5496,1474409556806.5496,851921098234.1266
512,1442009329378.8638,1442009329378.8638,1442009329378.8638,1717387084597.4106,11250975367505.0,1105807167604.912,1105807167604.912,851919495336.6428
640,1270184774807.7944,1270184774807.7944,1270184774807.7944,1320769861709.4263,11250975367505.0,884645734083.9297,884645734083.9297,851919495336.6428
768,1159751791071.499,1159751791071.499,1159751791071.499,1168533562219.1184,11250975367505.0,851919495336.6428,737204778403.2748,851919495336.6428
896,1090895956613.8279,1090895956613.8279,1090895956613.8279,1083814015304.7063,11250975367505.0,851919495336.6428,631889810059.9498,851919495336.6428
1024,1010387177301.9027,1010387177301.9027,1010387177301.9027,1026888404624.0397,11250975367505.0,851919495336.6428,552903583802.456,851919495336.6428
124,5756271785068.937,5756271785068.937,5756271785068.937,5570485427488.505,11544058407625.0,4709278091147.629,4709278091147.629,778854130108.5281
256,2698786278915.8066,2698786278915.8066,2698786278915.8066,3274651907089.355,11536145197028.0,2281056575399.633,2281056575399.633,765966600251.5101
384,1780509920458.331,1780509920458.331,1780509920458.331,2435460055595.7793,11536145197028.0,1520704383599.7551,1520704383599.7551,764333106583.7482
512,1399998506815.753,1399998506815.753,1399998506815.753,1527489501843.1423,11536145197028.0,1140528287699.8164,1140528287699.8164,764276127359.5972
640,1210344208371.0718,1210344208371.0718,1210344208371.0718,1167283262108.0732,11536145197028.0,912422630159.8531,912422630159.8531,764276127359.5972
768,1115858664934.413,1115858664934.413,1115858664934.413,1091682176762.8906,11536145197028.0,764276127359.5972,760352191799.8776,764276127359.5972
896,1058616430071.7195,1058616430071.7195,1058616430071.7195,1055194783984.7002,11536145197028.0,764276127359.5972,651730450114.1808,764276127359.5972
1024,1013916661922.8344,1013916661922.8344,1013916661922.8344,1005383663395.4401,11536145197028.0,764276127359.5972,570264143849.9082,764276127359.5972
124,6413081247929.992,6413081247929.992,6413081247929.992,8383839815142.783,12618619593540.0,4704531421566.032,4704531421566.032,1943165284312.8384
256,3506091057784.9116,3506091057784.9116,3506091057784.9116,6145523485672.744,12583639631892.0,2278757407321.047,2278757407321.047,1941117269591.0596
384,2703041809732.829,2703041809732.829,2703041809732.829,5448529117472.658,12583639631892.0,1940701050394.0952,1519171604880.698,1940701050394.0952
512,2405450926762.0703,2405450926762.0703,2405450926762.0703,2852074689950.493,12583639631892.0,1940591761106.8574,1139378703660.5234,1940591761106.8574
640,2255082878534.0303,2255082878534.0303,2255082878534.0303,2264941261495.9375,12583639631892.0,1940591761106.8574,911502962928.4187,1940591761106.8574
768,2168566899242.6365,2168566899242.6365,2168566899242.6365,2182532957528.9211,12583639631892.0,1940591761106.8574,759585802440.349,1940591761106.8574
896,2115083425572.8472,2115083425572.8472,2115083425572.8472,2121544563148.952,12583639631892.0,1940591761106.8574,651073544948.8705,1940591761106.8574
1024,2075360732510.7598,2075360732510.7598,2075360732510.7598,2079578629898.937,12583639631892.0,1940591761106.8574,569689351830.2617,1940591761106.8574
124,5970846057192.942,5970846057192.942,5970846057192.942,6819316233041.589,11647530824074.0,4865075672651.161,4865075672651.161,1064777356921.8828
256,2779520421789.308,2779520421789.308,2779520421789.308,4380337848958.802,11600921523451.0,2356521028940.4062,2356521028940.4062,1054829956576.5503
384,1849923782258.1667,1849923782258.1667,1849923782258.1667,3477952083779.4,11600921523451.0,1571014019293.6042,1571014019293.6042,1053748110547.7333
512,1627558244153.692,1627558244153.692,1627558244153.692,2550729969749.948,11600921523451.0,1178260514470.2031,1178260514470.2031,1053498725349.901
640,1533679462363.9446,1533679462363.9446,1533679462363.9446,1555747605558.7393,11600921523451.0,1053498725349.901,942608411576.1625,1053498725349.901
768,1486779877754.1604,1486779877754.1604,1486779877754.1604,1541191131858.846,11600921523451.0,1053498725349.901,785507009646.8021,1053498725349.901
896,1414415283906.1584,1414415283906.1584,1414415283906.1584,1464620028316.6536,11600921523451.0,1053498725349.901,673291722554.4017,1053498725349.901
1024,1414522134643.4617,1414522134643.4617,1414522134643.4617,1437853569942.038,11600921523451.0,1053498725349.901,589130257235.1016,1053498725349.901
124,5446118880349.275,5446118880349.275,5446118880349.275,5778605735227.03,9582447723928.0,4468360372920.282,4468360372920.282,904481641888.346
256,2547305226333.45,2547305226333.45,2547305226333.45,3443474410000.634,9542347828172.0,2164362055633.2617,2164362055633.2617,904299404971.554
384,1726921180701.3699,1726921180701.3699,1726921180701.3699,2738024901817.022,9542347828172.0,1442908037088.841,1442908037088.841,904299404971.554
512,1282602687328.0315,1282602687328.0315,1282602687328.0315,2016428262476.709,9542347828172.0,1082181027816.6309,1082181027816.6309,904299404971.554
640,1139072411776.2383,1139072411776.2383,1139072411776.2383,1149332742844.152,9542347828172.0,904299404971.554,865744822253.3047,904299404971.554
768,1085529698889.4989,1085529698889.4989,1085529698889.4989,1098231097892.5703,9542347828172.0,904299404971.554,721454018544.4205,904299404971.554
896,1056633425638.5182,1056633425638.5182,1056633425638.5182,1050346925203.6362,9542347828172.0,904299404971.554,618389158752.3605,904299404971.554
1024,1038213298257.5237,1038213298257.5237,1038213298257.5237,1026801371442.8358,9542347828172.0,904299404971.554,541090513908.3154,904299404971.554
124,5961947989138.336,5961947989138.336,5961947989138.336,6341450420706.767,11773792374075.0,4856296088201.564,4856296088201.564,1142953117694.2385
256,2775625293913.5166,2775625293913.5166,2775625293913.5166,3933607479759.8975,11747839401575.0,2352268417722.633,2352268417722.633,1134123778868.2725
384,1958069465031.812,1958069465031.812,1958069465031.812,3126285083326.8003,11747839401575.0,1568178945148.4219,1568178945148.4219,1131910337879.7478
512,1623633199436.3345,1623633199436.3345,1623633199436.3345,1841353049042.733,11747839401575.0,1176134208861.3164,1176134208861.3164,1131474472723.203
640,1450148837820.1702,1450148837820.1702,1450148837820.1702,1525618008746.9636,11747839401575.0,1131474472723.203,940907367089.0531,1131474472723.203
768,1362970342762.0698,1362970342762.0698,1362970342762.0698,1437510354302.8794,11747839401575.0,1131474472723.203,784089472574.2109,1131474472723.203
896,1332970500018.4138,1332970500018.4138,1332970500018.4138,1353530224685.8376,11747839401575.0,1131474472723.203,672076690777.8951,1131474472723.203
1024,1297765488772.5942,1297765488772.5942,1297765488772.5942,1305155720062.0205,11747839401575.0,1131474472723.203,588067104430.6582,1131474472723.203
124,5746848581696.368,5746848581696.368,5746848581696.368,5448173171282.527,9918911332780.0,4704303079944.589,4704303079944.589,871432006931.928
256,2660119631418.103,2660119631418.103,2660119631418.103,3077805703575.8677,9918911332780.0,2278646804348.16,2278646804348.16,869900544771.4119
384,1721171148056.0234,1721171148056.0234,1721171148056.0234,2319927944531.733,9918911332780.0,1519097869565.4402,1519097869565.4402,869588178149.6626
512,1406613522348.6704,1406613522348.6704,1406613522348.6704,1710922168973.5173,9918911332780.0,1139323402174.08,1139323402174.08,869588178149.6626
640,1279728700604.4678,1279728700604.4678,1279728700604.4678,1245414659650.134,9918911332780.0,911458721739.264,911458721739.264,869588178149.6626
768,1178118927611.9854,1178118927611.9854,1178118927611.9854,1186717410547.971,9918911332780.0,869588178149.6626,759548934782.7201,869588178149.6626
896,1104494394142.6145,1104494394142.6145,1104494394142.6145,1082407009271.9714,9918911332780.0,869588178149.6626,651041944099.4744,869588178149.6626
1024,1048031847906.6106,1048031847906.6106,1048031847906.6106,1039819155080.5007,9918911332780.0,869588178149.6626,569661701087.04,869588178149.6626
124,5962073589416.7,5962073589416.7,5962073589416.7,6562926465328.379,11243098267100.0,4865308181539.274,4865308181539.274,1089455124751.2643
256,2743501564464.0654,2743501564464.0654,2743501564464.0654,4167090306222.568,11243098267100.0,2356633650433.086,2356633650433.086,1081516771068.7806
384,1761925980744.689,1761925980744.689,1761925980744.689,3034548888087.9697,11243098267100.0,1571089100288.7239,1571089100288.7239,1081368527848.9941
512,1388785893749.8286,1388785893749.8286,1388785893749.8286,1860928020738.4783,11243098267100.0,1178316825216.543,1178316825216.543,1081365471287.7615
640,1295123373521.9802,1295123373521.9802,1295123373521.9802,1274879292235.1758,11243098267100.0,1081365471287.7615,942653460173.2344,1081365471287.7615
768,1223855273741.358,1223855273741.358,1223855273741.358,1233571300202.4023,11243098267100.0,1081365471287.7615,785544550144.3619,1081365471287.7615
896,1184736320059.6865,1184736320059.6865,1184736320059.6865,1233486360176.5518,11243098267100.0,1081365471287.7615,673323900123.7389,1081365471287.7615
1024,1185564391699.8232,1185564391699.8232,1185564391699.8232,1180620158535.4102,11243098267100.0,1081365471287.7615,589158412608.2715,1081365471287.7615
124,5869481088327.013,5869481088327.013,5869481088327.013,7134010638570.152,10030842094774.0,4757528594015.032,4757528594015.032,1792028244186.9717
256,2845731702798.6753,2845731702798.6753,2845731702798.6753,4697548779330.308,10030384157032.0,2304427912726.0312,2304427912726.0312,1789232465903.5479
384,2381080643909.491,2381080643909.491,2381080643909.491,3698060796092.83,10030384157032.0,1789215236192.5452,1536285275150.6875,1789215236192.5452
512,2229270483779.453,2229270483779.453,2229270483779.453,2627026366357.109,10030384157032.0,1789209294912.8892,1152213956363.0156,1789209294912.8892
640,2089925934464.5383,2089925934464.5383,2089925934464.5383,2142262700449.83,10030384157032.0,1789209294912.8892,921771165090.4125,1789209294912.8892
768,2039068072782.8462,2039068072782.8462,2039068072782.8462,2039311566433.4521,10030384157032.0,1789209294912.8892,768142637575.3438,1789209294912.8892
896,1990166245208.0505,1990166245208.0505,1990166245208.0505,2009436348274.2236,10030384157032.0,1789209294912.8892,658407975064.5803,1789209294912.8892
1024,1949621990685.2754,1949621990685.2754,1949621990685.2754,1933443134955.7,10030384157032.0,1789209294912.8892,576106978181.5078,1789209294912.8892
124,6122686721643.222,6122686721643.222,6122686721643.222,6084725764243.686,11078881696744.0,5000668847244.758,5000668847244.758,745851403412.1327
256,2915875304485.3696,2915875304485.3696,2915875304485.3696,3647491217518.4946,11078881696744.0,2422198972884.1797,2422198972884.1797,738781304222.1799
384,1906708521726.3298,1906708521726.3298,1906708521726.3298,2812771373194.32,11078881696744.0,1614799315256.1199,1614799315256.1199,738322006693.2059
512,1427874878767.6973,1427874878767.6973,1427874878767.6973,2029518118279.5642,11078881696744.0,1211099486442.0898,1211099486442.0898,738186446174.5889
640,1192723759565.896,1192723759565.896,1192723759565.896,1218990713781.6978,11078881696744.0,968879589153.6719,968879589153.6719,738186446174.5889
768,1025400262235.5779,1025400262235.5779,1025400262235.5779,1091882403508.9673,11078881696744.0,807399657628.0599,807399657628.0599,738186446174.5889
896,961115923996.4982,961115923996.4982,961115923996.4982,995433013544.3866,11078881696744.0,738186446174.5889,692056849395.4799,738186446174.5889
1024,914905306861.1174,914905306861.1174,914905306861.1174,911304371423.5199,11078881696744.0,738186446174.5889,605549743221.0449,738186446174.5889
124,5902352073300.613,5902352073300.613,5902352073300.613,5729533126864.551,10100968581496.0,4777839278360.871,4777839278360.871,670100894902.0491
256,2700277133645.5596,2700277133645.5596,2700277133645.5596,2859203888609.852,10100968581496.0,2314265900456.047,2314265900456.047,670015450763.1437
384,1745726978899.8752,1745726978899.8752,1745726978899.8752,2064219819577.8918,10100968581496.0,1542843933637.3645,1542843933637.3645,669999287204.4966
512,1297795369960.0686,1297795369960.0686,1297795369960.0686,1378004791465.2034,10100968581496.0,1157132950228.0234,1157132950228.0234,669998307594.8817
640,1067640718772.3833,1067640718772.3833,1067640718772.3833,1007429034584.9904,10100968581496.0,925706360182.4187,925706360182.4187,669998307594.8817
768,945884540408.5443,945884540408.5443,945884540408.5443,964031845859.2452,10100968581496.0,771421966818.6823,771421966818.6823,669998307594.8817
896,891344110262.1738,891344110262.1738,891344110262.1738,879800677772.8671,10100968581496.0,669998307594.8817,661218828701.7277,669998307594.8817
1024,842060764080.1226,842060764080.1226,842060764080.1226,859281750782.3291,10100968581496.0,669998307594.8817,578566475114.0117,669998307594.8817
124,5759173826063.823,5759173826063.823,5759173826063.823,6496223386967.685,10547431091302.0,4698371067852.79,4698371067852.79,1051766743641.4462
256,2736722992792.3916,2736722992792.3916,2736722992792.3916,4101879935256.408,10546997242274.0,2275773485991.1953,2275773485991.1953,1049799058687.0518
384,1859511189029.4207,1859511189029.4207,1859511189029.4207,3102160100228.497,10546997242274.0,1517182323994.1301,1517182323994.1301,1049613301669.3326
512,1547492546614.4763,1547492546614.4763,1547492546614.4763,2050900008186.6719,10546997242274.0,1137886742995.5977,1137886742995.5977,1049613301669.3326
640,1437096742226.795,1437096742226.795,1437096742226.795,1446367367703.6873,10546997242274.0,1049613301669.3326,910309394396.4781,1049613301669.3326
768,1407156776821.9587,1407156776821.9587,1407156776821.9587,1398352283547.5977,10546997242274.0,1049613301669.3326,758591161997.0651,1049613301669.3326
896,1405995529253.0232,1405995529253.0232,1405995529253.0232,1398025180825.6104,10546997242274.0,1049613301669.3326,650220995997.4844,1049613301669.3326
1024,1386496370663.7925,1386496370663.7925,1386496370663.7925,1386237689412.209,10546997242274.0,1049613301669.3326,568943371497.7988,1049613301669.3326
124,6082033142523.094,6082033142523.094,6082033142523.094,5728347543004.128,9707970465656.0,4895317859119.21,4895317859119.21,796619059486.8354
256,2846522439591.5044,2846522439591.5044,2846522439591.5044,3144557854648.4453,9703807256648.0,2371169588010.867,2371169588010.867,791551117467.4144
384,1802034267803.7058,1802034267803.7058,1802034267803.7058,2399810757203.7407,9703807256648.0,1580779725340.5781,1580779725340.5781,790221132465.6489
512,1409884051426.761,1409884051426.761,1409884051426.761,1702759986823.362,9703807256648.0,1185584794005.4336,1185584794005.4336,789778450413.5747
640,1251362516241.4365,1251362516241.4365,1251362516241.4365,1233270770493.9583,9703807256648.0,948467835204.3469,948467835204.3469,789778450413.5747
768,1114181293205.551,1114181293205.551,1114181293205.551,1126315351181.6035,9703807256648.0,790389862670.2891,790389862670.2891,789778450413.5747
896,1059524888613.0732,1059524888613.0732,1059524888613.0732,1039652943243.0431,9703807256648.0,789778450413.5747,677477025145.962,789778450413.5747
1024,986265614216.264,986265614216.264,986265614216.264,984799235404.592,9703807256648.0,789778450413.5747,592792397002.7168,789778450413.5747
124,5772110158269.135,5772110158269.135,5772110158269.135,5544606075414.666,10454800865402.0,4697347299945.992,4697347299945.992,729577476394.0361
256,2684476677241.5547,2684476677241.5547,2684476677241.5547,2984030634200.447,10452993147568.0,2275277598411.34,2275277598411.34,728509127235.4521
384,1775792978115.4768,1775792978115.4768,1775792978115.4768,2188972537595.7183,10452993147568.0,1516851732274.2266,1516851732274.2266,728461773840.7178
512,1403100074377.0032,1403100074377.0032,1403100074377.0032,1589326171865.7256,10452993147568.0,1137638799205.67,1137638799205.67,728440536560.6552
640,1227051784529.5781,1227051784529.5781,1227051784529.5781,1276210133980.003,10452993147568.0,910111039364.5359,910111039364.5359,728440536560.6552
768,1123400605908.4336,1123400605908.4336,1123400605908.4336,1146695062476.5151,10452993147568.0,758425866137.1133,758425866137.1133,728440536560.6552
896,1040630950167.8484,1040630950167.8484,1040630950167.8484,1055505213703.6779,10452993147568.0,728440536560.6552,650079313831.8114,728440536560.6552
1024,999274572862.6063,999274572862.6063,999274572862.6063,993834681296.61,10452993147568.0,728440536560.6552,568819399602.835,728440536560.6552
124,5794181587229.487,5794181587229.487,5794181587229.487,7583570007787.531,10918116097628.0,4720157793971.169,4720157793971.169,1609528218313.755
256,2829982645162.3477,2829982645162.3477,2829982645162.3477,4870304546306.2295,10904925724654.0,2286326431454.785,2286326431454.785,1598285670200.7065
384,2113017969279.4868,2113017969279.4868,2113017969279.4868,4139045760506.0,10904925724654.0,1595316319200.444,1524217620969.8567,1595316319200.444
512,1920885266655.0076,1920885266655.0076,1920885266655.0076,2249346694511.866,10904925724654.0,1594764583394.1367,1143163215727.3926,1594764583394.1367
640,1835238309944.8142,1835238309944.8142,1835238309944.8142,1901576341378.183,10904925724654.0,1594764583394.1367,914530572581.9141,1594764583394.1367
768,1779852180240.6802,1779852180240.6802,1779852180240.6802,1830647426183.7534,10904925724654.0,1594764583394.1367,762108810484.9283,1594764583394.1367
896,1734351695467.2703,1734351695467.2703,1734351695467.2703,1748292295590.4731,10904925724654.0,1594764583394.1367,653236123272.7958,1594764583394.1367
1024,1706980053301.3835,1706980053301.3835,1706980053301.3835,1711759415294.8645,10904925724654.0,1594764583394.1367,571581607863.6963,1594764583394.1367
124,5643022314556.078,5643022314556.078,5643022314556.078,7005957384477.07,10385595368277.0,4664601266748.903,4664601266748.903,1698907075501.8662
256,2986819565277.4634,2986819565277.4634,2986819565277.4634,4508032917183.959,10376117079438.0,2259416238581.5,2259416238581.5,1698585602395.2856
384,2578641712185.4565,2578641712185.4565,2578641712185.4565,3908842988671.5103,10376117079438.0,1698484939099.2856,1506277492387.6667,1698484939099.2856
512,2438540934392.126,2438540934392.126,2438540934392.126,2722189618911.0674,10376117079438.0,1698459372827.8826,1129708119290.75,1698459372827.8826
640,2342301288980.315,2342301288980.315,2342301288980.315,2399264964595.1143,10376117079438.0,1698459372827.8826,903766495432.6,1698459372827.8826
768,2282761591240.6987,2282761591240.6987,2282761591240.6987,2330721565055.7837,10376117079438.0,1698459372827.8826,753138746193.8334,1698459372827.8826
896,2265178333868.6855,2265178333868.6855,2265178333868.6855,2287756175973.659,10376117079438.0,1698459372827.8826,645547496737.5714,1698459372827.8826
1024,2252672545044.3716,2252672545044.3716,2252672545044.3716,2266850804211.1465,10376117079438.0,1698459372827.8826,564854059645.375,1698459372827.8826
124,5641263997926.662,5641263997926.662,5641263997926.662,5363306694692.488,9966658813856.0,4596606754884.008,4596606754884.008,730560637805.0875
256,2609411725629.1543,2609411725629.1543,2609411725629.1543,3042410907735.674,9966658813856.0,2226481396896.9414,2226481396896.9414,725857408057.4735
384,1655540060336.0967,1655540060336.0967,1655540060336.0967,2224557250745.9106,9966658813856.0,1484320931264.6277,1484320931264.6277,725836782653.6097
512,1231239855990.937,1231239855990.937,1231239855990.937,1397674269984.2544,9966658813856.0,1113240698448.4707,1113240698448.4707,725836782653.6097
640,1037701760168.226,1037701760168.226,1037701760168.226,1079617006248.2953,9966658813856.0,890592558758.7766,890592558758.7766,725836782653.6097
768,957228588472.645,957228588472.645,957228588472.645,982821726128.9856,9966658813856.0,742160465632.3138,742160465632.3138,725836782653.6097
896,901573339520.2705,901573339520.2705,901573339520.2705,899924233538.4437,9966658813856.0,725836782653.6097,636137541970.5547,725836782653.6097
1024,896123849334.6315,896123849334.6315,896123849334.6315,874026679933.8301,9966658813856.0,725836782653.6097,556620349224.2354,725836782653.6097
124,6124912991094.565,6124912991094.565,6124912991094.565,6797187270907.892,11431655245862.0,4968790003188.597,4968790003188.597,1621228418081.8867
256,3141243708740.567,3141243708740.567,3141243708740.567,4255245094886.954,11394027685586.0,2406757657794.4766,2406757657794.4766,1612262677118.6436
384,2444614803613.303,2444614803613.303,2444614803613.303,3586370356633.323,11394027685586.0,1610887819486.4873,1604505105196.3176,1610887819486.4873
512,2122193091213.4883,2122193091213.4883,2122193091213.4883,2299782037646.338,11394027685586.0,1610463752825.2627,1203378828897.2383,1610463752825.2627
640,1991373337839.5254,1991373337839.5254,1991373337839.5254,2045363635566.6548,11394027685586.0,1610463752825.2627,962703063117.7906,1610463752825.2627
768,1903183676574.993,1903183676574.993,1903183676574.993,1917942162370.1072,11394027685586.0,1610463752825.2627,802252552598.1588,1610463752825.2627
896,1824713901173.8303,1824713901173.8303,1824713901173.8303,1840650616371.2437,11394027685586.0,1610463752825.2627,687645045084.1361,1610463752825.2627
1024,1803465565101.3894,1803465565101.3894,1803465565101.3894,1801843874175.8552,11394027685586.0,1610463752825.2627,601689414448.6191,1610463752825.2627
124,6073036734252.245,6073036734252.245,6073036734252.245,7783969128289.634,11904301619296.0,5006672038655.129,5006672038655.129,2162812507731.5764
256,2889810493663.9897,2889810493663.9897,2889810493663.9897,5338125979025.813,11879966075340.0,2425106768723.578,2425106768723.578,2159396862146.6472
384,2488596621545.3726,2488596621545.3726,2488596621545.3726,4135318262058.427,11879966075340.0,2158584655968.1086,1616737845815.7188,2158584655968.1086
512,2386142786725.242,2386142786725.242,2386142786725.242,2828381871335.9517,11879966075340.0,2158304045962.6619,1212553384361.789,2158304045962.6619
640,2326871951804.516,2326871951804.516,2326871951804.516,2348383544770.456,11879966075340.0,2158304045962.6619,970042707489.4313,2158304045962.6619
768,2289811621914.8735,2289811621914.8735,2289811621914.8735,2302241851609.191,11879966075340.0,2158304045962.6619,808368922907.8594,2158304045962.6619
896,2254112048734.123,2254112048734.123,2254112048734.123,2270903051713.2715,11879966075340.0,2158304045962.6619,692887648206.7366,2158304045962.6619
1024,2240449772733.225,2240449772733.225,2240449772733.225,2245093479041.219,11879966075340.0,2158304045962.6619,606276692180.8945,2158304045962.6619
124,5755148377025.959,5755148377025.959,5755148377025.959,5329056884674.979,10612356017398.0,4688026766421.508,4688026766421.508,449230506491.1165
256,2641537327506.328,2641537327506.328,2641537327506.328,3019679511859.1523,10612356017398.0,2270762964985.418,2270762964985.418,447945568149.9864
384,1710496391543.4287,1710496391543.4287,1710496391543.4287,2233753358377.217,10612356017398.0,1513841976656.9453,1513841976656.9453,447645845814.65485
512,1241011803585.8142,1241011803585.8142,1241011803585.8142,1546816569193.8496,10612356017398.0,1135381482492.709,1135381482492.709,447645845814.65485
640,1021768679724.9769,1021768679724.9769,1021768679724.9769,1025689084797.7784,10612356017398.0,908305185994.1672,908305185994.1672,447645845814.65485
768,901534322097.2341,901534322097.2341,901534322097.2341,887905707015.066,10612356017398.0,756920988328.4727,756920988328.4727,447645845814.65485
896,821258664156.0956,821258664156.0956,821258664156.0956,832058559379.8555,10612356017398.0,648789418567.2623,648789418567.2623,447645845814.65485
1024,778767755620.0135,778767755620.0135,778767755620.0135,799387632834.4886,10612356017398.0,567690741246.3545,567690741246.3545,447645845814.65485
124,5706657954405.7295,5706657954405.7295,5706657954405.7295,6462464787751.394,11637861087897.0,4612140716335.347,4612140716335.347,1020491299448.8871
256,2755536123533.03,2755536123533.03,2755536123533.03,4030282655151.0024,11637861087897.0,2234005659474.9336,2234005659474.9336,1012505933472.3296
384,1898332398242.79,1898332398242.79,1898332398242.79,3333301897134.0986,11637861087897.0,1489337106316.6223,1489337106316.6223,1011637148854.2737
512,1505880013624.3186,1505880013624.3186,1505880013624.3186,2219960765418.443,11637861087897.0,1117002829737.4668,1117002829737.4668,1011395603355.0831
640,1360233235134.8315,1360233235134.8315,1360233235134.8315,1417260217315.9834,11637861087897.0,1011395603355.0831,893602263789.9734,1011395603355.0831
768,1290102783083.6868,1290102783083.6868,1290102783083.6868,1320808772445.6858,11637861087897.0,1011395603355.0831,744668553158.3112,1011395603355.0831
896,1245856002463.2905,1245856002463.2905,1245856002463.2905,1237356768636.1414,11637861087897.0,1011395603355.0831,638287331278.5525,1011395603355.0831
1024,1202948762216.2864,1202948762216.2864,1202948762216.2864,1196848496716.9802,11637861087897.0,1011395603355.0831,558501414868.7334,1011395603355.0831
124,5920246189490.946,5920246189490.946,5920246189490.946,7538438468011.588,10665201043496.0,4892285658962.226,4892285658962.226,1959763542602.1362
256,3194183294357.7524,3194183294357.7524,3194183294357.7524,5332650317798.076,10663231432633.0,2369700866059.828,2369700866059.828,1955273008873.5776
384,2642979508428.8535,2642979508428.8535,2642979508428.8535,4232809103158.1704,10663231432633.0,1954368936803.9543,1579800577373.2188,1954368936803.9543
512,2474578135359.521,2474578135359.521,2474578135359.521,2561677230454.277,10663231432633.0,1954182552803.7568,1184850433029.914,1954182552803.7568
640,2409596891733.763,2409596891733.763,2409596891733.763,2406107925519.135,10663231432633.0,1954182552803.7568,947880346423.9313,1954182552803.7568
768,2377547486214.5195,2377547486214.5195,2377547486214.5195,2379098856833.244,10663231432633.0,1954182552803.7568,789900288686.6094,1954182552803.7568
896,2341256947114.135,2341256947114.135,2341256947114.135,2338301417166.427,10663231432633.0,1954182552803.7568,677057390302.808,1954182552803.7568
1024,2336691591461.0117,2336691591461.0117,2336691591461.0117,2328945893546.1426,10663231432633.0,1954182552803.7568,592425216514.957,1954182552803.7568
124,5877566318495.916,5877566318495.916,5877566318495.916,6142229236470.505,12610043100193.0,4846177363426.483,4846177363426.483,788125943977.6143
256,2719869544527.741,2719869544527.741,2719869544527.741,3663241291079.0835,12585897852106.0,2347367160409.703,2347367160409.703,784797567499.4265
384,1811677551363.1328,1811677551363.1328,1811677551363.1328,2997113036874.364,12585897852106.0,1564911440273.1355,1564911440273.1355,783933721967.8748
512,1430930054477.1257,1430930054477.1257,1430930054477.1257,1794076233451.3687,12585897852106.0,1173683580204.8516,1173683580204.8516,783581831747.9452
640,1256849400489.8538,1256849400489.8538,1256849400489.8538,1339015104848.6453,12585897852106.0,938946864163.8812,938946864163.8812,783581831747.9452
768,1151451203321.327,1151451203321.327,1151451203321.327,1186281386737.0212,12585897852106.0,783581831747.9452,782455720136.5677,783581831747.9452
896,1086133209086.7231,1086133209086.7231,1086133209086.7231,1092386079334.7903,12585897852106.0,783581831747.9452,670676331545.6295,783581831747.9452
1024,1032557393462.819,1032557393462.819,1032557393462.819,1044332658286.7799,12585897852106.0,783581831747.9452,586841790102.4258,783581831747.9452
124,5670468339083.925,5670468339083.925,5670468339083.925,6125588826401.282,10688062219972.0,4670977025213.081,4670977025213.081,1071254969937.6868
256,2661466934752.0894,2661466934752.0894,2661466934752.0894,3519708344054.4297,10686168583488.0,2262504496587.586,2262504496587.586,1070179247607.9546
384,1795986661923.3096,1795986661923.3096,1795986661923.3096,2742304965620.8384,10686168583488.0,1508336331058.3906,1508336331058.3906,1069923446728.1776
512,1556593639274.119,1556593639274.119,1556593639274.119,1844161050426.0713,10686168583488.0,1131252248293.793,1131252248293.793,1069922454628.4652
640,1412536693396.3208,1412536693396.3208,1412536693396.3208,1446869773812.351,10686168583488.0,1069922454628.4652,905001798635.0344,1069922454628.4652
768,1296201652569.612,1296201652569.612,1296201652569.612,1329647688861.2566,10686168583488.0,1069922454628.4652,754168165529.1953,1069922454628.4652
896,1240783571631.893,1240783571631.893,1240783571631.893,1261849014040.1113,10686168583488.0,1069922454628.4652,646429856167.8817,1069922454628.4652
1024,1193802406321.181,1193802406321.181,1193802406321.181,1195303793195.1296,10686168583488.0,1069922454628.4652,565626124146.8965,1069922454628.4652
124,5929874974202.191,5929874974202.191,5929874974202.191,6354174657856.956,11153486244332.0,4795751137699.371,4795751137699.371,957250176511.9805
256,3096020488593.502,3096020488593.502,3096020488593.502,3592597131155.6465,11153486244332.0,2322941957323.133,2322941957323.133,955317233622.0616
384,2090443412630.0095,2090443412630.0095,2090443412630.0095,2836403525222.2383,11153486244332.0,1548627971548.7551,1548627971548.7551,954999389532.1726
512,1682426029303.9573,1682426029303.9573,1682426029303.9573,1895111176273.5208,11153486244332.0,1161470978661.5664,1161470978661.5664,954955176633.5372
640,1442952175330.4443,1442952175330.4443,1442952175330.4443,1527452981619.855,11153486244332.0,954955176633.5372,929176782929.2532,954955176633.5372
768,1302147515947.4934,1302147515947.4934,1302147515947.4934,1308444192870.1924,11153486244332.0,954955176633.5372,774313985774.3776,954955176633.5372
896,1257240178658.4985,1257240178658.4985,1257240178658.4985,1249213294172.814,11153486244332.0,954955176633.5372,663697702092.3236,954955176633.5372
1024,1171810702955.5154,1171810702955.5154,1171810702955.5154,1160165427724.5605,11153486244332.0,954955176633.5372,580735489330.7832,954955176633.5372
124,5758906210893.041,5758906210893.041,5758906210893.041,6868310123785.722,10431676170857.0,4741253290341.831,4741253290341.831,1363173924928.5315
256,2673438100360.233,2673438100360.233,2673438100360.233,4187118891947.562,10428858262126.0,2296544562509.324,2296544562509.324,1360283119925.8372
384,1924183600032.5093,1924183600032.5093,1924183600032.5093,3258946152652.6826,10428858262126.0,1531029708339.5496,1531029708339.5496,1360283119925.8372
512,1905142351299.9888,1905142351299.9888,1905142351299.9888,2636982122755.5938,10428858262126.0,1360283119925.8372,1148272281254.662,1360283119925.8372
640,1904651946190.0256,1904651946190.0256,1904651946190.0256,1901505997926.2332,10428858262126.0,1360283119925.8372,918617825003.7297,1360283119925.8372
768,1901949507858.3604,1901949507858.3604,1901949507858.3604,1901888442090.088,10428858262126.0,1360283119925.8372,765514854169.7748,1360283119925.8372
896,1901385201951.8208,1901385201951.8208,1901385201951.8208,1901430669075.2417,10428858262126.0,1360283119925.8372,656155589288.3783,1360283119925.8372
1024,1901393985352.4182,1901393985352.4182,1901393985352.4182,1901390589327.2014,10428858262126.0,1360283119925.8372,574136140627.331,1360283119925.8372
124,5592242741624.628,5592242741624.628,5592242741624.628,6053514602766.668,11396870812836.0,4550909913800.097,4550909913800.097,1427250199809.1406
256,2706467197566.9766,2706467197566.9766,2706467197566.9766,3809975585015.098,11396870812836.0,2204346989496.922,2204346989496.922,1421614316990.5615
384,2022626451261.0627,2022626451261.0627,2022626451261.0627,2984232334955.1816,11396870812836.0,1469564659664.6145,1469564659664.6145,1421155044553.4521
512,1754473662354.3274,1754473662354.3274,1754473662354.3274,2080331436259.8503,11396870812836.0,1421070322097.4722,1102173494748.461,1421070322097.4722
640,1675428262588.3044,1675428262588.3044,1675428262588.3044,1726759795640.2993,11396870812836.0,1421070322097.4722,881738795798.7688,1421070322097.4722
768,1634837218475.9304,1634837218475.9304,1634837218475.9304,1686598722574.6882,11396870812836.0,1421070322097.4722,734782329832.3073,1421070322097.4722
896,1613986653104.8865,1613986653104.8865,1613986653104.8865,1617207687316.0647,11396870812836.0,1421070322097.4722,629813425570.5491,1421070322097.4722
1024,1603701398671.1775,1603701398671.1775,1603701398671.1775,1614428311938.3035,11396870812836.0,1421070322097.4722,551086747374.2305,1421070322097.4722
124,5888877521062.588,5888877521062.588,5888877521062.588,6106505423579.517,11366841108332.0,4854783038688.218,4854783038688.218,1124649022188.9214
256,2742669805488.0693,2742669805488.0693,2742669805488.0693,3788919498392.224,11364888443624.0,2351535534364.6055,2351535534364.6055,1122608744072.9946
384,1954230455914.47,1954230455914.47,1954230455914.47,2900466458903.5786,11364888443624.0,1567690356243.0703,1567690356243.0703,1122283687621.4873
512,1661600285447.6099,1661600285447.6099,1661600285447.6099,1892872237552.1565,11364888443624.0,1175767767182.3027,1175767767182.3027,1122156249102.1672
640,1462587755845.1934,1462587755845.1934,1462587755845.1934,1543205995284.92,11364888443624.0,1122156249102.1672,940614213745.8422,1122156249102.1672
768,1362161901891.1775,1362161901891.1775,1362161901891.1775,1438195682002.628,11364888443624.0,1122156249102.1672,783845178121.5352,1122156249102.1672
896,1287487157098.5193,1287487157098.5193,1287487157098.5193,1340265486006.773,11364888443624.0,1122156249102.1672,671867295532.7444,1122156249102.1672
1024,1238171854941.157,1238171854941.157,1238171854941.157,1255092407534.217,11364888443624.0,1122156249102.1672,587883883591.1514,1122156249102.1672
124,5587127684416.742,5587127684416.742,5587127684416.742,6180447729728.188,9991972845151.0,4626817352785.1045,4626817352785.1045,1311141808149.0283
256,2663186710092.536,2663186710092.536,2663186710092.536,3782273727768.3315,9983382910559.0,2241114655255.285,2241114655255.285,1309055136062.465
384,2099004249966.3435,2099004249966.3435,2099004249966.3435,2864819879833.0894,9983382910559.0,1494076436836.8567,1494076436836.8567,1309055136062.465
512,1824133864440.7622,1824133864440.7622,1824133864440.7622,2004384973260.69,9983382910559.0,1309055136062.465,1120557327627.6426,1309055136062.465
640,1689326503468.9495,1689326503468.9495,1689326503468.9495,1722705769030.662,9983382910559.0,1309055136062.465,896445862102.114,1309055136062.465
768,1587133241753.833,1587133241753.833,1587133241753.833,1607105564859.0283,9983382910559.0,1309055136062.465,747038218418.4283,1309055136062.465
896,1542388669792.5474,1542388669792.5474,1542388669792.5474,1535312109474.9966,9983382910559.0,1309055136062.465,640318472930.0814,1309055136062.465
1024,1509697505006.5347,1509697505006.5347,1509697505006.5347,1516293853885.5535,9983382910559.0,1309055136062.465,560278663813.8213,1309055136062.465
124,5887325367079.504,5887325367079.504,5887325367079.504,7858641698103.036,12265155779528.0,4732225998457.137,4732225998457.137,1700655898347.8098
256,2803902092113.9097,2803902092113.9097,2803902092113.9097,5440267129347.399,12265155779528.0,2292171968002.676,2292171968002.676,1694337795478.8367
384,2171673002094.4897,2171673002094.4897,2171673002094.4897,4721911093772.273,12265155779528.0,1693021410145.6213,1528114645335.1172,1693021410145.6213
512,2029187283512.4717,2029187283512.4717,2029187283512.4717,2790123099740.1353,12265155779528.0,1692919715761.0093,1146085984001.338,1692919715761.0093
640,1942328423184.2937,1942328423184.2937,1942328423184.2937,1917313149917.5059,12265155779528.0,1692919715761.0093,916868787201.0703,1692919715761.0093
768,1873573656460.0986,1873573656460.0986,1873573656460.0986,1848027986913.188,12265155779528.0,1692919715761.0093,764057322667.5586,1692919715761.0093
896,1837011949196.2234,1837011949196.2234,1837011949196.2234,1818848269129.554,12265155779528.0,1692919715761.0093,654906276572.1931,1692919715761.0093
1024,1799694866091.576,1799694866091.576,1799694866091.576,1818542436824.5469,12265155779528.0,1692919715761.0093,573042992000.669,1692919715761.0093
124,5801958639938.972,5801958639938.972,5801958639938.972,5679931642126.956,10479093026241.0,4637410711801.064,4637410711801.064,1033832198096.172
256,2682572554571.7715,2682572554571.7715,2682572554571.7715,3319583927783.222,10479093026241.0,2246245813528.6406,2246245813528.6406,1033832198096.172
384,2032583701661.809,2032583701661.809,2032583701661.809,2657888735694.077,10479093026241.0,1497497209019.0938,1497497209019.0938,1033832198096.172
512,1699764583990.2036,1699764583990.2036,1699764583990.2036,1797501520694.1648,10479093026241.0,1123122906764.3203,1123122906764.3203,1033832198096.172
640,1597964292546.0305,1597964292546.0305,1597964292546.0305,1586738306290.4963,10479093026241.0,1033832198096.172,898498325411.4563,1033832198096.172
768,1476661258480.1453,1476661258480.1453,1476661258480.1453,1499252461529.0571,10479093026241.0,1033832198096.172,748748604509.5469,1033832198096.172
896,1424272888604.7007,1424272888604.7007,1424272888604.7007,1421986273688.2834,10479093026241.0,1033832198096.172,641784518151.0402,1033832198096.172
1024,1350047080685.928,1350047080685.928,1350047080685.928,1357095674386.5046,10479093026241.0,1033832198096.172,561561453382.1602,1033832198096.172
124,5865518693839.427,5865518693839.427,5865518693839.427,8771775616448.657,11551151711364.0,4772343610294.758,4772343610294.758,2274964720113.906
256,3386480477910.9775,3386480477910.9775,3386480477910.9775,6052294215273.348,11539644586012.0,2311603936236.5234,2311603936236.5234,2270295512138.0903
384,2758219059263.433,2758219059263.433,2758219059263.433,5350080584491.967,11539644586012.0,2269478772483.3906,1541069290824.3489,2269478772483.3906
512,2601867244832.2686,2601867244832.2686,2601867244832.2686,2875704558638.0195,11539644586012.0,2269478772483.3906,1155801968118.2617,2269478772483.3906
640,2523348101941.6367,2523348101941.6367,2523348101941.6367,2571604312050.0835,11539644586012.0,2269478772483.3906,924641574494.6094,2269478772483.3906
768,2468582217444.9604,2468582217444.9604,2468582217444.9604,2480782384063.2554,11539644586012.0,2269478772483.3906,770534645412.1744,2269478772483.3906
896,2434873277452.6587,2434873277452.6587,2434873277452.6587,2442506734811.7554,11539644586012.0,2269478772483.3906,660458267496.1495,2269478772483.3906
1024,2419772849844.3066,2419772849844.3066,2419772849844.3066,2419063739143.545,11539644586012.0,2269478772483.3906,577900984059.1309,2269478772483.3906
124,5743467794060.631,5743467794060.631,5743467794060.631,6843172896972.46,9919006481690.0,4672986101836.483,4672986101836.483,1764074424516.0918
256,3254141395399.764,3254141395399.764,3254141395399.764,4499379995995.18,9897957307144.0,2263477643077.047,2263477643077.047,1756549556062.005
384,2457406799881.557,2457406799881.557,2457406799881.557,3718200932924.9194,9897957307144.0,1754552406143.5295,1508985095384.698,1754552406143.5295
512,2108138906363.104,2108138906363.104,2108138906363.104,2437638669427.919,9897957307144.0,1754328323609.4414,1131738821538.5234,1754328323609.4414
640,1995313941524.057,1995313941524.057,1995313941524.057,2031417167834.2969,9897957307144.0,1754328323609.4414,905391057230.8187,1754328323609.4414
768,1947469139098.1624,1947469139098.1624,1947469139098.1624,1996178821509.0466,9897957307144.0,1754328323609.4414,754492547692.349,1754328323609.4414
896,1910503518036.3633,1910503518036.3633,1910503518036.3633,1934570670501.2485,9897957307144.0,1754328323609.4414,646707898022.0134,1754328323609.4414
1024,1909280491354.711,1909280491354.711,1909280491354.711,1932565318608.5635,9897957307144.0,1754328323609.4414,565869410769.2617,1754328323609.4414
124,6042250249272.217,6042250249272.217,6042250249272.217,6770437953508.286,10785893687352.0,4934480643845.121,4934480643845.121,1624520429081.6326
256,2810997031287.4087,2810997031287.4087,2810997031287.4087,3950468518420.639,10785893687352.0,2390139061862.4805,2390139061862.4805,1620765923419.4106
384,2119819723340.8403,2119819723340.8403,2119819723340.8403,3168175185537.9565,10785893687352.0,1620612481500.471,1593426041241.6536,1620612481500.471
512,1944660150227.8337,1944660150227.8337,1944660150227.8337,2171112783932.8582,10785893687352.0,1620612481500.471,1195069530931.2402,1620612481500.471
640,1838162544980.9583,1838162544980.9583,1838162544980.9583,1910799373109.651,10785893687352.0,1620612481500.471,956055624744.9922,1620612481500.471
768,1789448530355.4092,1789448530355.4092,1789448530355.4092,1867245705447.8875,10785893687352.0,1620612481500.471,796713020620.8268,1620612481500.471
896,1745906030116.9263,1745906030116.9263,1745906030116.9263,1789498625514.9429,10785893687352.0,1620612481500.471,682896874817.8516,1620612481500.471
1024,1736760713357.1343,1736760713357.1343,1736760713357.1343,1737672054202.0913,10785893687352.0,1620612481500.471,597534765465.6201,1620612481500.471
124,5884075969360.669,5884075969360.669,5884075969360.669,6152438306239.297,11588479901823.0,4817967370256.436,4817967370256.436,1431029232734.066
256,2795590128740.345,2795590128740.345,2795590128740.345,3887425912703.916,11561101058929.0,2333702944967.961,2333702944967.961,1425372879891.5251
384,1993539102059.6116,1993539102059.6116,1993539102059.6116,3112140080577.4043,11561101058929.0,1555801963311.9739,1555801963311.9739,1423974778558.192
512,1687050394790.6816,1687050394790.6816,1687050394790.6816,1999385371788.4062,11561101058929.0,1423613364608.0786,1166851472483.9805,1423613364608.0786
640,1564525361490.249,1564525361490.249,1564525361490.249,1563679020005.955,11561101058929.0,1423613364608.0786,933481177987.1843,1423613364608.0786
768,1529132189919.608,1529132189919.608,1529132189919.608,1523043319841.0425,11561101058929.0,1423613364608.0786,777900981655.9869,1423613364608.0786
896,1486437228303.9597,1486437228303.9597,1486437228303.9597,1501627507234.859,11561101058929.0,1423613364608.0786,666772269990.846,1423613364608.0786
1024,1468126167435.7666,1468126167435.7666,1468126167435.7666,1475948298954.1233,11561101058929.0,1423613364608.0786,583425736241.9902,1423613364608.0786
124,5519867569454.363,5519867569454.363,5519867569454.363,6618247876895.776,9789517571925.0,4485769729340.943,4485769729340.943,1104918250077.9224
256,2529099994346.2095,2529099994346.2095,2529099994346.2095,4279292698744.1284,9789517571925.0,2172794712649.5195,2172794712649.5195,1103833278343.2126
384,1933092210486.9285,1933092210486.9285,1933092210486.9285,3444081864117.173,9789517571925.0,1448529808433.013,1448529808433.013,1103723834166.1765
512,1814634891528.3691,1814634891528.3691,1814634891528.3691,2384356339549.734,9789517571925.0,1103707142027.337,1086397356324.7598,1103707142027.337
640,1759205104273.678,1759205104273.678,1759205104273.678,1769436534348.9614,9789517571925.0,1103707142027.337,869117885059.8079,1103707142027.337
768,1704872890058.9202,1704872890058.9202,1704872890058.9202,1727109210001.592,9789517571925.0,1103707142027.337,724264904216.5065,1103707142027.337
896,1686719577118.555,1686719577118.555,1686719577118.555,1694426408928.4453,9789517571925.0,1103707142027.337,620798489328.4342,1103707142027.337
1024,1671498906657.6113,1671498906657.6113,1671498906657.6113,1667449020981.5857,9789517571925.0,1103707142027.337,543198678162.3799,1103707142027.337
124,5793517335094.945,5793517335094.945,5793517335094.945,5577100534255.385,9661959438196.0,4734907434521.178,4734907434521.178,562726113870.274
256,2706315122683.6396,2706315122683.6396,2706315122683.6396,3165963598827.8457,9642164551577.0,2293470788596.1953,2293470788596.1953,555366374716.4458
384,1762718483100.8572,1762718483100.8572,1762718483100.8572,2315972312748.6636,9642164551577.0,1528980525730.7969,1528980525730.7969,554343644161.7457
512,1276294218176.7358,1276294218176.7358,1276294218176.7358,1587252660471.144,9642164551577.0,1146735394298.0977,1146735394298.0977,554343644161.7457
640,1048577256982.9955,1048577256982.9955,1048577256982.9955,1067161385659.323,9642164551577.0,917388315438.4781,917388315438.4781,554343644161.7457
768,910455522189.8732,910455522189.8732,910455522189.8732,914212178585.4358,9642164551577.0,764490262865.3984,764490262865.3984,554343644161.7457
896,833378766762.0413,833378766762.0413,833378766762.0413,829083153333.8594,9642164551577.0,655277368170.3416,655277368170.3416,554343644161.7457
1024,776543154539.9647,776543154539.9647,776543154539.9647,779458851907.0183,9642164551577.0,573367697149.0488,573367697149.0488,554343644161.7457
124,5682152344569.714,5682152344569.714,5682152344569.714,6501011150656.0625,11327972501031.0,4608053633092.758,4608053633092.758,1416583261820.5781
256,2835129307652.279,2835129307652.279,2835129307652.279,4322309523810.969,11327972501031.0,2232025978529.3047,2232025978529.3047,1412676596162.1663
384,2180695528728.6116,2180695528728.6116,2180695528728.6116,3468576403679.042,11327972501031.0,1488017319019.5364,1488017319019.5364,1412676596162.1663
512,1938958989631.3647,1938958989631.3647,1938958989631.3647,2237104900383.3564,11327972501031.0,1412676596162.1663,1116012989264.6523,1412676596162.1663
640,1796812932430.3323,1796812932430.3323,1796812932430.3323,1824668329134.6555,11327972501031.0,1412676596162.1663,892810391411.7219,1412676596162.1663
768,1714335626618.1606,1714335626618.1606,1714335626618.1606,1737894041031.9229,11327972501031.0,1412676596162.1663,744008659509.7682,1412676596162.1663
896,1664805878810.7395,1664805878810.7395,1664805878810.7395,1671754524598.2498,11327972501031.0,1412676596162.1663,637721708151.2299,1412676596162.1663
1024,1618473932015.9182,1618473932015.9182,1618473932015.9182,1619508411240.5352,11327972501031.0,1412676596162.1663,558006494632.3262,1412676596162.1663
124,6164982088218.86,6164982088218.86,6164982088218.86,6152333883639.076,11813407632576.0,5033984173569.363,5033984173569.363,627390046536.3416
256,2881343295528.29,2881343295528.29,2881343295528.29,3464795515610.1265,11804817697984.0,2438336084072.66,2438336084072.66,623448055341.5577
384,1853574121680.4878,1853574121680.4878,1853574121680.4878,2543681629088.7183,11804817697984.0,1625557389381.7734,1625557389381.7734,623340241919.9535
512,1354180014581.8003,1354180014581.8003,1354180014581.8003,1705541147539.5686,11804817697984.0,1219168042036.33,1219168042036.33,623340241919.9535
640,1135860809623.9648,1135860809623.9648,1135860809623.9648,1155062731684.3293,11804817697984.0,975334433629.0641,975334433629.0641,623340241919.9535
768,994539650857.5426,994539650857.5426,994539650857.5426,1029668160318.4519,11804817697984.0,812778694690.8867,812778694690.8867,623340241919.9535
896,904055809335.9133,904055809335.9133,904055809335.9133,918749579822.8027,11804817697984.0,696667452592.1886,696667452592.1886,623340241919.9535
1024,838153977025.9896,838153977025.9896,838153977025.9896,854485743827.0433,11804817697984.0,623340241919.9535,609584021018.165,623340241919.9535
124,5983716155918.731,5983716155918.731,5983716155918.731,5519014823907.019,10411048564080.0,4812918384966.983,4812918384966.983,561474538979.1716
256,2759021955043.916,2759021955043.916,2759021955043.916,3065258568527.8145,10300139469599.0,2331257342718.383,2331257342718.383,558904957738.8735
384,1790176930066.516,1790176930066.516,1790176930066.516,2031438631233.7253,10300139469599.0,1554171561812.2551,1554171561812.2551,558464248120.746
512,1283560748111.0723,1283560748111.0723,1283560748111.0723,1365523296894.3708,10300139469599.0,1165628671359.1914,1165628671359.1914,558355542699.0134
640,1001082802312.8335,1001082802312.8335,1001082802312.8335,1016927128972.2302,10300139469599.0,932502937087.3531,932502937087.3531,558355542699.0134
768,827515850414.3275,827515850414.3275,827515850414.3275,850765017758.1659,10300139469599.0,777085780906.1276,777085780906.1276,558355542699.0134
896,760930375737.0343,760930375737.0343,760930375737.0343,769171228120.0398,10300139469599.0,666073526490.9666,666073526490.9666,558355542699.0134
1024,737451263777.463,737451263777.463,737451263777.463,737700005406.6257,10300139469599.0,582814335679.5957,582814335679.5957,558355542699.0134
124,5927676925418.84,5927676925418.84,5927676925418.84,6175046041750.089,10753896980308.0,4746086254605.057,4746086254605.057,1165801986531.8281
256,2884111108897.231,2884111108897.231,2884111108897.231,3608222250793.0737,10753896980308.0,2298885529574.324,2298885529574.324,1160141451555.9036
384,2115350302655.6433,2115350302655.6433,2115350302655.6433,2813155704608.7915,10753896980308.0,1532590353049.5496,1532590353049.5496,1159748425830.5571
512,1819691703057.5981,1819691703057.5981,1819691703057.5981,2196980279417.5554,10753896980308.0,1159673936825.0928,1149442764787.162,1159673936825.0928
640,1644663477608.5984,1644663477608.5984,1644663477608.5984,1736494233565.1406,10753896980308.0,1159673936825.0928,919554211829.7297,1159673936825.0928
768,1547657940783.3298,1547657940783.3298,1547657940783.3298,1546846137962.2078,10753896980308.0,1159673936825.0928,766295176524.7748,1159673936825.0928
896,1466880000026.4785,1466880000026.4785,1466880000026.4785,1466528294078.7664,10753896980308.0,1159673936825.0928,656824437021.2355,1159673936825.0928
1024,1414055067394.1086,1414055067394.1086,1414055067394.1086,1416136062275.173,10753896980308.0,1159673936825.0928,574721382393.581,1159673936825.0928
124,5603601358416.577,5603601358416.577,5603601358416.577,5861526595498.547,11499743244944.0,4534979371553.3955,4534979371553.3955,1026062757727.648
256,2586346604590.3247,2586346604590.3247,2586346604590.3247,3385194927109.1606,11499743244944.0,2196630633096.1758,2196630633096.1758,1013318617365.1495
384,1824611822757.188,1824611822757.188,1824611822757.188,2514100739427.656,11499743244944.0,1464420422064.1172,1464420422064.1172,1010334502321.9783
512,1508971831784.8777,1508971831784.8777,1508971831784.8777,1732256052057.665,11499743244944.0,1098315316548.0879,1098315316548.0879,1009973626687.7732
640,1375468671001.643,1375468671001.643,1375468671001.643,1460778500146.1506,11499743244944.0,1009973626687.7732,878652253238.4703,1009973626687.7732
768,1322292802908.6118,1322292802908.6118,1322292802908.6118,1335858875590.5625,11499743244944.0,1009973626687.7732,732210211032.0586,1009973626687.7732
896,1266099155409.0293,1266099155409.0293,1266099155409.0293,1298724177954.916,11499743244944.0,1009973626687.7732,627608752313.1931,1009973626687.7732
1024,1260570563813.2961,1260570563813.2961,1260570563813.2961,1254985639838.1553,11499743244944.0,1009973626687.7732,549157658274.04395,1009973626687.7732
124,5749169692730.298,5749169692730.298,5749169692730.298,8936633894359.443,11154921020264.0,4736024376151.403,4736024376151.403,2475688653436.7227
256,3368958149735.914,3368958149735.914,3368958149735.914,6361892162207.181,11154921020264.0,2471151222574.4873,2294011807198.336,2471151222574.4873
384,2995814368354.0303,2995814368354.0303,2995814368354.0303,5417230329147.301,11154921020264.0,2470582920976.21,1529341204798.8906,2470582920976.21
512,2779741470116.412,2779741470116.412,2779741470116.412,3159174076166.609,11154921020264.0,2470582920976.21,1147005903599.168,2470582920976.21
640,2709334359323.1123,2709334359323.1123,2709334359323.1123,2819879891330.6772,11154921020264.0,2470582920976.21,917604722879.3344,2470582920976.21
768,2656970092662.15,2656970092662.15,2656970092662.15,2706672803666.303,11154921020264.0,2470582920976.21,764670602399.4453,2470582920976.21
896,2628764761294.3955,2628764761294.3955,2628764761294.3955,2673820346801.027,11154921020264.0,2470582920976.21,655431944913.8103,2470582920976.21
1024,2608918761252.352,2608918761252.352,2608918761252.352,2654455041458.506,11154921020264.0,2470582920976.21,573502951799.584,2470582920976.21
