Density,ICPP22,TOPC24,Fair,minTime,minArea,Topt
0,1369345598699.654,1660206539380.6702,1457489168382.0557,2750134736704.863,4456248685353.052,1153468147855.0378,1153468147855.0378,262694127931.23944
0.125,1412311626702.2227,1578131973112.0017,1456078127206.8806,2721276291481.9014,8527454409779.621,1109873378230.8792,1109873378230.8792,368879761445.08124
0.25,1517104232376.1516,1712630313482.2522,1559223826634.6045,3267496762242.23,10866376647556.162,1169883751790.6655,1169883751790.6655,605323018920.5442
0.375,1732738684523.358,1623455912456.2227,1426586900288.1462,2981667538915.4316,10650502980952.014,1126908325030.3765,1126908325030.3765,783160205394.08
0.5,1662009751476.162,1707166917397.9292,1500601685139.2363,3063541590437.156,11721466674775.691,1181999499849.7434,1181999499849.7434,771588815363.1907
0.625,1571751009341.0234,1618838758959.1018,1434048880910.2568,2902895298242.4165,13134375483500.934,1116372714365.423,1116372714365.423,687982614527.5729
0.75,1604200825772.4182,1590765497873.7502,1484427682156.1638,2906993033760.4673,11865629729035.605,1098341155942.1887,1098341155942.1887,655179343567.506
0.875,2075856508396.9448,1734478018244.2014,1627675953537.02,3203144702702.127,13079501518159.283,1139107957530.6375,1139107957530.6375,964932786986.1162
1,1746556256009.9058,1684380546752.6123,1523165690478.8677,2955627062010.0845,12628765233343.594,1157233679078.3298,1157233679078.3298,789268592257.8551
0,1285508146493.375,1499709906978.8784,1315127288878.6646,2408387562114.551,3904401823982.1455,1060810251355.2075,1060810251355.2075,199219549016.04688
0.125,1443086674976.481,1590280742865.3274,1411262965485.2783,3089923667560.5767,8436614494110.844,1114821746409.1877,1114821746409.1877,421912947200.15784
0.25,1371737556930.7068,1592855566047.1492,1403639094281.9333,2777111581945.2876,9647110356378.838,1109401093765.4434,1109401093765.4434,464291540872.0406
0.375,1752773404695.83,1671534946669.9448,1593399548571.7349,2928886378701.1924,13071905481864.822,1122900693989.014,1122900693989.014,768026138660.6063
0.5,1475510581799.9714,1633198845158.082,1456714761779.526,2824502002823.906,11962104333934.455,1164164368571.2312,1164164368571.2312,537984722109.0677
0.625,1702379411988.3457,1653210981806.2332,1481755455526.5469,2928482783039.183,11507565157912.924,1156903585831.016,1156903585831.016,707103299395.2742
0.75,1575580532014.3025,1646570030975.9587,1463363471056.2686,2882083339306.4653,11348040236804.646,1150340644522.6577,1150340644522.6577,644121829472.9512
0.875,1711881531526.309,1701261188875.4106,1504875650206.3127,2974893473235.5264,11724587245245.582,1181204741178.6243,1181204741178.6243,760422153208.4841
1,1813163987173.186,1758302043082.389,1616743332026.6768,2896474547248.8936,13414744134265.94,1151126761139.2026,1151126761139.2026,846696303196.1786
0,1433413105837.269,1625607640458.5046,1451761988732.1611,2695816252382.604,3418030149953.8086,1142249071437.9746,1142249071437.9746,188833297991.77142
0.125,1578949148551.98,1709509952295.7954,1526913224225.8364,3036967463533.532,9124055573754.68,1183761268367.1682,1183761268367.1682,474483788629.0864
0.25,1506244663416.1472,1602981954041.811,1475733043561.9375,2784320718831.118,9496017593700.86,1100199001484.164,1100199001484.164,539800377324.1758
0.375,1477209061750.219,1640541581865.6733,1447610259973.711,2879705857152.8135,10371102473939.639,1125851305316.0493,1125851305316.0493,551668037966.709
0.5,1672201375689.2295,1654235355940.237,1528938892399.813,2925542944891.5054,11507724878008.244,1108676273750.418,1108676273750.418,696439212790.2585
0.625,1541314653381.4482,1652545326407.4966,1476046882635.0537,2875428716266.218,11569680511009.832,1125170606198.1426,1125170606198.1426,639405250445.7308
0.75,1803760431282.4224,1724029416439.7249,1577555519861.7358,2788547204728.029,12107174930466.633,1151626711903.7568,1151626711903.7568,740221266945.555
0.875,1849068501762.3584,1776720052710.8728,1580154393126.6072,3174555175958.3223,11396257596036.064,1196869142395.7998,1196869142395.7998,777388521626.0171
1,1563452748784.2402,1598590114249.2244,1431098093495.8457,2812786987742.3667,10688335884779.912,1101910606628.9275,1101910606628.9275,633999698156.6492
0,1494139309753.633,1669708238945.9788,1531340053320.0752,2712564871976.091,4064998458723.153,1176033480967.8557,1176033480967.8557,206662831549.53595
0.125,1357888318319.3362,1613015434785.2637,1456986556424.8774,2951299897087.8325,9883509503635.635,1113631576997.4841,1113631576997.4841,387687528750.09534
0.25,1535752280007.869,1696784253126.1611,1583936573554.0786,2965461026659.432,9885875795923.484,1136304925273.3433,1136304925273.3433,561412181712.6389
0.375,1751437286432.8313,1602637424776.9387,1424424882435.5613,2998322727832.605,11489420662471.475,1123442624147.3223,1123442624147.3223,643535035404.4049
0.5,1472016230397.7996,1652262379214.1843,1470021848408.4963,3055971558336.7383,10454955400621.54,1171096991530.053,1171096991530.053,513737010817.99335
0.625,2083926344377.807,1623853201103.8174,1480417510241.1843,3023881844616.417,13249852394587.164,1129681526312.0664,1129681526312.0664,851765839568.1349
0.75,1937118319116.6528,1783480580109.18,1634316868068.099,3334203491130.264,13219872695829.455,1181061397816.8362,1181061397816.8362,743786769462.3444
0.875,1948447379651.6865,1750929522252.4187,1605760262806.5232,2979056625105.311,13775808211214.688,1181536798805.8147,1181536798805.8147,831185840421.7917
1,2125242902842.6855,1608740386329.3303,1465328172228.2927,3058208544771.1943,12433227561793.773,1128277354248.5952,1128277354248.5952,968999356839.6918
0,1409499395174.479,1701355615093.2085,1461341177383.5034,2662137714163.878,4195395630497.2803,1141283939303.4941,1141283939303.4941,245747669942.3408
0.125,1350746192169.6123,1603292073586.4214,1403244298448.9592,2778315516221.688,8730477368986.926,1129626556138.1384,1129626556138.1384,332198954422.3243
0.25,1600647183802.8267,1603203753334.533,1391707048515.9373,2801239290747.597,10955271963900.404,1107855639031.6707,1107855639031.6707,534334088733.98193
0.375,1362251524510.5725,1586499237597.7192,1380091969784.1643,2673501152500.33,10833664668503.014,1097282360503.1388,1097282360503.1388,469385565514.9152
0.5,1657616893403.678,1694720292743.2546,1498972269454.0117,2939084124101.3423,11744907993667.748,1187983731483.8262,1187983731483.8262,635540614854.712
0.625,1411228423389.8594,1625961123758.8877,1443264556306.9758,2841650576030.319,10334295828853.832,1093121463980.9928,1093121463980.9928,613076480229.4658
0.75,1992693258108.277,1745257134887.1255,1625019053740.5325,3137755620354.894,13427629991267.693,1176976232267.3477,1176976232267.3477,818757484435.6621
0.875,1691712542028.2634,1671601767489.6216,1479046038733.0974,2956748189045.3726,12278296737976.023,1152849932640.0117,1152849932640.0117,722858596127.8898
1,1502500047516.5032,1689317193604.7637,1504977330954.0735,2799005156078.4595,12001938017588.209,1163013065133.821,1163013065133.821,637931397785.205
0,1405283501247.3608,1605846563023.8674,1395316713360.4875,2585378214467.8784,3441443345646.707,1132427117363.8872,1132427117363.8872,178982698914.22318
0.125,1741674748426.713,1681741035016.785,1553768626057.6008,2958744655551.587,9421532234444.447,1145593682912.4004,1145593682912.4004,551092364570.4401
0.25,1589026526273.7932,1701196553187.9216,1512221261865.7537,3044451377590.713,11808708552111.29,1183453230909.6643,1183453230909.6643,589192296785.5884
0.375,1492453545925.2024,1659151476322.5693,1489325326912.6775,2861700456052.674,11552635258701.166,1176455399096.1912,1176455399096.1912,557669114364.5764
0.5,1590255999999.7993,1729149701716.1733,1513699061431.2207,2918946577158.7915,10819757920497.791,1204381879437.8801,1204381879437.8801,567808471913.0985
0.625,2130483266780.9758,1614889945144.4348,1510424529988.3838,2746860767302.7095,13135867824026.334,1128685199306.6807,1128685199306.6807,920043913075.1106
0.75,1829201339372.131,1779494377309.7354,1593848718711.2415,3173799193045.0,13937686814290.914,1168396793314.7715,1168396793314.7715,770566975976.8638
0.875,1845475088815.4902,1683805407499.2651,1527990909823.3477,2689241575658.218,13237736966497.99,1156196943403.3677,1156196943403.3677,818043990678.9688
1,1887069126449.2534,1684089525957.5417,1537166326571.8306,2883839190621.033,12713164752622.469,1144322676388.9998,1144322676388.9998,790270704598.2715
0,1386415879367.2908,1599311343397.4102,1418324716026.6753,2590262696028.5913,4268282910120.4595,1139475003145.081,1139475003145.081,145366207084.74164
0.125,1306014873573.729,1531169389655.0432,1347947466142.2803,2735622135197.4204,9465411661105.404,1081251051454.793,1081251051454.793,387217398841.10266
0.25,1347718105668.5652,1639677259689.874,1479343864444.236,2743921023916.509,9805683529593.955,1158078703232.7837,1158078703232.7837,454004454387.4453
0.375,1679115968076.3076,1743334336544.15,1593415365193.6558,3073524527176.285,11987119897812.986,1221651489588.4033,1221651489588.4033,549010902544.3934
0.5,1538828549768.0596,1578774105771.7595,1390186506854.6628,2690736964685.147,12291760521938.734,1101738563216.6516,1101738563216.6516,702840638518.5424
0.625,1968059605054.796,1657295968629.8318,1529796765917.728,2879986724125.484,13987368506483.121,1130732905473.0505,1130732905473.0505,845470206756.8632
0.75,1979829529678.9673,1645037231258.853,1521255612233.4915,2973874441739.6177,12618769423817.496,1128091074355.217,1128091074355.217,882089630740.7858
0.875,1567534264447.338,1651724689293.151,1455114266451.709,2944413438030.352,12572058177654.93,1142985793549.6216,1142985793549.6216,700347876769.3202
1,1450060300134.6416,1658216791654.5193,1482292725972.7625,2670814332484.9604,12276625105642.504,1156914275779.4644,1156914275779.4644,619964932797.7206
0,1394477219872.2107,1492437666216.7207,1362928911529.4229,2674956907981.3647,3585953035531.6006,1068639036890.0392,1068639036890.0392,208414569706.6003
0.125,1468492277133.7275,1668808602487.7878,1531029853611.0896,2822313734608.317,9189016823146.26,1169640041257.9233,1169640041257.9233,398608496622.4442
0.25,1500568424477.7527,1658842491786.9148,1507389803454.9204,2993141033615.0864,10299070215482.098,1137522218843.982,1137522218843.982,498124589596.364
0.375,1530028232427.9453,1646420915052.445,1522988005904.5269,3220407183448.636,11934936857729.56,1152699828801.1628,1152699828801.1628,659864908573.4689
0.5,1357488322251.5842,1567906739919.2563,1399197692666.7852,2889142076792.5996,12671067635252.053,1112390585218.2834,1112390585218.2834,510333585017.7229
0.625,1618258798353.4216,1664103270098.938,1475672997342.3887,2831632950645.55,12830158062849.39,1168445045449.159,1168445045449.159,729933875271.9869
0.75,1736760966156.312,1630275427183.9148,1483272311061.5408,2789182973829.2617,12654570821464.066,1132772081276.4736,1132772081276.4736,762030008027.6936
0.875,1611831287842.6575,1564515213310.0828,1420445489810.5713,2873171641157.3584,11568629049112.947,1087269780831.5585,1087269780831.5585,662598130761.9026
1,1727901175357.923,1664358257713.2021,1474254138399.6648,2995503066741.6025,12516093534492.95,1158610333647.6738,1158610333647.6738,740611322944.2646
0,1335759661393.8516,1656980849718.173,1469542430852.8906,2604999335473.464,3580669641564.959,1175505024699.2874,1175505024699.2874,196190776069.61496
0.125,1585346379843.1838,1774796492817.8572,1548550602291.1113,2979110386384.427,8045931214589.615,1238278301223.7693,1238278301223.7693,428626323872.4184
0.25,1386864062717.746,1684956375416.8865,1500303964327.8699,2899403265958.401,10553923225474.334,1148591632754.2112,1148591632754.2112,457227929994.34503
0.375,1421245058105.8723,1728532882611.7126,1502775287249.8152,2887378441573.9995,10658954242972.947,1191327178648.689,1191327178648.689,478027726626.51917
0.5,1823674378557.6987,1757720507760.9797,1594978126219.0146,2919127208559.1987,11288826721512.793,1200853358865.6506,1200853358865.6506,706494385972.8418
0.625,2279079879315.177,1733704779982.5894,1601203543120.7734,2967047190029.8745,11731450786378.969,1099755711559.1562,1099755711559.1562,969366293137.3282
0.75,1693896146993.36,1713696869092.308,1526180891652.418,2765917550152.3247,14491950414850.686,1140231630320.5867,1140231630320.5867,708304802790.8145
0.875,1822549892471.654,1722626348870.6812,1589583121516.337,3025006639798.2773,12975979307161.213,1156119434575.5989,1156119434575.5989,789968686582.5999
1,2008199119250.5298,1776134046065.7659,1651332915939.6738,2922398771361.684,13787102196165.518,1157693881331.967,1157693881331.967,874129885934.3556
0,1654652183584.3398,1847004102268.8982,1640060164028.6416,2845816937478.06,5317053499331.8955,1169675406588.0369,1169675406588.0369,258906477601.26086
0.125,1609848716700.3118,1726144217374.1748,1541940006713.329,3011097493410.217,9052847827464.143,1200378197257.9878,1200378197257.9878,447303726700.9755
0.25,1464531722253.042,1686703147938.1738,1495207632734.6875,3087258252398.433,10898513162349.584,1171151820717.714,1171151820717.714,587433939761.9817
0.375,1701287246140.0032,1673150300061.293,1499315042329.0945,3044569554147.7607,11293446985609.021,1185558669603.2798,1185558669603.2798,710295978100.681
0.5,2163667685907.3047,1796141632579.896,1645243854401.0203,3114786673787.3335,11936097041332.238,1170908710259.1975,1170908710259.1975,866456564383.3347
0.625,1744835492309.5374,1623617815073.5105,1551682096745.2815,2850178392458.0977,11895943030606.688,1053522644293.4572,1053522644293.4572,788168918284.8801
0.75,1699390111013.0056,1690554151285.454,1489235534722.8997,3042633748943.6123,11653693980173.334,1163172929130.7002,1163172929130.7002,740371168086.6163
0.875,1885147293988.3796,1694987394411.8071,1528852303785.6697,2942886294449.066,11991035745282.01,1156198556645.005,1156198556645.005,877977483719.1487
1,1811190698501.456,1675666818757.035,1517399828405.2876,3135891706941.8306,13505669525526.662,1155448561563.773,1155448561563.773,759560183153.8232
0,1332874064890.7744,1613108870022.0825,1413915724586.765,2545089738420.889,3873935912011.1504,1123614753124.4343,1123614753124.4343,206223997022.85696
0.125,1614027188674.5146,1732810432254.4626,1582699591083.1902,3030741354132.731,8823744340067.664,1163404971430.4968,1163404971430.4968,425103480518.9791
0.25,1475862284835.1155,1660749412506.5398,1448011032706.6724,2835516660761.981,10356208075878.904,1149538866462.1052,1149538866462.1052,509349942888.0253
0.375,1463307004788.5771,1737445427839.305,1514150868751.039,2891483169731.545,10548766275003.016,1206667628185.184,1206667628185.184,473215878707.799
0.5,2058969494505.1985,1696322191697.6675,1525022015908.0532,3136437169880.5264,13202448519641.979,1148708075120.258,1148708075120.258,964955033754.7166
0.625,1420176017140.4397,1669563116988.0283,1461728383444.5305,2820369971129.6387,9938268468112.184,1156497216143.5752,1156497216143.5752,550506256093.4471
0.75,1683974009090.36,1719325187714.0928,1520420952479.3032,2903226395986.309,12875055447709.326,1208958489503.41,1208958489503.41,778935604768.3766
0.875,1677013166606.1167,1714415721056.6653,1503758058137.7349,3057240354892.3516,11750148688444.578,1165342265188.3423,1165342265188.3423,740644037724.7587
1,1770968155349.806,1666558655296.255,1487180089919.171,2897838184741.5938,13089200571542.355,1157802351504.2043,1157802351504.2043,825680725709.1708
0,1379642189229.9065,1710236989543.882,1490313555385.45,2818437074158.661,3685197373853.524,1183433769462.3735,1183433769462.3735,159303216475.7535
0.125,1577423696054.5051,1651218160606.963,1488977926513.8467,3292310042197.343,9513608248877.414,1150229510590.0137,1150229510590.0137,414698008888.11865
0.25,1666015652806.9458,1583850742950.3777,1428477180499.1624,3100681899498.6704,11630351840151.412,1098449936373.0627,1098449936373.0627,703861417780.1416
0.375,1449531833661.0146,1624358609954.1633,1498423692267.6206,2928607898559.6763,10218896396960.895,1110272534834.585,1110272534834.585,522968534523.0607
0.5,1522193909369.762,1691110161131.4888,1504473768662.2976,2925306082053.1826,11716503746877.246,1161189390464.7224,1161189390464.7224,683134890376.6687
0.625,1697236184656.154,1691772889357.6099,1511055168581.5916,2905500452858.0054,12492499464938.158,1145468653947.978,1145468653947.978,657553708883.5725
0.75,1638738435957.8938,1672791754505.3425,1476927959753.6873,2992407441713.258,12827840037293.914,1141905833396.572,1141905833396.572,678969450377.2645
0.875,1831776054866.1882,1611356224883.0432,1451752674166.0244,2649698270986.421,14231085736901.682,1118236690369.5078,1118236690369.5078,781490769268.04
1,1493722965118.8389,1681422261274.0173,1512801910227.645,2761812596030.354,12190477565171.654,1122745174448.3945,1122745174448.3945,622413392813.185
0,1383136293544.2551,1649195288081.9985,1442645141793.5366,2694087576754.5396,3686365391178.866,1113805969648.0828,1113805969648.0828,168710304078.13776
0.125,1536249180862.7957,1668163563654.3665,1585383683916.9695,3052037781395.8896,9601130023733.898,1166608933201.717,1166608933201.717,497344389356.80396
0.25,1450110470332.8435,1656169870534.2632,1493451117891.5242,2901822485674.514,10400629880013.668,1171743316520.4631,1171743316520.4631,487996026741.80994
0.375,1709285281615.85,1702571345310.6484,1511685296872.7405,3072250874261.115,11664361771611.857,1190060536343.7896,1190060536343.7896,672553361348.6555
0.5,1809541096475.491,1787231652621.867,1652486600590.6846,3141333039794.2783,11908661187102.557,1196522913175.4841,1196522913175.4841,784822674855.9059
0.625,1387957716437.017,1642606311173.6033,1461051261945.5781,2836318033185.473,12044426016013.502,1158189361588.2947,1158189361588.2947,538432019254.30914
0.75,1637227583262.5999,1649963461754.689,1519147604998.8264,2745271680931.7393,12856239465955.436,1094570109881.32,1094570109881.32,614706121332.4138
0.875,1686746269410.5518,1615518170066.4194,1480183552881.2515,2918546936964.918,12426978541333.256,1101662166669.37,1101662166669.37,708995670222.7155
1,1865221716297.281,1653055225987.169,1522770411482.073,3016272294630.776,13438018467479.436,1168684800668.7878,1168684800668.7878,807860575403.0746
0,1397289714699.3274,1630732255867.9336,1460642430036.9685,2595803992037.2017,3219153110204.4116,1150712398435.2917,1150712398435.2917,291678331167.83014
0.125,1469388428300.2266,1713502156431.8726,1516312580035.4084,2983861587816.861,9385531496366.39,1164700637844.0583,1164700637844.0583,378167671721.0353
0.25,1617000553914.7231,1687647508029.153,1559885816897.6064,3194579121828.8066,11537094610760.322,1143647550905.411,1143647550905.411,657679283369.487
0.375,1624917626451.6282,1664653325768.2573,1552867419748.8816,2940003735107.5225,12158775972151.002,1135068657286.3994,1135068657286.3994,629461125865.7153
0.5,1567713740351.5437,1771571671994.7373,1547600671792.064,3119671541454.459,11852066475204.992,1189267405132.27,1189267405132.27,623106917772.0165
0.625,1956027004379.5627,1687998927297.124,1569746812851.4111,3120222578973.9556,11179937274326.99,1162795420414.0457,1162795420414.0457,791850954907.7054
0.75,1877476075445.6062,1697761709605.785,1534766087016.2964,3315169430867.79,12780854237401.787,1112917531213.5637,1112917531213.5637,707386891807.7593
0.875,1875797267364.449,1780681792610.734,1651898507072.37,3060384147636.0864,13356704218673.838,1179194365094.1882,1179194365094.1882,883785198811.7117
1,1725416373274.746,1756648286745.3337,1633043180255.6692,3068744557891.398,11798037727055.07,1177548525743.0183,1177548525743.0183,755646228696.1907
0,1377951594783.0217,1614911846458.7876,1419532543156.6028,2594514420189.5044,3603524767272.3115,1126994930412.5522,1126994930412.5522,203840671668.47913
0.125,1548882909958.4219,1783078384343.52,1554819622535.704,3182674550434.28,10276636236716.172,1193826542764.141,1193826542764.141,403179356024.20886
0.25,1433440887318.9568,1623860493852.8074,1482176470485.669,2870247997693.4126,10200505239013.387,1123080153115.985,1123080153115.985,563307074093.3926
0.375,1567952026392.1943,1667951395529.8855,1471824821202.3938,2963466922553.183,11496837500799.422,1142318749614.282,1142318749614.282,656420422658.2172
0.5,1519390762912.4539,1616074134498.1262,1423669711064.3796,2986056810869.3247,12407239632849.51,1124965889471.825,1124965889471.825,652251546734.6558
0.625,1738452514955.889,1706422447090.7356,1479251942096.1404,2891601507015.1133,11800292164906.537,1164790135941.203,1164790135941.203,728214253629.8411
0.75,1531771462291.721,1617361434737.3735,1402983304939.5544,2757273761552.385,12135676607602.395,1094391855648.4348,1094391855648.4348,656134398362.4572
0.875,1906885633892.8394,1683452822570.9255,1522965722112.463,2996999043448.8496,12699374986668.383,1152118197208.231,1152118197208.231,832368818213.1306
1,1746488106490.7407,1674123741409.1956,1502983082052.203,3040099163889.695,12786804569776.664,1151544230434.8674,1151544230434.8674,691691507431.5541
0,1478823441776.881,1626010071859.0637,1436684795753.9277,2664364540455.097,3758423238357.703,1140444790610.0735,1140444790610.0735,212882885490.23874
0.125,1362370470249.1885,1604871392023.185,1425057728060.2769,2768693139174.022,9178905807476.805,1126138911008.12,1126138911008.12,470757973606.06067
0.25,1358590858799.0117,1620109153235.8232,1438711459012.073,2809989878377.3804,10667543164975.324,1145745179912.534,1145745179912.534,412427287662.5977
0.375,1503036866474.8738,1687067633319.3071,1520966891777.8862,2890403772805.7905,12737127905195.812,1173730723354.8992,1173730723354.8992,521251643412.12897
0.5,1729010787386.3599,1658604931519.317,1532601927744.0193,2901752026229.217,11942788748921.54,1162446551822.353,1162446551822.353,782498585528.3711
0.625,1723284058948.9834,1734844567886.3948,1557660812426.676,2953531237886.4683,13337924369143.85,1162227495605.153,1162227495605.153,689666846869.2887
0.75,1631575159513.9255,1673888728329.4343,1497732717352.8386,2748788220383.4507,11137225438818.607,1159004772771.3503,1159004772771.3503,626889848174.9144
0.875,1709004720804.2488,1635289473388.7122,1452554362470.7058,2855424566024.9116,13650572161984.576,1128743722263.1414,1128743722263.1414,736743497806.4934
1,1671750305516.755,1592795177196.5046,1456668897202.2507,2614325841585.9106,13637172162233.178,1112648859758.948,1112648859758.948,744727819939.2266
0,1328519234464.4082,1609609283145.1362,1425917021071.8542,2650569506105.978,3766752221443.733,1148250522552.137,1148250522552.137,255894677066.56747
0.125,1427925693708.5417,1592050492414.7268,1433104064345.516,2889938160290.816,8228355048966.011,1124167091850.2222,1124167091850.2222,480343450233.43384
0.25,1414054598974.0017,1688922151052.658,1485703381815.135,2926261043500.159,10650246346756.184,1175144082298.609,1175144082298.609,465960706729.5291
0.375,1781383861326.776,1820167204660.909,1645399201804.2732,3335708773545.6235,11651126378957.48,1226239730605.0278,1226239730605.0278,674101760287.8223
0.5,1798480788271.4163,1683962691398.8293,1511422638435.9521,3175082918389.9336,13558803585879.791,1159869344028.81,1159869344028.81,778705709568.7491
0.625,1791428406999.9587,1657597416416.3362,1516639790826.8289,2892317083951.512,11644380731925.975,1146971077765.7378,1146971077765.7378,796714873975.9645
0.75,2317663010330.9727,1750272416011.6177,1633263292109.5864,3153108733345.2456,14677223585436.193,1198327604465.1008,1198327604465.1008,1012718769300.4141
0.875,1954949664594.3823,1691463712727.333,1487007656955.158,2814496034553.981,11572159403427.629,1154559278748.3452,1154559278748.3452,882828995492.0469
1,1884298295631.3909,1699494553464.5576,1503325035115.9297,2812890832348.1826,13492669474875.12,1179016248795.221,1179016248795.221,851658813476.2996
0,1406092933126.0876,1635786910415.304,1542191450282.5178,2686074541687.986,3578739490968.04,1155792409752.7112,1155792409752.7112,243381902074.64136
0.125,1384797662123.0574,1672322762206.4397,1461053436259.766,2800119927155.39,8455904769346.876,1168230314811.7344,1168230314811.7344,374284430501.693
0.25,1623108632461.4233,1613775251570.849,1476925511725.4802,2801818938801.914,10447042030339.035,1124651140671.5344,1124651140671.5344,512183886041.5049
0.375,1503135560598.003,1619028895113.7185,1435641705936.913,2855168911263.1543,10921174591155.09,1144401343338.5752,1144401343338.5752,611654997006.7501
0.5,1506766593311.3198,1697919125835.3154,1500312528090.2734,2914835709990.1006,11115616075265.748,1171038806528.393,1171038806528.393,569178193376.1931
0.625,1713495078920.4817,1623618767316.6812,1431507198225.3496,2832664956433.779,12981630581689.02,1125939910086.3098,1125939910086.3098,759229693407.0424
0.75,1437960872147.8157,1662805358216.9336,1461531518040.7065,2740742146335.084,11604015606124.484,1151435536391.9785,1151435536391.9785,573747599345.0071
0.875,1802318838072.692,1554037257043.0015,1470632466157.7979,2801302677669.369,12800467479803.3,1095498815364.1498,1095498815364.1498,776304520596.3167
1,1635116083287.0115,1624539295233.3796,1462524892634.876,2886726891077.537,12215725771831.918,1145389934609.818,1145389934609.818,695082179175.2087
0,1391892592628.8433,1665074501284.2444,1471546817870.9612,2741790450096.586,3471806777104.3765,1143645462506.48,1143645462506.48,199137544344.97464
0.125,1517834050721.498,1725498581467.462,1523521073300.4104,3135992293574.0317,9553990817817.38,1130160969810.8274,1130160969810.8274,526374660185.2408
0.25,1853232515964.173,1766078365121.7297,1612623345921.42,3226874483834.229,11093811537012.365,1146491272525.4033,1146491272525.4033,709353091156.0815
0.375,1750413472965.946,1782353297492.8318,1621690377897.6582,3032295754254.772,12249345099752.812,1204830284308.9243,1204830284308.9243,731462512014.1344
0.5,1639966027428.0498,1635916245321.2742,1518845840409.701,2925300186704.7686,11814976993422.738,1106777562344.196,1106777562344.196,740785591454.9501
0.625,1622574939726.3176,1630500838974.0134,1471141989357.774,2829664615659.76,11794017106435.037,1102596177312.1667,1102596177312.1667,647199226750.9849
0.75,1878649102576.4976,1695646786644.3567,1551025948763.2532,3031904201338.7183,11770905388791.309,1145648519477.5122,1145648519477.5122,810934640898.026
0.875,1730910787578.4773,1684048335220.0005,1512268031118.4246,2884838993562.7314,12192672057162.05,1143637562737.8044,1143637562737.8044,684159205422.5885
1,1864219157988.509,1639490413375.4668,1446046574898.5447,2902811231599.021,13112673156809.387,1137580714510.306,1137580714510.306,790862362595.0828
0,1326661284312.2046,1657234005899.3308,1439450464071.3735,2603579653160.3022,3699589301178.3496,1158285790047.4312,1158285790047.4312,244055946053.18204
0.125,1559957202498.627,1704245948874.445,1518477263002.4475,3290169915683.5933,10523443846539.06,1198212396708.341,1198212396708.341,658826631643.3658
0.25,1486015147344.826,1738219624863.9067,1536346555769.83,2938232198347.85,10225657321198.527,1174621682446.9543,1174621682446.9543,456723619137.4612
0.375,1411669632310.3909,1629885806496.2285,1446924084819.55,2736976407897.6016,10841751264614.125,1152821141663.7454,1152821141663.7454,544567621674.5213
0.5,1565759498898.1501,1687040291884.701,1525514624009.5662,2753342573281.8623,11677555651282.182,1183673628493.4377,1183673628493.4377,602984826206.2902
0.625,1662745681885.8108,1681373261869.3503,1478294234122.8574,2917374119852.0093,11905483245485.613,1163361929852.661,1163361929852.661,608639682981.7449
0.75,1642139127091.9749,1657241473355.4106,1507291150375.2153,3037121705210.659,12392856544650.06,1130326214504.7002,1130326214504.7002,689628003805.4932
0.875,1911744222239.4692,1648046721944.116,1516860325492.2375,2938968456531.6387,12575393548344.328,1142375177415.4976,1142375177415.4976,851408113384.2721
1,2013159073376.8638,1733626145680.229,1606187291064.8955,3034522947979.5527,13803736739882.412,1168116780128.5684,1168116780128.5684,937788954014.4233
0,1461544168559.583,1693430767049.4893,1508380349473.9006,2807783668431.6934,3617432292346.3584,1166807238263.21,1166807238263.21,247655318212.16135
0.125,1490143037537.3345,1715927590869.0278,1540536235080.925,3153201713217.924,8960399979495.963,1152195351875.1055,1152195351875.1055,438110158049.0456
0.25,1481132926739.3062,1588603814907.181,1399537694796.5574,2839172739954.9746,10740668853826.924,1113843964567.544,1113843964567.544,667292896970.2509
0.375,1506048504749.7935,1613226847332.2078,1421775477201.2063,3054524923081.2163,10590684791950.113,1120907154268.1443,1120907154268.1443,632702986949.5619
0.5,1456564145422.4524,1687356499795.0535,1474499745226.0073,2944629883883.6997,11276032395911.904,1172537249929.4756,1172537249929.4756,585049417060.3264
0.625,1786976888136.294,1650037458517.6553,1454047550145.3352,2960390411812.6,12433534677968.178,1139908019153.2039,1139908019153.2039,719193135100.1786
0.75,1673342541127.0532,1708990949448.7126,1519499854109.354,3054354540355.2285,12309241280172.188,1181154341961.184,1181154341961.184,767562361784.2256
0.875,1900870580390.722,1670116003176.1948,1533898725657.7166,2918775860241.909,12264382131849.418,1159181719549.2515,1159181719549.2515,849799011684.9077
1,1737320006332.272,1655369856891.8906,1468965274988.9224,2741170033356.094,11879787473976.86,1124269459659.8337,1124269459659.8337,651030592699.6548
0,1406777990895.458,1587510229836.3796,1464423882924.3623,2554769597657.554,3748285884582.9927,1121714385825.7217,1121714385825.7217,260397658597.71432
0.125,1566431020559.6748,1673229078106.9229,1544954815947.091,2831355780888.1343,10084861773128.662,1170282703528.9956,1170282703528.9956,489200611102.1814
0.25,1390540246790.927,1661977128702.5195,1475658882771.366,2811792137418.1904,9472542492465.096,1155714420856.767,1155714420856.767,501663563327.45966
0.375,1622647165475.1416,1667610053916.5088,1473212442155.2402,2968987701163.562,13162381290800.592,1168750274766.065,1168750274766.065,657330982528.5773
0.5,1692927689124.0808,1565643026124.0996,1466473590874.7112,2792094757885.918,11575854383605.697,1089122749218.7594,1089122749218.7594,685934596645.6157
0.625,1628400436334.5103,1739427580841.9014,1557687438214.257,2906209299982.4414,11668620038530.523,1163015492900.366,1163015492900.366,609636273737.5382
0.75,1689240745601.509,1721580421092.0044,1544620562423.7446,3044197748565.4277,12546077734504.164,1186379703614.4966,1186379703614.4966,735693575292.1747
0.875,1588890583626.1943,1684897624180.593,1505346957433.8052,2925167884782.875,11616025954807.482,1142761204916.264,1142761204916.264,694209507488.0907
1,1624706824116.808,1609170180117.2278,1445262718227.1265,2865023452104.1123,12388935392526.732,1124472067028.1934,1124472067028.1934,741518408081.7367
0,1334579109227.2983,1622839131589.0613,1442613326511.0022,2565460788328.401,3678305986363.1064,1137835739121.7136,1137835739121.7136,192606957289.60226
0.125,1329851424091.5598,1565225616760.3674,1400626968423.565,2785929120787.015,8980584548651.043,1098512211932.9462,1098512211932.9462,341422071766.6989
0.25,1395234258774.789,1584659345180.8477,1463647480679.8909,2652470753524.808,9981620221046.684,1107301247422.2686,1107301247422.2686,382801383788.2203
0.375,1527609040607.041,1662287552451.6523,1483998722815.0417,3002496680188.2676,12552500193832.396,1173748954209.5127,1173748954209.5127,667996851249.2129
0.5,1435529461967.1978,1641593363894.6113,1461792212577.3484,2827888917252.118,11080092056413.145,1147627140532.8293,1147627140532.8293,522245984509.0592
0.625,1762035427376.4478,1735476267256.136,1556793913233.2783,2917240893550.6113,12154331293346.332,1127266583685.2722,1127266583685.2722,701127013616.2612
0.75,1598302658816.4849,1649484628623.7422,1494299173450.214,2746037870431.6157,10989038445681.21,1145162047985.5432,1145162047985.5432,650635536253.3367
0.875,2240397868751.135,1699292515577.447,1636733069593.2656,3042457295488.7407,14425046294670.576,1157086742102.065,1157086742102.065,986635437431.7051
1,1955620165754.6152,1652882339240.2095,1538186023109.1995,2748595911895.3203,12187601257946.355,1132283579827.3281,1132283579827.3281,703195435268.3187
0,1284992828737.2554,1624874854223.769,1424589897179.6006,2728852602520.1133,4265112352556.8657,1152609769866.2202,1152609769866.2202,213171705336.3661
0.125,1503859009990.639,1764947423707.0117,1559875609268.2676,3064203816019.934,8976646920178.86,1229882076837.3562,1229882076837.3562,421484410041.22656
0.25,1497150414422.1987,1572847640690.3403,1378105041569.779,2711149401632.172,9681243177745.72,1102237895317.2168,1102237895317.2168,509790564765.56213
0.375,1678293713225.1665,1755041540259.349,1599204580403.4385,3017756626355.69,12056339033903.436,1176539494630.864,1176539494630.864,625621226427.1722
0.5,1949101812749.968,1670955738976.9739,1567159414512.0605,3030101313714.5527,11663137458999.49,1162965281523.568,1162965281523.568,877052497709.3792
0.625,1836150899180.1318,1669918270815.3164,1524924515390.0872,3013096346716.7817,13036648081109.877,1112677022420.6162,1112677022420.6162,803049349525.5564
0.75,1681599165519.7937,1678966032640.557,1533919485494.2327,2796034830213.732,11790949496352.69,1151631767594.1367,1151631767594.1367,764318280509.3837
0.875,2046928707665.4602,1601575408073.2368,1520065917400.2554,2856350572263.9746,11433562479015.39,1125925594809.0415,1125925594809.0415,986738888651.023
1,1771687758472.7168,1776939032693.155,1616899896785.239,3013509190723.2197,12792770982649.25,1179284971920.768,1179284971920.768,709741116028.139
0,1424777026491.0847,1686627298988.5464,1468191105548.3384,2653808268443.2656,3828823072313.5815,1178657953010.7493,1178657953010.7493,253515928004.5734
0.125,1543321296296.1396,1770703040176.2024,1579194620586.3167,3190909074045.9355,10079304402505.441,1221624796986.5042,1221624796986.5042,607001632669.3105
0.25,1486540970098.2668,1697517602846.1392,1561154853591.9265,2988254355881.9624,10967720606476.645,1153006220718.2144,1153006220718.2144,545423941452.4613
0.375,1680718794387.0042,1710065131980.7385,1591779721418.7905,2968119593941.098,11083682588476.736,1122212615893.2705,1122212615893.2705,642462755617.8044
0.5,1626197657675.763,1732306505452.063,1570643787904.0518,2927589319097.8486,12163677195759.346,1148243601133.579,1148243601133.579,623572235139.4408
0.625,1741531661724.464,1830922710545.4165,1638555376112.4182,2962403102036.0986,12005524184049.057,1198473227887.5762,1198473227887.5762,760034911006.9856
0.75,1740479502482.4846,1733499413470.3918,1532135910578.1418,3229295406447.8984,14016852817170.973,1182468962153.2007,1182468962153.2007,767943884952.412
0.875,1851186846122.5098,1781326477198.9805,1581335851488.0713,3151456819836.189,14113015246943.084,1151296795058.6287,1151296795058.6287,801573836415.4287
1,1672290290903.2812,1686962309094.827,1493670705713.0981,2916030323124.977,11553734191813.17,1153994896800.2732,1153994896800.2732,783976516184.4104
0,1265856520650.817,1522695737182.5996,1359855659605.7341,2540800370630.0815,3305593335092.213,1092478427242.7615,1092478427242.7615,206556955408.06476
0.125,1389085680894.922,1645931858121.3306,1483216798115.081,2955951093989.7314,10053332205693.512,1143922818973.9343,1143922818973.9343,413366317068.1797
0.25,1688464035478.8164,1742059015747.7788,1606646953518.0388,2873587971526.6855,10530744777850.129,1191947221045.6572,1191947221045.6572,522952320604.97156
0.375,1530622452592.3079,1662750231248.5881,1478318968922.7322,2850499639417.4375,11337330308129.938,1169286961116.1904,1169286961116.1904,569847400011.6251
0.5,1682696630772.8105,1653988294077.7725,1493459727190.7852,2978215793425.495,12191165190504.3,1162940706250.3293,1162940706250.3293,761225023528.5842
0.625,1450907709911.9458,1636725816245.0217,1468463720384.4922,2771473547846.4497,11904897322947.38,1138953192428.5066,1138953192428.5066,652429192589.2227
0.75,1561856224341.89,1673823448245.9556,1530030164736.43,2897277609649.034,12253876343285.742,1184289698748.5488,1184289698748.5488,587467983326.5503
0.875,1761385318928.5125,1697874833944.7017,1520960788196.2817,2860599219364.5293,11905721148725.297,1178451372676.648,1178451372676.648,800438226765.6974
1,1639319943706.5635,1636143511175.1602,1480557671142.1052,2651729663983.369,12851730286919.621,1149037939282.0156,1149037939282.0156,731237221154.3715
0,1266115107215.7385,1585028484363.9094,1390538645370.6907,2433117601836.256,3290783754942.0806,1119375387036.3691,1119375387036.3691,197190188005.79694
0.125,1350978318888.3499,1642507548683.8901,1443018658120.1829,2967808168110.597,9517020638505.904,1143377503560.7612,1143377503560.7612,447090480269.47534
0.25,1646604871340.9897,1764649211132.3245,1621089691730.5615,3140190277382.864,11818560968627.041,1165887537951.5571,1165887537951.5571,620764250304.1907
0.375,1464161954337.0906,1691123829240.1877,1489082961061.1763,3009009842082.1406,11307302329088.566,1173600608278.9812,1173600608278.9812,593187827842.7416
0.5,1522029495092.4285,1664494011296.1663,1453139454925.4631,2804321662847.214,11707752185787.38,1136214147582.4622,1136214147582.4622,674879892014.881
0.625,1672045066721.4414,1715255218951.166,1538637387086.8726,2870139910458.07,11361879782804.154,1175219609344.8872,1175219609344.8872,670066812988.429
0.75,2181128900353.017,1676442445848.6362,1572021414836.104,2940184096719.0864,12566525934811.582,1132303908820.2031,1132303908820.2031,921828726274.4697
0.875,1847883846526.7173,1722537126579.094,1624445739196.6528,3149388723498.9697,12048313437517.06,1144417740919.6304,1144417740919.6304,755012377428.7283
1,2397234560126.7666,1692593632727.236,1642295747144.9734,3063171428172.173,13045825191911.768,1173548368693.1724,1173548368693.1724,1085243236712.8186
0,1391813623638.061,1689504248618.1462,1511196527469.648,2700640466508.681,3800170095190.9404,1196696150282.1575,1196696150282.1575,275251428577.6114
0.125,1373906140283.8113,1682606279078.5437,1460204806596.171,2938364441541.3237,10111090747917.064,1153163343254.8416,1153163343254.8416,444968953637.1325
0.25,1600919997115.15,1587392586626.4446,1396300774967.8752,2952993488894.4683,10777040617152.74,1101412640953.2488,1101412640953.2488,577061046633.4124
0.375,1608980753482.1182,1656323975483.8186,1438736378026.5151,3124188096862.9824,10988805969161.184,1136994231982.2302,1136994231982.2302,650661794178.1283
0.5,1724467179216.828,1614199355598.539,1509443330401.4407,2907059208695.6587,12589161150769.434,1129616204573.955,1129616204573.955,660802809100.9119
0.625,1832475006492.5007,1711613013114.555,1581993020261.492,2906923600563.605,11077969528133.617,1196319904234.617,1196319904234.617,770753404942.1316
0.75,1703785911029.833,1634863070651.304,1465378511827.6155,2703246384892.152,11963810588195.71,1152518580295.45,1152518580295.45,708056291706.3491
0.875,1912912163292.8774,1658248058488.3115,1583415348007.9858,2791671221185.736,11739170723248.803,1164244419153.0718,1164244419153.0718,778931816783.0497
1,1850194986885.2637,1718733626117.5771,1574193249406.7625,2961498214630.3853,12608918749149.99,1150947460304.2068,1150947460304.2068,742781382668.9556
0,1381514788990.9922,1585763168407.5518,1431669589779.549,2533378851622.5356,4041650272391.245,1120763447969.745,1120763447969.745,308428438437.15424
0.125,1468949281473.5432,1574289212830.968,1424536891270.5383,2727254095347.8833,9676425552600.457,1114329935143.107,1114329935143.107,493604262521.02527
0.25,1743400636993.1265,1747502465562.0896,1612976717671.241,3144039793060.7153,11612858496441.648,1163726121788.2644,1163726121788.2644,768753513865.9806
0.375,1416097761408.1262,1616669617015.883,1442538211807.1099,2979469290063.688,12167495463199.045,1114468218821.7454,1114468218821.7454,565931968406.497
0.5,1409894936218.1018,1662880142208.8428,1472337747505.7097,2774822676099.229,11647979563045.242,1166384033287.0293,1166384033287.0293,623487099417.5564
0.625,1388348840285.8875,1617801432475.2847,1431519116740.4229,2692196576305.491,11590048643363.693,1133013465407.3647,1133013465407.3647,550299915171.7797
0.75,2062192721863.332,1726239653472.4546,1593402562766.3665,3157432625439.6504,13626991542002.195,1200498526416.0093,1200498526416.0093,1000961623000.9553
0.875,1855997404044.7234,1625869490446.673,1554201610316.7463,2823632009044.129,12627202765530.873,1130701871050.0823,1130701871050.0823,853331228101.8131
1,1720735857183.293,1608715065120.5537,1429420931958.2551,2857628128137.437,13706380393747.82,1124225106922.4138,1124225106922.4138,747672708371.3546
0,1369931419148.7283,1621786293765.2756,1476438897031.363,2722002994668.727,3778092983853.6064,1142950303412.1294,1142950303412.1294,178808748715.9637
0.125,1357285965833.0352,1686607687564.079,1490169760839.6196,2965605753234.813,8464934701652.199,1152051060518.5525,1152051060518.5525,473689913217.60754
0.25,1536826647656.8855,1680188550403.6023,1518878153879.8208,2840806021031.9287,11005601030234.639,1178353835776.1133,1178353835776.1133,623787411016.52
0.375,1477913546926.9404,1669636916758.4075,1452559174213.5708,2913676863501.378,10457441417584.291,1144497950704.4226,1144497950704.4226,581533898128.4554
0.5,1762491426847.7908,1741894154088.0828,1526041146932.9856,3098979772616.415,13951327537672.367,1197730282788.145,1197730282788.145,790371983037.315
0.625,1533316575566.994,1637883623049.6406,1484847256785.5952,2883212757705.057,12957779398536.254,1134234816090.8516,1134234816090.8516,658609798404.2599
0.75,1869738886116.2092,1751104618305.3413,1684161827404.1743,3224430081387.722,12035489767915.541,1153342122163.6646,1153342122163.6646,810681730440.9194
0.875,1694383486585.8704,1708427726690.3147,1461987231834.1035,2962775972375.9375,10747891872572.074,1155297413347.835,1155297413347.835,694218610899.892
1,1891377011596.0864,1711029596880.7957,1500046106283.5823,2995778398245.2446,13444137255689.979,1163812791339.9607,1163812791339.9607,818924304712.7478
0,1326974285857.88,1645868065639.6,1449689037460.086,2628733668382.42,4873775247199.626,1176320955644.1697,1176320955644.1697,181753385989.08252
0.125,1355134248105.95,1641660230280.2656,1457983619540.6497,2783717581696.214,8516866628318.783,1151301442212.5286,1151301442212.5286,318233017939.31055
0.25,1406103986686.4229,1647988859408.0378,1471634093316.745,2932118862175.068,9114824161113.324,1169077082811.9392,1169077082811.9392,545797225831.2665
0.375,1383472680427.4688,1642912653574.9753,1452906738274.406,2798484559374.1064,12454842912835.432,1162132452920.1453,1162132452920.1453,569239773586.1254
0.5,1581280853988.147,1656185487424.5986,1435890127557.235,2924239693800.8765,12234952900533.844,1125189113001.4658,1125189113001.4658,607094748133.3778
0.625,1452366387810.2197,1606272672190.8296,1415553126717.9775,2685975258462.0854,9868506531220.496,1125740207205.211,1125740207205.211,577334060582.2194
0.75,1525230800965.8586,1660577169076.1538,1465046027383.275,2786297324808.7437,12633021932215.414,1149867390259.7085,1149867390259.7085,699693780170.9652
0.875,1716917642353.6196,1633780570889.9878,1502876843716.88,2949726130434.4595,13608358332872.795,1136514002712.5923,1136514002712.5923,739386633349.3109
1,1607825748206.0845,1616063279310.1792,1460527458713.0767,2786359740121.5947,12256341181414.668,1149433881119.0706,1149433881119.0706,707590654991.4388
0,1497815940168.9722,1737369235838.594,1555590771610.8193,2904302620151.1924,3817634758173.446,1206878307237.3296,1206878307237.3296,232926616000.3693
0.125,1352366747652.6772,1656128126298.7065,1456806456631.559,2951935758548.769,9288036181712.418,1162461531448.0566,1162461531448.0566,344715773839.6737
0.25,1454060470275.2173,1591777384020.791,1469113124676.0215,2976837880019.3623,9822809116832.479,1125422212112.2607,1125422212112.2607,534981834940.92285
0.375,1585597890365.4316,1647826660241.5203,1453402537304.5896,2934386091704.309,12328049108492.043,1139428261113.7527,1139428261113.7527,654299585256.996
0.5,1579001511814.6133,1649374285823.2188,1488856707589.1506,2923939499553.509,11280265642552.459,1134655305627.016,1134655305627.016,685497497343.139
0.625,1576049957040.9482,1740228958041.4324,1529466819500.095,2845662629142.2974,11226267665822.838,1184703459734.8948,1184703459734.8948,588079833214.1672
0.75,1582230680204.5671,1619345670900.171,1464889981773.4302,2991457250008.209,12036909791236.947,1141758972431.822,1141758972431.822,675290551430.0065
0.875,1748231944489.4834,1573668934675.3044,1412024139643.6606,2812850774861.195,14210515971067.479,1106241444159.2896,1106241444159.2896,743870167819.0002
1,1665909016747.1191,1658614481904.6448,1474654728483.013,2763824738139.6694,11984805059830.035,1156274007822.8662,1156274007822.8662,707730184672.5184
0,1379975192409.2803,1674646703762.3413,1480580378387.2473,2755342254325.8657,3647984428909.0444,1167812315294.7947,1167812315294.7947,235947034552.13174
0.125,1400641790778.956,1694223919180.9097,1520366107850.0461,3069630358739.705,9432381590156.3,1183671668497.2178,1183671668497.2178,380048434041.652
0.25,1591508178210.002,1610624754927.006,1442462317310.49,2963246940191.465,9872764734347.38,1131163274457.9578,1131163274457.9578,573654117064.0459
0.375,1585669852215.855,1646961850617.714,1515704262135.0774,2901830255596.264,10658744286545.52,1153744390219.0305,1153744390219.0305,597734569811.5996
0.5,1670461777527.401,1692851016096.849,1518213785435.894,3080062017056.1294,12380557414418.316,1170993659222.9043,1170993659222.9043,639202848110.6421
0.625,1579810700701.918,1614930024361.07,1477073831409.522,2805570231780.902,11894616457595.258,1138121108369.5754,1138121108369.5754,585318661694.8708
0.75,1758431269321.471,1739993263315.7114,1539417889908.9683,3028925177008.9023,12096323266365.6,1193339341690.5984,1193339341690.5984,748035971794.6638
0.875,1900341840796.5195,1634742996840.84,1549530414076.3901,2981675016524.1704,13374617638486.633,1116101327052.545,1116101327052.545,875937195431.8855
1,1846778600845.335,1681625427540.059,1520628117158.8381,3129848568952.1074,13235550453698.281,1165732960598.681,1165732960598.681,820718615114.2053
0,1510275081648.2256,1765749986019.367,1581337698355.4805,2953602750616.5386,3500011911010.369,1151272836100.4272,1151272836100.4272,264721230503.0123
0.125,1482549915695.8567,1606317523251.3672,1421246843722.792,2976246397625.2163,9677959509122.107,1124688877137.9846,1124688877137.9846,460460245933.1909
0.25,1407243614446.598,1716389225636.4285,1516182210226.4229,3039751903320.3945,9603979946816.549,1193405477441.7441,1193405477441.7441,535267069410.3612
0.375,1740854306467.2087,1688876274190.0835,1538335510932.3508,2923810470543.197,11198154979513.748,1164932961288.0925,1164932961288.0925,793869214801.777
0.5,1882541220948.7402,1617943433891.1782,1481931017433.2417,2869172188744.3276,11246193527099.191,1104034961500.3096,1104034961500.3096,773532635933.4072
0.625,1733010856961.9368,1654517203042.2153,1463933686184.3835,2828552995885.91,11294535494139.021,1120696252527.5696,1120696252527.5696,669585494534.287
0.75,1711935450091.4753,1623036621342.2622,1446534918023.3582,2823583718886.0703,13700335527409.848,1134492947166.3,1134492947166.3,748309656285.2014
0.875,1510327586002.4065,1693849142670.9685,1514003330331.9414,2816493422395.135,13788236347137.13,1187879958266.9927,1187879958266.9927,736157712441.3441
1,1706107636792.261,1684753475470.6943,1490654048736.879,2995429419698.0425,12229401467794.625,1116650027222.33,1116650027222.33,773468397538.3707
0,1407563270155.0312,1666723905632.737,1485129585775.8574,2607523234661.083,4029514892138.9385,1163540625885.065,1163540625885.065,331586374010.4823
0.125,1487973373514.2834,1675459015755.8965,1466185024821.6582,2928318576258.3057,9399439126512.262,1167271640103.5562,1167271640103.5562,374642049901.99194
0.25,1400779395156.6392,1608884781893.3684,1461067190451.7737,2831345898355.8623,10193697904152.156,1097262610800.6854,1097262610800.6854,531546339629.7288
0.375,1543406804635.3218,1678620434274.7144,1448408140069.53,2849485788686.8506,11521962527193.936,1157186993196.236,1157186993196.236,579119581206.5149
0.5,1608473846583.2146,1701709735035.596,1514154180630.583,3172370645991.5615,12279904702465.246,1194648479574.7878,1194648479574.7878,658843238620.152
0.625,1878810355074.4746,1623743449349.058,1441960360336.4797,2944661851775.367,11314588831797.45,1115512398520.1338,1115512398520.1338,766525021711.9656
0.75,1906978433338.5151,1725243148498.647,1584284649329.5676,3016221660664.9443,11902686292002.701,1159323612292.3286,1159323612292.3286,851500397625.821
0.875,1631568207517.7754,1770158304815.0012,1615703416602.366,2832850661220.502,12450861329834.547,1170085524292.4497,1170085524292.4497,681102471578.0571
1,1662935055153.9712,1673159134732.5488,1482490297108.3027,2910345019179.0205,13852312527392.953,1145263860213.8887,1145263860213.8887,767310007040.9696
0,1445641496448.5725,1646316497116.3372,1536184101323.2822,2750061869852.9097,3743584027370.456,1165423324761.3086,1165423324761.3086,240278549511.88266
0.125,1408077523780.246,1651317483463.8188,1466651362683.1284,2826099808045.9717,9526868664536.197,1162384161520.969,1162384161520.969,299042707093.0449
0.25,1442669180442.1414,1668443496141.9778,1467191920878.5396,3082858875508.7285,10784882930118.496,1148932380153.5044,1148932380153.5044,488307061010.03766
0.375,1710730183863.1694,1690402529186.8032,1587685075580.3286,2910188015335.857,12507132313954.154,1120607041073.8057,1120607041073.8057,684324312085.187
0.5,1523357833403.745,1701380926529.3232,1554580964597.1848,2897148597865.6943,11282243728164.248,1205774774147.231,1205774774147.231,534123151371.74414
0.625,1713854118422.0688,1679888275643.531,1516431421797.457,2961062774288.597,13205949926146.367,1183073190457.307,1183073190457.307,711577537581.3445
0.75,1349822895483.243,1556088973406.3396,1384106440110.506,2753547023091.7256,11620723735051.8,1089433423587.0465,1089433423587.0465,566837890952.9872
0.875,1852425762541.8455,1621435859545.7786,1546074045726.9365,2803455497619.3237,11953676724877.902,1106497860737.764,1106497860737.764,698042544641.1521
1,1698797826340.9912,1635706646047.5164,1485976697990.4568,2987657517735.714,12243039364911.357,1104575015377.275,1104575015377.275,707869573892.2717
0,1341290008407.1074,1587753084506.2097,1395430291863.1846,2557732782646.032,3574357149543.1304,1121660619377.1057,1121660619377.1057,163960779490.07016
0.125,1485113271031.6606,1680283403987.657,1465600710430.0376,2894877271234.48,9234493429794.25,1179256130789.8037,1179256130789.8037,378788871073.16113
0.25,1565077960123.69,1662711178417.0986,1547495943515.7295,2879999475819.3765,11902204430440.09,1158086965777.4502,1158086965777.4502,640198227715.6022
0.375,1608079518356.5315,1632161469353.883,1470700397207.644,3113919519718.2886,11867880906434.541,1140048899287.4648,1140048899287.4648,633921787934.5258
0.5,1612217046485.3738,1677064395904.8672,1537340868702.3843,3240060564559.956,12324122405311.396,1157259416428.291,1157259416428.291,655765951461.0668
0.625,1727152634288.3257,1685524154201.6853,1548315983333.4385,3074385401588.523,14191624485125.467,1163061536051.121,1163061536051.121,729789848762.4751
0.75,1470263412584.649,1603579311181.512,1424401680350.5208,2780984088141.2314,12370884663257.738,1135910505624.5374,1135910505624.5374,593102265101.4066
0.875,2262135325408.623,1760567514841.2092,1735732808214.6555,3090371232252.454,13883330044338.166,1161534436623.7144,1161534436623.7144,976057937068.5132
1,1637350484109.228,1644036331509.9524,1490557196402.1006,2900701516070.4814,13036926061581.555,1137097807924.9707,1137097807924.9707,652817908884.8746
0,1371472763347.2727,1597899793375.867,1390188713881.492,2501495871617.52,4307979282919.8955,1123915420450.6013,1123915420450.6013,181095055277.48294
0.125,1575146628320.5767,1704333781606.0618,1539046445858.5244,2967686274578.9697,8415392549656.029,1193397564728.6494,1193397564728.6494,491288232195.14935
0.25,1361649319728.307,1582003773403.6072,1395438414175.018,2758321943693.726,10148608348082.762,1094524051040.7225,1094524051040.7225,519579255985.09937
0.375,1683786737645.919,1662971238101.746,1508211142432.4958,2913687052829.9937,11040700925349.455,1132193457449.1875,1132193457449.1875,607403276592.4226
0.5,1831452604492.6418,1751978779604.9143,1575467930177.7908,3023287505342.3047,11841518261237.96,1175459043211.7595,1175459043211.7595,728793206816.5394
0.625,1658317906543.0676,1666215236385.9067,1550681965631.1099,3113102325343.241,12930853072015.158,1159708110219.3123,1159708110219.3123,696328600102.4121
0.75,1727671441689.224,1718705585117.854,1616121704959.936,2824674375194.263,11387049417756.574,1167902299348.827,1167902299348.827,667054338451.818
0.875,1936149820528.5078,1722528745647.2285,1526369686911.2183,2988393198298.1797,12509049182693.467,1204404069120.019,1204404069120.019,767093256343.699
1,1657473919094.8643,1707159990692.88,1537666765014.6362,2900852703777.483,12361359772451.615,1170193198697.6077,1170193198697.6077,707559504611.3
0,1270793286140.1328,1611244546301.6091,1409366503810.1833,2593098586714.995,4616527645576.07,1144661854702.4553,1144661854702.4553,204027079218.6522
0.125,1434628623117.4446,1633552274955.8591,1452549347407.8596,2866898467026.3535,9407059093190.898,1158834365896.173,1158834365896.173,486627090604.7903
0.25,1490529926439.0437,1571107824300.1948,1390268130199.9595,2899959345069.5938,10476687260941.691,1105347458852.2134,1105347458852.2134,606568416738.2402
0.375,1665960930335.5996,1651550931377.9763,1468768497154.2078,3005555975026.002,12493112450604.15,1161175120342.8813,1161175120342.8813,701328907420.3263
0.5,1541432554355.0225,1585079862364.1936,1419088599449.4656,2806453692035.3916,11171981014840.916,1129315863400.6206,1129315863400.6206,616463868630.888
0.625,1808916838002.2288,1590278353606.0942,1489359009366.3403,3061896756344.939,13888364868960.906,1103125189303.8337,1103125189303.8337,812182452902.5927
0.75,1590375983953.855,1685170374827.3872,1537511335476.3682,2904463180642.8706,11955488816274.438,1174896967103.9082,1174896967103.9082,637109432889.7999
0.875,2272377350301.173,1724334899539.7305,1697204641481.8862,3028404984154.878,13524434705151.684,1156775659633.575,1156775659633.575,1059544162114.7751
1,2179651480920.8435,1655238387473.9102,1510202077017.6018,2799665735574.723,12749520670104.854,1119092813554.759,1119092813554.759,1049111612283.5281
0,1399451880275.847,1624714828321.5251,1425043781286.3943,2537328667877.367,3959401654201.032,1132832240278.2576,1132832240278.2576,224115632202.83813
0.125,1433774794891.2878,1634829779529.435,1431483787924.055,2978642801030.176,9805789772710.457,1140245454654.464,1140245454654.464,485593418258.9869
0.25,1636548651583.9604,1797427917870.6663,1636070943202.0212,3184968920103.4814,9510133280225.951,1179090375435.3835,1179090375435.3835,452681853938.32275
0.375,1678932499332.1025,1682544943814.0823,1479907116236.0332,3088726483120.23,11118641995896.709,1120780024670.0422,1120780024670.0422,703434713823.1047
0.5,1681419623774.4077,1637309385386.41,1512570797150.3975,2911793916793.727,11858136468236.766,1141103897016.6208,1141103897016.6208,678076798767.2738
0.625,1898172390884.9653,1656218746084.0244,1565728680514.048,2949829441347.4478,12021211142614.889,1111920817773.5046,1111920817773.5046,845483161512.5061
0.75,1643837430626.6072,1691526462650.592,1589155185892.3748,2794081905838.6504,11977076729395.906,1129364503708.693,1129364503708.693,635837119344.7479
0.875,1934192453093.0603,1693957074548.8452,1578956466075.9656,3105585344511.6416,12511210992066.469,1176801553935.693,1176801553935.693,854732067185.6686
1,1766639660556.816,1734414032127.579,1605387324769.6526,3186229891301.624,12730889781147.69,1140836634801.7505,1140836634801.7505,829762881897.7174
0,1313510862038.5544,1582018953186.6523,1416700297001.6123,2606659215994.478,4344606761786.1216,1116105747604.515,1116105747604.515,223925368678.23746
0.125,1560672638141.2388,1681581045103.9023,1533203905746.1094,2941832992837.791,9402125556905.611,1171380136634.859,1171380136634.859,356176148114.40454
0.25,1742178197799.9722,1644586470477.3357,1507476524533.6416,3163600758932.947,11861678382686.377,1143089378891.6887,1143089378891.6887,734866163588.2888
0.375,1799201200508.6685,1687170553127.9329,1528370974575.9448,3029933674736.4497,10178414236173.729,1176357951434.4177,1176357951434.4177,675106287693.4524
0.5,1518065039159.4575,1663747870237.8289,1462910363188.3481,2833849910262.0728,11159292746179.99,1158144362412.3103,1158144362412.3103,560228311503.5903
0.625,1762859450705.7869,1705277119700.7046,1586815077157.448,3041842519558.5137,12052793197790.39,1170551282384.1597,1170551282384.1597,724092192280.8743
0.75,1840431906832.2522,1692359928927.8867,1502847157984.5254,3137052506902.1206,13105030945746.621,1158424890935.9048,1158424890935.9048,728650419351.7778
0.875,1629024665629.7346,1680215425851.2866,1496129371963.8835,3117977129218.065,12290898643494.05,1151574175215.2463,1151574175215.2463,726796629051.5151
1,1726161256394.956,1730709367291.1348,1586489341092.4995,2815255127247.7705,13807526891246.625,1137506868253.873,1137506868253.873,710247595639.1567
0,1319336765975.8054,1640887526954.9854,1429129665508.7212,2673511869803.5776,3693357942188.722,1138442324237.629,1138442324237.629,200032188256.76508
0.125,1511886232374.5322,1704843568623.5137,1512295571402.9026,3027052937693.808,9096709256722.916,1182437731361.6118,1182437731361.6118,392793741752.30817
0.25,1592852015050.1023,1699922637593.006,1492043061674.1882,3101068299092.6494,11925974410648.0,1153071062292.0415,1153071062292.0415,585960866832.4115
0.375,1475321102343.1904,1610294712032.7622,1469690229490.337,2701010352999.825,10450587018879.562,1129834670355.351,1129834670355.351,585593544475.4548
0.5,1495147063511.5967,1638868995170.6606,1453992747715.6863,3029797042258.8906,13739920623097.73,1128684658400.3906,1128684658400.3906,608999589372.6133
0.625,1719101006988.6545,1639227714930.7942,1511204386576.3896,2838967819757.2563,12199779377573.889,1136307238444.2786,1136307238444.2786,693972115521.7164
0.75,1703495155673.3625,1657083866909.2983,1513986339562.851,2987216646704.238,11374470360306.613,1139939303593.014,1139939303593.014,748416212066.7656
0.875,1814903324841.9143,1616831986813.3608,1451250802846.2566,2907278995782.5664,11161199610380.342,1141466504158.585,1141466504158.585,845455211116.8948
1,1747218683228.0862,1701390074747.9697,1538415947270.2524,2882450520847.713,12974193419648.006,1173047553219.594,1173047553219.594,768276609547.1915
0,1290201895841.464,1609251828225.8125,1417084273633.75,2580910674555.54,3412625300609.6377,1141323758208.9238,1141323758208.9238,272163567404.3631
0.125,1408645047937.2944,1578304757228.7024,1448874831725.35,2969002885440.733,8807112325670.11,1112514196999.9304,1112514196999.9304,399577871390.73517
0.25,1455924740800.626,1655570289802.3313,1462837873874.618,3079656851006.2847,10359701905528.057,1162446101514.4827,1162446101514.4827,570353856299.6023
0.375,1438861027530.1187,1630796970582.4392,1465030549082.1145,2801469624326.899,11039020904908.133,1144585275247.8782,1144585275247.8782,649393665711.9075
0.5,1540683832054.4863,1585284771794.1858,1441075081661.3564,2712714581827.959,10864973264024.197,1105129141954.0088,1105129141954.0088,587104536213.7134
0.625,1788579794885.762,1726439083449.0303,1589000832990.7405,3052401080592.034,11075680822622.512,1190890377967.709,1190890377967.709,744846648492.6138
0.75,1617276757224.721,1681518743052.5842,1473259656499.6633,2964728623793.8022,12693080226429.377,1160072324075.5525,1160072324075.5525,767431481342.1362
0.875,1624762812414.467,1677358496479.0103,1521317135637.1462,2963859806824.071,11611501557238.791,1118408736682.004,1118408736682.004,718561744135.5217
1,1689335106419.0757,1651308274112.5547,1512197905103.7788,2967984941373.1343,12776573226130.379,1151218364278.7695,1151218364278.7695,744718738050.4175
0,1329912559683.4778,1631015303781.6604,1443254955348.8171,2725488151219.311,3407814310926.655,1155416298196.6016,1155416298196.6016,194098836534.47208
0.125,1436045893409.289,1657759576905.1582,1471211395442.0156,2848558179098.3154,8859783407389.53,1138333870746.8552,1138333870746.8552,377017883143.6839
0.25,1479350108067.1953,1722472389152.1396,1516203923144.6199,3089882774182.9453,9713919413383.0,1189845516111.6438,1189845516111.6438,603293320701.203
0.375,1511042433728.5823,1715398732620.6475,1490839207817.3835,3125469181337.587,11895679115754.895,1177763947562.432,1177763947562.432,662453075078.0522
0.5,1815287202571.66,1739158902454.2976,1608705028299.1406,3113683482817.2456,11125762005220.787,1185398982550.161,1185398982550.161,751624429996.7642
0.625,1623321497053.23,1783320348934.8804,1628137652034.4604,2926177728052.934,12153926328859.79,1197588942476.2708,1197588942476.2708,634602755228.7568
0.75,1634777060170.5505,1654814958853.9316,1451400613112.482,2893428501239.6543,13196645404620.973,1144640177689.8274,1144640177689.8274,670781752828.187
0.875,2165995418083.665,1680287151924.859,1482203107703.6157,2960824297602.3096,13787138775703.816,1148298216960.9397,1148298216960.9397,946057399228.9009
1,1867980466348.3132,1661312203814.3464,1489954580608.8171,3044431145110.567,12904835526807.297,1179407582125.9497,1179407582125.9497,803454469011.4448
0,1326562955120.0977,1625819035856.4658,1404794205323.6553,2637133032573.1294,3898194850121.79,1119771910707.1355,1119771910707.1355,196214299106.4641
0.125,1421671390218.0723,1647657875670.9414,1472216242850.3257,2801386145849.5776,8776979457449.0,1121179740576.4668,1121179740576.4668,470445777809.3208
0.25,1542625699524.4111,1646141833786.063,1453550574060.8384,2932002656773.117,11179673169290.654,1148156795336.3987,1148156795336.3987,542892156478.5056
0.375,1682422835844.6348,1679534742402.6858,1509002114082.238,2855744875064.763,11382032023676.248,1134286318638.618,1134286318638.618,652772819001.6885
0.5,1864010658798.297,1638418761040.3523,1472908230536.9714,2887071198494.046,12145313390346.059,1127587950167.9175,1127587950167.9175,848749855062.6604
0.625,1585550713142.3823,1594147971536.9038,1413510406952.6294,2887802867059.044,12099636589650.379,1114235695523.0042,1114235695523.0042,585815763878.1469
0.75,1731947905900.7207,1590044553616.8765,1392271381337.8242,2778839822274.0015,12812496299005.559,1096008946431.5232,1096008946431.5232,696049575911.9503
0.875,1499735232905.7122,1688647129469.0974,1499236614615.9714,2889923153198.663,12433882008100.121,1163164322100.9175,1163164322100.9175,626317560878.9677
1,1574011671375.649,1646134843666.4673,1442111895095.9749,2984059472978.74,11689580995103.195,1139501112480.7869,1139501112480.7869,649549039027.4818
0,1357037934572.0278,1616229324292.9006,1460185969702.0103,2583353864128.1494,3486419581683.4463,1140324248024.6687,1140324248024.6687,169635061415.90536
0.125,1485079214401.4646,1648447782990.6326,1453522799467.0186,3156353373935.733,9154806372634.414,1147807741069.6824,1147807741069.6824,475980246926.0255
0.25,1518142389954.742,1658823528923.1267,1510618996134.988,2949069348749.4146,10562754735717.484,1137476295343.5642,1137476295343.5642,562890072715.9761
0.375,1522182296069.3772,1622366537124.1235,1533577774834.1233,2839541470486.2397,11321910425544.57,1135583529376.3245,1135583529376.3245,639424836715.1935
0.5,1756152903560.4,1770409538450.9944,1677663265179.7966,3121277237467.312,12932988556034.594,1180095944028.5928,1180095944028.5928,706080183029.4263
0.625,1858331779759.0486,1676017039610.5833,1481857409411.6833,2973457882235.6353,11913649205917.184,1151718337480.4363,1151718337480.4363,824032419951.2152
0.75,1658975613812.7532,1644725438401.194,1470472152112.2373,2805048975253.6987,13468044372511.936,1138619078585.2478,1138619078585.2478,659856644973.2378
0.875,1627320904634.2112,1684153832115.2598,1462407642297.0896,2984274912868.5225,11288930516392.672,1154102623578.7935,1154102623578.7935,603727332766.7882
1,1777255783630.5476,1679255323132.5686,1500174795373.755,3028515958041.639,13827855525769.432,1157980032267.3213,1157980032267.3213,737106656064.9496
0,1468055974041.1125,1621408418801.103,1467678632085.4055,2812581950791.419,3713269080427.161,1140801484563.5784,1140801484563.5784,205551218996.25522
0.125,1409548893908.2163,1649305734200.2437,1439462310701.5427,2913064049744.933,9276452783921.941,1146797132606.146,1146797132606.146,382239505622.833
0.25,1359716424004.064,1622969944607.33,1467356375323.6362,2766238547722.8013,9909068155418.816,1130744023081.556,1130744023081.556,478892716712.9093
0.375,1587643261409.0579,1672021607099.0337,1482510351917.775,2954768540189.5786,11164688239165.744,1136382739033.6748,1136382739033.6748,701412650301.2349
0.5,1750953875638.61,1663371170384.9324,1459292416482.5762,2797394925747.1865,11619120060807.447,1154143325852.8901,1154143325852.8901,664026905254.9126
0.625,1808008255785.2048,1712851140394.1697,1544691957150.2917,3108732815757.8643,12071097614508.91,1178874752509.9277,1178874752509.9277,723693066520.4532
0.75,1670227001335.7373,1722513374943.8284,1516273893818.279,2926089536466.549,11978605031490.516,1197121286669.7993,1197121286669.7993,690094860436.5693
0.875,1703524511871.8052,1737719414840.2827,1559385150308.2996,2981488019483.7104,12203697171015.488,1163027858101.3855,1163027858101.3855,697931462702.831
1,1867443582048.9646,1683356812245.3672,1507301379885.6409,2701382314587.5933,13060305412502.527,1163756863126.2537,1163756863126.2537,831977948577.9098
0,1312583650025.7368,1614319077720.4507,1428465113703.429,2566451090155.553,4357239172952.1943,1126345284386.5874,1126345284386.5874,185733568618.3859
0.125,1410310387324.5825,1614092905085.8235,1448248775097.1628,3064729608279.727,8499707443395.771,1131829274011.216,1131829274011.216,410565025958.7348
0.25,1499180656356.3638,1668869671161.094,1485904916805.5012,2922411609699.6206,10771413870328.545,1181474357548.8008,1181474357548.8008,487747229018.2823
0.375,1733778659276.5125,1710798246854.398,1490521596530.5537,2937966387497.704,11244191914444.31,1182400342304.4102,1182400342304.4102,639372026895.3433
0.5,1531202203957.6611,1759732593252.3796,1570676802020.4976,2993751918101.78,11925671004216.6,1215356406890.6348,1215356406890.6348,546414399761.05334
0.625,1619755356743.131,1577510199973.8826,1444259755047.6409,2707892664769.915,11045921173361.342,1096956807872.4773,1096956807872.4773,744319759298.735
0.75,1594352992226.3901,1660585528184.0686,1503984400698.9426,2808255148496.0596,12219766917678.76,1155494669434.767,1155494669434.767,620683647321.4677
0.875,1641405482065.5566,1545444491121.8086,1386148837060.8,2735087623232.443,12354041749704.111,1063099909606.2637,1063099909606.2637,705935959511.5156
1,1913004755001.169,1684481622605.8296,1562004685788.4521,2846979095104.899,12271962809670.066,1176262733715.8423,1176262733715.8423,853045344756.252
0,1422403016572.8215,1701117299471.854,1529590573245.0408,2814271421136.0264,4167553124718.502,1161821460432.2368,1161821460432.2368,197071324628.0863
0.125,1375054949798.9497,1635127773170.0447,1432494113924.7793,3060627628209.5083,9589991649313.564,1140709307233.8962,1140709307233.8962,480536682625.5367
0.25,1616120824022.258,1662583653886.767,1462325136211.8198,3126349478050.817,10199489721492.965,1139742286305.078,1139742286305.078,603493260853.4855
0.375,1606160361414.1155,1679069662377.8728,1495028194646.77,2859950672942.837,11274413816270.336,1157427686951.8066,1157427686951.8066,657549447011.1045
0.5,1720666914995.318,1656453204729.2341,1457614831170.2427,3098255841929.97,12924073176327.553,1134995031602.194,1134995031602.194,721892034047.1453
0.625,1799465471404.0264,1754079565943.213,1527123089851.6624,2835145218950.6763,12543823658731.502,1203894865338.931,1203894865338.931,741306350013.9277
0.75,1503962665510.3477,1715352617698.3784,1484831002568.838,2861778961274.3125,12066199170934.773,1176833374819.428,1176833374819.428,624673537661.0239
0.875,2077568219545.2988,1814836741392.665,1705558929759.934,3214181068066.1294,13583245902275.379,1183250515283.393,1183250515283.393,924209343973.838
1,1988020056667.7358,1704647526915.3215,1608101262263.7183,2920797699779.298,13634096875000.564,1154574822486.1724,1154574822486.1724,828627855396.4814
0,1557893727739.7625,1711307210518.6797,1544756057873.9424,2828797568458.8945,4504664461179.307,1157185028453.4482,1157185028453.4482,191940869921.21802
0.125,1400972709676.3516,1626824627041.6653,1468033511057.804,2952535558316.1167,8401953339684.147,1148700124380.4421,1148700124380.4421,397417856563.8922
0.25,1688447648703.018,1706618319603.6326,1486436452800.3374,3167989586706.68,11784596864209.393,1185097164815.9897,1185097164815.9897,612121211186.77
0.375,1541470043376.6624,1603248321766.3972,1457472666039.7944,2857818186241.383,12317809072423.795,1114607098422.194,1114607098422.194,656046852281.0687
0.5,1525019863317.4033,1725399291150.602,1527625700929.216,3060577406323.3306,12334897478453.41,1208582039266.509,1208582039266.509,636249014190.4067
0.625,1605164224095.5654,1590634230985.7512,1448740131820.175,2813207145537.459,13055168147149.908,1103211746353.769,1103211746353.769,644454739940.9982
0.75,1596803207323.5571,1694134904611.9976,1488120005927.9578,2927179094597.739,11800385390621.412,1180974984252.2725,1180974984252.2725,709044932980.4471
0.875,1566457551651.3083,1707313052304.7913,1495143051636.9036,2874535588648.5522,12848091884329.629,1171852525195.6428,1171852525195.6428,668933962503.515
1,1791031888309.5532,1736272657455.9255,1597455727435.1384,2766475687515.803,12834961296512.05,1218429494810.9282,1218429494810.9282,765193251647.2355
