n,ICPP22,TOPC24,Fair,minTime,minArea,Topt
500,540331764400.61755,534945585037.2192,549132709329.4259,987929920031.6813,5760222361276.0,397339110744.3837,228717937142.0918,397339110744.3837
1000,943949545903.5074,923857570887.944,946809834470.015,1762422502766.4739,7681476163192.0,584715130800.8376,453255102179.0664,584715130800.8376
1500,1256417208619.669,991791644136.3953,995080038262.8523,2185239995491.2837,7896176401212.0,727699966099.115,646226716152.9551,727699966099.115
2000,1649271598630.3406,1227723749112.7617,1216820529559.5657,2759024048056.6055,10063581833598.0,905639283026.6348,905639283026.6348,740397859136.8611
2500,2196257862573.7454,1660601627228.9087,1613140022736.7825,3713953974726.9766,11181311884154.0,1193227084248.3398,1193227084248.3398,916763173396.4874
3000,2429453464953.288,1847862449664.4622,1826463222442.661,3987131117405.6143,12464674046902.0,1347802845414.1875,1347802845414.1875,1061958082738.5137
3500,2896229660223.08,2167338130889.0186,2170521107381.022,4495223161923.605,12304534136111.0,1605765894153.4355,1605765894153.4355,1047530438521.7615
4000,3314340549349.2437,2432545226807.041,2404572276868.0215,5162921848930.533,14255697582918.0,1794346528399.463,1794346528399.463,1374332608659.0518
4500,3898695806759.7837,2824626103477.321,2763212602076.6074,5631603508445.814,14238816542626.0,2142662143487.084,2142662143487.084,1378615743087.0479
5000,4191760604699.6313,3117187715146.9814,2939814624268.053,5757407412894.849,14136746439702.0,2295117383345.7734,2295117383345.7734,1223490636404.7014
500,410141726992.033,356510994059.0334,353582965426.6367,790475496656.1748,4827699284470.0,254306569462.00372,204459841150.66016,254306569462.00372
1000,1023684517311.2047,848038546419.4135,846845797491.9886,1674160185540.2786,9462888148509.0,590119376068.892,512223395419.06836,590119376068.892
1500,1355113716308.1885,1110909748722.3965,1093184951125.1956,2426768235318.6235,9326196696586.0,732542979622.4279,676886236882.0234,732542979622.4279
2000,1740996767981.979,1301189644628.3684,1286327062789.7815,2697111359145.9785,9353933865623.0,927133052492.3379,927133052492.3379,741549842619.2263
2500,2060110113434.4387,1617932822910.9275,1545596087045.892,3418535948153.8228,9616251658436.0,1143001255743.1758,1143001255743.1758,852979470695.2305
3000,2583603300944.692,1922837465119.1465,1879957321154.3977,3940555180448.021,11455622835505.0,1414645766569.043,1414645766569.043,1053065982623.3655
3500,2957636110048.5312,2185415043788.59,2104669159831.8606,4493277036973.193,11269244834863.0,1625686269611.8672,1625686269611.8672,1010388839199.2595
4000,3388786524839.5444,2508765004142.3975,2464634659351.578,5359317684190.657,15642951626269.0,1881111869158.2422,1881111869158.2422,1340089576184.0625
4500,3726137589219.6045,2710232467467.426,2642928696965.6714,5845786938346.12,13727621584211.0,2067776497486.791,2067776497486.791,1324214902699.143
5000,4066055254581.756,2984988502535.1953,2946788929392.445,6212401134377.187,14417628325682.0,2251097447232.4336,2251097447232.4336,1468417153197.344
500,659939286539.1809,692529956477.8806,705730352089.2184,1128680188968.7625,6807144429584.0,403087202976.85455,250698988253.23242,403087202976.85455
1000,935023993111.8762,847060006156.3995,856642584717.0991,1713415434200.2168,8007965317289.0,705435213208.4233,431181892061.15234,705435213208.4233
1500,1324807974834.7756,1013254653310.3286,988818254406.6366,2100160150255.74,8298304827919.0,667940039384.8379,667940039384.8379,648705546790.5121
2000,1636240140006.3674,1375302475192.5015,1382727916681.6506,2820166306179.9385,9017232568142.0,886398293376.6875,886398293376.6875,868539387055.7222
2500,2056443177316.0334,1554024127545.7632,1499903031213.0613,3315891430460.704,12503114127514.0,1121912252349.6855,1121912252349.6855,934604362037.9491
3000,2465735501751.5366,1815792322567.2222,1782214159850.79,3883239956917.8213,12721460011429.0,1342717347141.4277,1342717347141.4277,1071619418859.0029
3500,3029977586275.447,2320954338090.9116,2249957529922.0566,4578714287960.571,13098078776718.0,1675410403083.5059,1675410403083.5059,1257350689984.1536
4000,3286309531532.012,2454291679311.8945,2353101678387.158,4861739841268.02,12197289713985.0,1816416472694.3496,1816416472694.3496,1241137186367.1665
4500,3776113307466.582,2750425384757.4336,2687036617816.4395,6006928995455.051,12954786270676.0,2096679020024.2148,2096679020024.2148,1287074437651.0134
5000,4141462285535.93,3099475641864.1157,2982583473707.747,5886513554471.117,14294333272626.0,2319033059517.412,2319033059517.412,1357070490737.4673
500,588875632347.5797,562275436488.8005,578076359644.7976,945598813629.0731,6113112939352.0,465641726687.01355,235116831169.00977,465641726687.01355
1000,1013486571316.7577,924755759026.5367,945298951906.0433,1714087399773.574,7454552791830.0,728737224701.129,456172603749.64844,728737224701.129
1500,1336440585870.7886,1151408419980.6284,1223523757317.1426,2456361812870.8833,9952154314812.0,860004140041.7842,684526833397.6426,860004140041.7842
2000,1673098668118.7957,1310646869581.583,1306915166896.944,3042806107575.884,11781483221649.0,902890601718.8652,902890601718.8652,720333792663.2653
2500,2032292606137.817,1586040479060.0725,1593052392413.0527,3439783502425.164,10747748277717.0,1096844333192.002,1096844333192.002,1016148673880.6476
3000,2676601674068.5723,2013058723862.447,1968448821558.309,4247530194514.6094,11262999087981.0,1468383395563.1328,1468383395563.1328,943458911615.9366
3500,2983597829230.9565,2257295957990.893,2234676420455.8945,4717443525053.101,12979857869595.0,1616033966393.9922,1616033966393.9922,1180819692135.3225
4000,3466759957536.1504,2513849030949.0225,2426725080965.5605,5027167956071.846,13483560114523.0,1897162613468.3691,1897162613468.3691,1166669717430.7507
4500,3809903394535.5996,2809883888624.4004,2732817516396.5557,5572148421003.246,12941568524120.0,2125771669515.7969,2125771669515.7969,1214461002310.3145
5000,4185256242269.461,3060406904811.2197,2936119149730.4136,5863819934462.464,13698632052213.0,2301134953148.049,2301134953148.049,1283894816417.9414
500,550156978159.3816,543379369288.1521,551272501834.7598,1025785272069.065,5470013580247.0,452243374810.8549,245551668455.92188,452243374810.8549
1000,990986787206.9182,800194885545.4532,846138228933.2607,1623317372848.705,7329519150515.0,621223890173.765,484809283675.7617,621223890173.765
1500,1291325473623.624,1008006394179.533,1011953696313.037,2282550740403.7124,8550911376666.0,648842334363.3516,648842334363.3516,621570137399.9272
2000,1610919422142.7703,1303796845412.9714,1319283900279.5159,2649108627824.808,9848455034904.0,885046506540.875,885046506540.875,876657658376.8171
2500,2059379599240.6052,1586629322201.0015,1625881290413.4932,3036560387174.6167,10338407407706.0,1129146456498.2773,1129146456498.2773,789906117650.9917
3000,2564918298581.535,1865013733240.3037,1796870001181.9526,4043340862045.233,11045858599883.0,1376771907960.7988,1376771907960.7988,1042118795470.2174
3500,2946425377417.931,2224567434534.223,2173839197668.0752,4303908499367.182,12563222753779.0,1642341520349.7402,1642341520349.7402,1048746245995.3538
4000,3376347279605.004,2537171437884.764,2443147473899.188,5284064094236.591,14239139252082.0,1846284879344.6543,1846284879344.6543,1214232125408.8845
4500,3752937603834.324,2703883391834.3564,2710209411814.4624,5390758433868.466,14760217228395.0,2078144134560.7695,2078144134560.7695,1286338149079.7893
5000,4139902959882.967,3101042599455.841,2980736843756.9316,6102812493945.12,14877983827372.0,2242935165813.3105,2242935165813.3105,1305664815132.594
500,538395765353.1238,575568438421.9287,599288566159.7649,1010493398116.3556,5020540630147.0,493626314353.8139,237346576438.65234,493626314353.8139
1000,957525110718.2106,719888383204.2728,751646529777.7251,1659327223929.751,7722977775054.0,494582389918.4668,494582389918.4668,430340978928.97534
1500,1356423799216.5217,1082285748955.011,1071171521844.6604,2386597191020.7197,8950214670683.0,780242587180.2456,717536065860.293,780242587180.2456
2000,1764548321859.8975,1400557873518.2285,1377824232062.8738,3107969561207.618,9896653630777.0,957535804041.7812,957535804041.7812,805626787026.9958
2500,2198598381737.8333,1648299981536.922,1610752648731.3867,3821921049529.814,12505841437087.0,1139972068575.504,1139972068575.504,968978551151.5355
3000,2516757082608.131,1861714455447.661,1821011396485.4204,3595639249186.1753,12094812322840.0,1383332017981.041,1383332017981.041,952365954420.2601
3500,2858954545446.401,2099862289569.6226,2112408320255.5586,4084587832947.7627,12052354334465.0,1547045621670.7188,1547045621670.7188,1335298349150.5132
4000,3373742249022.7695,2414696813270.417,2335859808644.561,4752255443587.196,11662034802150.0,1863505713912.1133,1863505713912.1133,984827218834.9865
4500,3698695738274.1377,2709825157618.451,2660722147109.7715,5760383895162.796,13453035239314.0,2066233801538.9902,2066233801538.9902,1218059663470.5369
5000,4112624267000.5137,3052558932566.7246,2946738902407.088,6118104090081.554,14088269491830.0,2291988379012.34,2291988379012.34,1431978664928.0762
500,552290297271.5776,481417689807.23,495951378437.3239,886687221268.2925,5599600533687.0,401899494385.89825,255411418455.45508,401899494385.89825
1000,861582421709.7382,782941554636.9419,816744464457.9581,1579550526384.477,7875163080890.0,558431688172.5315,440507646201.99414,558431688172.5315
1500,1336146053677.591,1051664364484.0929,1040695264925.7643,2175659858464.55,9089696385160.0,694567721790.1445,694567721790.1445,663860327037.6014
2000,1729343062530.663,1410921745656.4119,1400269767580.336,2866653413214.521,10730662957683.0,1038939988417.6552,929385862397.2871,1038939988417.6552
2500,2221625211085.92,1693664492225.3496,1757808589568.092,3722362347181.5586,12389859604802.0,1182340695091.8457,1182340695091.8457,1100658690772.8438
3000,2600212006325.196,1921210565318.086,1936279369974.3008,4270075557503.273,11765455438410.0,1382862378906.9062,1382862378906.9062,1200958005405.1272
3500,2850794610796.854,2082355480997.3958,2021655485070.868,4495124773170.57,15778381439369.0,1566677822966.8184,1566677822966.8184,1063409018931.6256
4000,3296182195036.6255,2402332570043.968,2293286001202.6934,5072714885249.745,12928469326035.0,1818568948232.3145,1818568948232.3145,1076201252241.1045
4500,3732172668879.938,2694874151910.3613,2628910509211.0557,5418562898321.087,13626997072819.0,2064265153915.662,2064265153915.662,1178124506367.0835
5000,4172831650790.0854,3045541084261.1597,3012567384164.778,5644967470511.778,14017101035671.0,2319803222546.0273,2319803222546.0273,1249421351658.6301
500,490576185146.2707,468467036620.85333,490504048670.02026,1074279864937.969,6895006269597.0,327042029090.16223,253620924230.9746,327042029090.16223
1000,979201568394.5989,736574707732.8834,729640316895.8995,1673877658949.5496,6906314661046.0,529857182572.40515,495562022682.66016,529857182572.40515
1500,1252407817783.6611,1012726707906.1611,1020960408076.8367,2244816616655.6646,8766256209698.0,703246047829.7135,668875024726.0684,703246047829.7135
2000,1684819638759.802,1329266750305.015,1322950495366.037,2884569650455.8477,9293402967687.0,927024927100.5458,863163194955.125,927024927100.5458
2500,2040049916266.4224,1571544808575.104,1529352475092.995,3243571220404.5474,11250975367505.0,1105807167604.912,1105807167604.912,1043756893335.6609
3000,2584618041207.5986,1888476135417.2495,1924053366565.896,4130173542235.224,11542337137118.0,1428124071753.7266,1428124071753.7266,989952937618.6941
3500,2890223273403.3584,2103331065765.864,2098085713711.2502,4449908555486.565,13596042417664.0,1569087030494.1602,1569087030494.1602,1224126401035.9043
4000,3329361915430.2705,2490829320720.2505,2391314378615.422,4800061699402.344,12370601339470.0,1812779717547.6016,1812779717547.6016,1130772478400.0928
4500,3817527910939.651,2851445828371.452,2778235031946.4697,5607082704936.967,14078570212498.0,2092229055915.621,2092229055915.621,1221730299223.659
5000,4169016468611.939,3012310383545.2603,3008493814126.517,5714212522227.401,14224785932104.0,2311197438024.838,2311197438024.838,1343671647439.5867
500,548371422235.4335,564025198206.2035,612758565271.9062,934082913221.3197,4766179943867.0,461509515593.06757,231174832138.84766,461509515593.06757
1000,970574442879.0647,855596764406.5012,856088627226.2001,1711957625644.4143,7367307600881.0,580732041071.197,469258857713.25,580732041071.197
1500,1377508398737.8472,1084326408475.0117,1059223277880.4601,2458205324305.577,9746974398080.0,712224328844.7383,712224328844.7383,708415165257.6873
2000,1751508788349.4397,1319087975582.6729,1317778010200.4,2873622253285.6724,10320682954663.0,887889066085.8398,887889066085.8398,808100465077.407
2500,2169609329657.6333,1654068633263.605,1583722648773.3462,3471695540002.7954,11536145197028.0,1140528287699.8164,1140528287699.8164,985788780477.4774
3000,2636263705101.072,1907782566497.18,1863758177535.2664,3718719622647.211,10943551018418.0,1419064799560.791,1419064799560.791,959566720160.9204
3500,2789176902222.4478,2032134335363.9792,1976214755808.0098,4221999491132.597,13132664862590.0,1538114542198.9414,1538114542198.9414,1027349187398.5178
4000,3337307882305.0635,2431723164672.741,2379746066044.492,4714075525145.989,13575761683270.0,1794229922084.4512,1794229922084.4512,1199689507254.016
4500,3939134650233.331,2913345654478.495,2849315987348.161,5827997226854.275,15242818689427.0,2091562438512.3418,2091562438512.3418,1519049813100.8464
5000,4024052853595.22,2936640558354.926,2861170551000.1943,5628339543353.018,13663399310042.0,2203202472332.451,2203202472332.451,1283801557400.3145
500,481558717708.5802,473890618582.65826,499938043829.20667,940568962777.8743,4782769483396.0,331105826248.00116,255786098949.6914,331105826248.00116
1000,818791715188.1072,612394204943.7954,660182053949.2915,1534695486714.6492,6863350576820.0,430923508587.209,430923508587.209,371753477049.85736
1500,1296826904322.573,973486452000.9613,970541672819.7369,2272156462639.872,9135317054713.0,691449085163.2207,691449085163.2207,665058392800.8744
2000,1670595899844.4998,1261846567060.1782,1250795796424.5737,2739403959938.946,9849991912798.0,916066435513.209,916066435513.209,883173378664.4011
2500,2160527303665.9695,1651723790271.1055,1564439296417.4988,3502848859315.0176,12583639631892.0,1139378703660.5234,1139378703660.5234,988511580400.1929
3000,2530808469044.592,1880623667637.713,1875340885061.468,3916608693394.4976,11160162963093.0,1395116372676.1035,1395116372676.1035,999924276178.4708
3500,2905520719763.8384,2129696501515.3938,2073333581581.2534,4400783818354.519,11476921142587.0,1603602381112.3887,1603602381112.3887,1019921957948.0247
4000,3318778397933.3447,2442543431037.4673,2364906381587.1787,4561167388254.975,12842919104275.0,1854178554853.3184,1854178554853.3184,1386834648993.162
4500,3718956250991.2896,2720352379591.9897,2632629000300.1387,5310011727013.787,13916009276277.0,2073854388480.4238,2073854388480.4238,1153482183306.5022
5000,4184591911107.5205,3016867307359.331,2985820602746.629,5777925131722.413,12932323987179.0,2342505630825.83,2342505630825.83,1126561694016.017
500,560624266836.995,585925091069.5464,597866033553.4547,900576946059.2283,5903529018380.0,399238035181.46936,232732589880.51172,399238035181.46936
1000,912789224456.9674,772765596574.0515,762363353610.336,1870053121497.1316,7562122280472.0,495412445630.307,441171307399.31055,495412445630.307
1500,1310508861887.715,1028836503566.5292,1047724548557.0885,2348640711693.1367,8998518822319.0,706011610823.8652,706011610823.8652,683100822911.9565
2000,1873480692433.0674,1411719290577.6401,1384992674554.3262,2934308521355.987,8482327311714.0,908379641696.2715,908379641696.2715,866823666751.8456
2500,2166544104022.3425,1660431759131.5413,1621181457528.6501,3316211618589.9116,11600921523451.0,1178260514470.2031,1178260514470.2031,892306629034.7579
3000,2531573660609.929,1878466169343.4255,1795152842929.7014,3783257410028.5493,11206830037014.0,1383206921498.418,1383206921498.418,1029337595257.5527
3500,2978177986163.0845,2201446121663.13,2157012535284.4695,4307463665595.692,12638545846775.0,1615524940353.3066,1615524940353.3066,1130764744600.9592
4000,3287760904408.508,2453834744105.384,2428828731276.172,4961108655059.325,13696505928309.0,1770499344653.9648,1770499344653.9648,1178724735041.3445
4500,3758410046472.0386,2731062793819.6196,2639789654914.671,5291054031551.155,15541960935903.0,2066268534493.5742,2066268534493.5742,1253269997477.9075
5000,4145403532633.0625,2998386415507.328,2954760726990.0938,5785918988765.047,13952033983438.0,2300804391103.424,2300804391103.424,1224705205673.4922
500,555419682894.5873,534128501120.82385,563447619168.0793,1197339932303.9473,4777875152004.0,400903408722.581,239036622695.11523,400903408722.581
1000,935599110001.486,790070635569.5282,849784285142.9459,1772758614684.6104,7413166581201.0,495585071749.8986,461786453569.08203,495585071749.8986
1500,1170768291886.9062,930772313538.9287,939835045256.554,1926691757264.5093,8268406297875.0,659765883864.383,640788620694.5332,659765883864.383
2000,1730350903855.035,1448854124104.7075,1428802757929.1313,2746240390701.929,9898415399664.0,1028802338557.582,942818401569.1504,1028802338557.582
2500,1978923828200.3618,1523563712660.7188,1532116836149.9426,3136719904144.484,9542347828172.0,1082181027816.6309,1082181027816.6309,787516149792.685
3000,2535992950381.5977,1891683314262.5518,1845175168363.1255,3638346432315.634,12629324624743.0,1382486912335.6758,1382486912335.6758,1020445539122.192
3500,2993073784836.6094,2198355187524.925,2121632067059.7864,4549588266730.462,12033484884310.0,1613303229629.0723,1613303229629.0723,1193250191565.9702
4000,3368956042547.6157,2502056122781.9443,2418338525272.4746,5478091130838.697,13578450227356.0,1876748035142.4043,1876748035142.4043,1326857437253.01
4500,3802789880379.8105,2824406116592.481,2791690801897.779,6215763920853.845,15587020489709.0,2075662477527.0918,2075662477527.0918,1546585790712.9368
5000,4122699034337.5864,2988390136518.6343,2938936381400.645,5676066230506.805,13889225967909.0,2293041284003.664,2293041284003.664,1241268284550.9502
500,568581047604.5251,529617027164.1365,560878966682.8103,1020527960622.7125,5068271105740.0,402557533073.078,254351340821.38867,402557533073.078
1000,951210674269.317,791127103235.7327,796342385170.8441,1605329689688.1653,8198833389953.0,601355441251.649,434710334682.37695,601355441251.649
1500,1330834388608.6042,1134759723180.9888,1121980347199.0535,2038924582958.9658,8270791713642.0,785682034891.5588,649046985240.0234,785682034891.5588
2000,1688791752409.1292,1303851399267.3845,1276731778454.0022,2806999463753.09,11358750034931.0,962551239737.3251,896617291379.6191,962551239737.3251
2500,2156136047846.6772,1605948448864.5361,1640381012059.717,3386301724696.783,11747839401575.0,1176134208861.3164,1176134208861.3164,870997205484.9471
3000,2508954621435.6724,1917386999090.1958,1880210107542.9385,3905187440765.3145,12874362642626.0,1399713953861.5078,1399713953861.5078,955063966659.9728
3500,2971484567445.8965,2211358675974.922,2183785918289.2197,4626859051130.781,14659718490093.0,1620690275248.5254,1620690275248.5254,1274109359399.9343
4000,3450097046943.4526,2588318987528.3813,2524830295810.4727,5204842578630.825,14985548807487.0,1904165283635.752,1904165283635.752,1234841222058.355
4500,3665520132422.7505,2675717519605.9604,2606595816991.4873,5169533617035.002,12244922032934.0,2029324018518.9277,2029324018518.9277,1132604692983.3337
5000,4186938878335.183,3057249931127.3657,2955530924920.224,5833447457167.017,14738099365395.0,2308701455658.6914,2308701455658.6914,1167302354134.3308
500,480910041744.4773,416404308428.80273,421969687574.0833,856343331190.8505,4464648923010.0,336983536450.4397,224840799157.42773,336983536450.4397
1000,873611026651.0969,698083873051.7283,722503090847.0322,1788597523566.3757,6917724811886.0,490989598074.97833,455895983290.8262,490989598074.97833
1500,1326958494641.2373,1011205177786.3765,1008537809315.1716,2254054742617.714,8855182584874.0,746641762654.3517,684211494010.8203,746641762654.3517
2000,1782122196345.9954,1511323942400.9915,1523224613711.768,2751749164502.4023,10390732004280.0,929044716414.6562,929044716414.6562,858031633748.788
2500,2101436874977.5498,1616567359377.2917,1605705472706.5466,3384442427468.6816,9918911332780.0,1139323402174.08,1139323402174.08,888167275903.3284
3000,2595340163061.8853,1867592031892.4287,1878375353820.5967,4064951033424.4746,12819119903723.0,1391918850359.1777,1391918850359.1777,981916904823.9431
3500,2861121182174.4497,2139418727490.2444,2072744598803.6624,4253846069913.2856,11678392113646.0,1553090706777.4414,1553090706777.4414,1015370624139.9326
4000,3376337026640.968,2551434000202.9,2449696648322.9272,5192796621394.986,14765438098591.0,1865159453498.4004,1865159453498.4004,1310732541564.4111
4500,3730769717855.3022,2770455384369.397,2670525768243.378,5573392248381.131,13942724914292.0,2006993064551.9902,2006993064551.9902,1300778783090.8704
5000,4059060994532.1025,2971254617843.4067,2933904874480.0083,6025457605169.794,16580712125246.0,2221851223843.5723,2221851223843.5723,1627783731330.749
500,465153611546.8578,520602039042.4741,541609996356.98206,886357395879.8455,6289525265310.0,427043162265.9669,222043279797.9043,427043162265.9669
1000,898442480101.7504,681292441684.8589,721727641568.6635,1641782030251.3171,6480727483507.0,463193274099.67944,441244980626.93164,463193274099.67944
1500,1400495545400.7644,1219755443174.9932,1257606151641.0662,2415601718238.5947,9086162237714.0,783626395190.6318,701712645605.1777,783626395190.6318
2000,1823942763017.6782,1447099255177.8552,1425049531373.8298,3153717781875.4263,10026976618931.0,935029167764.7578,935029167764.7578,808261714424.8796
2500,2215075693735.11,1653293129656.42,1610497533290.746,3596645550144.4775,11243098267100.0,1178316825216.543,1178316825216.543,991564275900.785
3000,2554284223765.7295,1877173613541.269,1868932453681.1467,4036071895273.804,12004675965962.0,1397842129558.4883,1397842129558.4883,1058247669540.4724
3500,2885845102213.1836,2144509933008.87,2095797748285.6553,4368926293413.945,12966801903299.0,1571964460512.037,1571964460512.037,948311010661.6704
4000,3221266846576.5127,2392117133625.198,2343488664769.15,4826012170306.312,12470777683339.0,1802252253702.0625,1802252253702.0625,1173733586152.4663
4500,3631281810777.4854,2615395192381.8267,2556018785483.4634,5137171592550.86,13172985656204.0,2028029884719.3164,2028029884719.3164,1051092865402.7675
5000,4146025347939.4985,3070779743149.85,2973057550775.061,5847942055530.198,13095246290133.0,2283289616092.6953,2283289616092.6953,1187622536909.43
500,445525241957.26855,394667817441.8271,399031286448.0851,850912652641.269,4772955489016.0,273908027894.7771,213215276954.69727,273908027894.7771
1000,874750224426.6583,751512496797.3843,760955734881.91,1516782065156.736,7173886672599.0,556069655626.0812,444889054865.6699,556069655626.0812
1500,1320650119795.5566,1043194465094.5643,1047531350276.1135,2120975058058.5916,8495098737371.0,718124518697.177,685324049483.9551,718124518697.177
2000,1860951147066.8096,1421312754655.0881,1380581605965.7036,3305349823127.2134,10164184405412.0,948026492839.9102,948026492839.9102,884491358155.9648
2500,2105195198343.381,1619517720269.1587,1558010575297.545,3207495245646.058,10030384157032.0,1152213956363.0156,1152213956363.0156,853948216244.9551
3000,2472239503261.827,1804374970227.9946,1757487536441.4814,3762568526315.428,11848054821175.0,1306514372317.6445,1306514372317.6445,1016063518507.8932
3500,2908080559746.06,2118476677347.449,2087902252740.1943,4635314774847.323,12358886211656.0,1602717135364.959,1602717135364.959,1073325248891.7865
4000,3453028024256.4214,2581092290738.6006,2573314637606.931,5289667484832.913,15257832595153.0,1860290665004.9727,1860290665004.9727,1262684209176.3074
4500,3705321234205.7407,2717081680658.832,2675857330871.738,5648092078432.714,15624499378411.0,2058416499170.3066,2058416499170.3066,1481541953556.5862
5000,4054878268075.6367,3076194802119.45,3035234207751.3726,5826828912531.241,15370774255177.0,2233947636451.5117,2233947636451.5117,1549169936440.5476
500,521830584349.83325,515480028750.7181,524962540541.531,943886810086.9138,6152426781256.0,341168217622.7245,232306748613.26172,341168217622.7245
1000,921344534263.562,796894803391.8212,859457368357.2279,1676270706099.6072,8321442875531.0,688406783527.4631,448468601210.834,688406783527.4631
1500,1239148937202.771,926892713407.49,917513643734.7133,2097704082689.1409,8377669142013.0,663330013228.2695,663330013228.2695,600185959577.574
2000,1763441658345.824,1341675091769.084,1282440503312.4272,3033375265496.4644,10403785405833.0,923961904920.8965,923961904920.8965,761606840728.6985
2500,2312067309392.5767,1747780686854.9622,1706298458631.0999,3741303813100.3945,11078881696744.0,1211099486442.0898,1211099486442.0898,916382988445.6652
3000,2604965556965.5444,1952134378951.9946,1875260262098.4607,3877372710880.5737,11554244743573.0,1382881785189.5938,1382881785189.5938,944362876169.9369
3500,2871771195364.664,2145257499300.3342,2074971492052.8247,4555286083982.34,12395232336285.0,1599481695627.17,1599481695627.17,1006762680001.2852
4000,3512370332348.442,2588389653073.8965,2583833568777.071,5234293769253.894,13332416791960.0,1887609209414.961,1887609209414.961,1314060779331.4546
4500,3865698866563.26,2775991748753.0537,2705424733681.388,5701369511151.457,12574345188168.0,2145117617330.3984,2145117617330.3984,1222711907669.1663
5000,4129773091677.6426,3074180031053.9067,2990653302690.749,6026280308005.593,15241312400787.0,2315522896507.418,2315522896507.418,1484647718168.8271
500,568945018066.045,519214703627.06976,543454466612.93964,941212314066.82,5408800569149.0,413529208730.8574,231259908142.9004,413529208730.8574
1000,955945604092.0256,797048817292.5575,803590740178.8811,1600443844054.2148,7395777387631.0,568081867708.8346,468961550481.3828,568081867708.8346
1500,1289806070910.0747,1048627959683.4943,1100427480137.7517,2320104579480.0273,8887066374892.0,710931415624.4263,686124491893.9023,710931415624.4263
2000,1684241444225.6533,1293897845313.4397,1263760431395.5735,2857276539185.743,9616176920878.0,897768221705.8223,897768221705.8223,719609383035.9198
2500,2093775461170.6096,1541275341679.1519,1541711934604.9924,3296857134167.2573,10100968581496.0,1157132950228.0234,1157132950228.0234,800186547752.2505
3000,2492859754107.293,1865024131357.074,1939543550883.8616,4083390402220.3013,12472836078216.0,1365524077400.9102,1365524077400.9102,1124839982182.82
3500,2908790736123.3794,2207303963937.1465,2129409463968.5876,4484333193762.07,11757477723628.0,1608516503282.2246,1608516503282.2246,1121635449986.4568
4000,3319498070080.647,2458006796080.303,2372528110918.7876,4579117104080.95,12507243021440.0,1835723246963.4922,1835723246963.4922,1038429057165.5992
4500,3882354195645.897,2850800745050.8984,2710925708551.0776,5486513030337.268,13763246673435.0,2110950478658.338,2110950478658.338,1095373169490.0671
5000,4209220096479.9414,3012065594524.792,2935271579613.2495,5970217408387.633,13858977813467.0,2326351520348.994,2326351520348.994,1291670402971.6755
500,638330011566.4304,578952133768.056,580175586972.9847,1034802943341.6384,6929072297884.0,400908938681.4148,263588871750.2793,400908938681.4148
1000,987262463423.7758,867538372812.9801,895176919874.8606,1729793588735.1887,7677670250293.0,676044462448.7212,488612407454.93164,676044462448.7212
1500,1382215012493.2773,1176107492861.0352,1252619528975.7583,2415123127089.441,9581221005222.0,865834293577.9587,694409126324.7109,865834293577.9587
2000,1741949351891.9685,1317024133949.969,1339506052963.4238,2685254129767.195,9894346493166.0,926529234522.9277,926529234522.9277,867250802635.7444
2500,2131958424399.128,1606992568292.1965,1605608161747.0283,3231138767606.436,10546997242274.0,1137886742995.5977,1137886742995.5977,1012724978279.4773
3000,2441311152259.452,1808626080306.142,1843538120627.7437,3494226162202.2827,11403433391400.0,1346143454501.5703,1346143454501.5703,959539427375.2288
3500,2999809029130.877,2264414556481.858,2217661261154.8657,4647550375957.791,13896942435919.0,1595950007167.8047,1595950007167.8047,1388061996166.8423
4000,3160601509854.2065,2397368622010.3457,2310446044598.506,5039626971118.171,13104830396682.0,1741792398436.5059,1741792398436.5059,1125818917348.0908
4500,3880582368362.3584,2824913725675.3145,2746780557355.9775,5316504644074.024,12862999081976.0,2126653719401.3184,2126653719401.3184,1324338563043.8376
5000,4193700595853.7217,3094772006257.15,3117262666887.556,5882054846112.813,14783804931729.0,2249708380392.9727,2249708380392.9727,1463768091546.7283
500,483890285454.84143,460082838215.5166,487770103728.77155,928319651868.6423,6403057171187.0,327775379135.385,233578718034.2793,327775379135.385
1000,985233490100.8009,808548749137.3938,814025898024.0198,1673967320495.6973,8244842183207.0,533673003788.28705,483423586744.2246,533673003788.28705
1500,1355687991129.0789,1161877352636.7593,1191935271838.5532,2204011256834.3037,9043807352947.0,749967902451.3822,721108873206.0898,749967902451.3822
2000,1643341816443.9844,1379453643983.0322,1460320354297.8271,2794507106623.544,9925574348499.0,905656713959.1367,905656713959.1367,817570386270.6827
2500,2159411385881.0186,1678969361530.3708,1617936907001.8022,3387157180904.6836,9703807256648.0,1185584794005.4336,1185584794005.4336,745206527570.5153
3000,2537469003808.563,1932118046154.2869,1902295595212.5007,3956069272663.062,11483539391348.0,1414465566107.8184,1414465566107.8184,914411275411.9541
3500,3078543197285.584,2365376253484.5015,2415718090505.6826,4418527010182.319,12113283851062.0,1654889189176.3418,1654889189176.3418,1151993680300.949
4000,3295312484956.098,2398123633137.4316,2352123502155.5635,4978415998619.39,12954390310874.0,1835698980888.5098,1835698980888.5098,1099967652273.9863
4500,3837460447220.7,2748691220822.6694,2681940727492.424,5360270135916.013,14784382424035.0,2122823461156.7969,2122823461156.7969,1156139001233.2512
5000,4265387776996.1143,3098525223396.591,3045414803447.7295,6298873553050.754,15264688012514.0,2350635085054.709,2350635085054.709,1353790920030.7522
500,555028255577.554,527636207710.0233,555056920820.3353,1170371030550.4573,5347877715169.0,347213281714.8241,231010907288.29102,347213281714.8241
1000,952335566489.6841,735921771267.6072,782799484146.7345,1612091125449.78,7773133272109.0,510934930362.8314,470084526824.7344,510934930362.8314
1500,1285710138428.7925,1009517228236.8573,991706445292.899,2344187888605.655,8506489809888.0,685503960604.002,685503960604.002,674123983409.0052
2000,1793580201314.6416,1361170579854.2107,1317472685188.2527,2854002283634.136,10571073876733.0,934381379863.4629,934381379863.4629,862989962942.2102
2500,2053179761325.0613,1490792611767.0642,1453879727965.6858,3531119218673.94,10452993147568.0,1137638799205.67,1137638799205.67,965372350749.8176
3000,2538202827820.2646,1884410284792.825,1844951872779.1045,4014435563727.8154,13251396134808.0,1402800885277.537,1402800885277.537,1069488101071.1718
3500,2918494872628.3784,2168665014948.2676,2090957210528.8105,4340028088495.691,12752071468537.0,1602227712072.9492,1602227712072.9492,975673173507.0958
4000,3359732027391.6665,2568320545401.619,2481604842105.473,4825235372452.809,12147966869551.0,1836666806482.4648,1836666806482.4648,1176162459375.7476
4500,3683133915490.8896,2732564115112.858,2632294673193.7197,5762381212034.956,15154715519872.0,2078280024701.793,2078280024701.793,1293870484495.928
5000,4323444253053.8096,3266330335892.0747,3162271256358.6494,6628223214060.791,15354536913567.0,2336596490490.17,2336596490490.17,1636754689094.448
500,497304095791.3367,448933995473.04596,477934759715.0084,717492536600.0562,5590866227390.0,309181280222.96564,221241085370.1797,309181280222.96564
1000,883727912540.7845,725383353688.1268,756737241217.9268,1623168901818.697,6457061327734.0,492321737958.2628,461255952643.4336,492321737958.2628
1500,1290167206269.1414,981597347788.5198,984494494961.231,2144632123084.0117,8627318717853.0,702832505603.0469,702832505603.0469,630288722327.5466
2000,1827212199452.98,1387026457854.7751,1368226725276.5225,3049624058467.0806,9767777138141.0,961992266259.9297,961992266259.9297,839508643781.8013
2500,2084244676533.1792,1542414588566.9102,1515793046976.5022,3354335445987.108,10904925724654.0,1143163215727.3926,1143163215727.3926,803197147171.1813
3000,2474244841652.3364,1801771419819.0862,1729152591528.2761,3770992163842.842,11740329847298.0,1358749054474.17,1358749054474.17,989124570866.2896
3500,2897897910733.3525,2153690179813.2886,2097525074527.742,4257256048673.0356,12804001830013.0,1607466918206.2344,1607466918206.2344,1043101639232.9619
4000,3354545609997.6685,2494477397732.357,2442622269672.907,5219129355975.759,13559349000839.0,1770193682533.0918,1770193682533.0918,1244616898440.8547
4500,3760480549742.8325,2747631709650.0854,2681745293376.4985,5353448767070.486,13760748301139.0,2076750115507.67,2076750115507.67,1222331252997.9116
5000,4003875897349.0894,2964423680020.0234,2873249505187.19,5822267248411.383,13019867171007.0,2239385445612.174,2239385445612.174,1151599804539.9587
500,461950262790.08026,514617578800.2224,557973466210.823,927093656354.4054,6220155173819.0,400037867067.3174,213748561948.53125,400037867067.3174
1000,885358475863.9175,699777218822.7698,717577502335.3628,1414169403398.5696,7615793245502.0,498304132672.92975,437479129851.05664,498304132672.92975
1500,1275731108611.2363,985952343043.1963,1010532027780.9344,2153426993525.0762,8942711314513.0,680004326229.2559,680004326229.2559,636442529418.7657
2000,1697262284830.8374,1271314155442.1484,1243458961748.5273,2841040446989.896,9961273780824.0,910946671670.0254,910946671670.0254,704379312427.9922
2500,2089611848629.5337,1530688479250.1597,1466384825914.435,3293900936963.2705,10376117079438.0,1129708119290.75,1129708119290.75,751203965110.8658
3000,2576274706100.339,1922956464610.3157,1919971722884.7632,4383064120313.8506,12723107859346.0,1390774853898.6465,1390774853898.6465,1140027019712.6365
3500,2913302800058.4614,2158598993288.9297,2145752935265.9368,4718979874109.177,13115416855704.0,1575740265411.082,1575740265411.082,1522662091571.9626
4000,3382459430517.781,2491686660193.1055,2378626241818.64,4982622724446.62,11690310524317.0,1878970835830.1562,1878970835830.1562,1100888323500.2532
4500,3742160292165.4297,2676025975573.9263,2616679511976.284,5397903447855.569,13119023415235.0,2077257213672.1543,2077257213672.1543,1114965286458.7285
5000,4144250113609.944,3071292874199.149,2921923886621.734,5886808440976.076,14049316801535.0,2260754454516.9883,2260754454516.9883,1160392619330.3958
500,554175068614.8215,632932417129.7913,646592659952.0405,932794034075.6201,5568609332419.0,416044948112.60876,206975614691.28516,416044948112.60876
1000,997063037437.2786,882864239414.8397,906475959824.7845,1524294697244.5066,7205834733858.0,593220596235.7054,474435596835.6367,593220596235.7054
1500,1491794575957.4421,1199692657877.5525,1221120405420.4746,2810316174462.681,8990873890681.0,839599691611.7594,731682373599.2891,839599691611.7594
2000,1753265773169.4631,1356609872933.381,1342803632226.163,2700443885803.628,9761471952802.0,950582974276.3066,950582974276.3066,788466227635.2363
2500,2049699399219.968,1519469258422.6038,1482897297801.9248,2931481890974.5225,9966658813856.0,1113240698448.4707,1113240698448.4707,774980226048.1172
3000,2591605452630.7754,1946675609246.283,1890217510913.3577,3816526082534.101,11308221202025.0,1367466609824.332,1367466609824.332,932653407878.7313
3500,2992070667544.178,2213600625479.75,2120324246997.7297,4331030204121.2734,11771524409028.0,1656530683265.7812,1656530683265.7812,938426756610.2135
4000,3262816840721.179,2443027821826.9536,2382958584574.6943,5069015382450.42,13680158595441.0,1815259703480.7031,1815259703480.7031,1186661655895.3574
4500,3730951893152.94,2700915277114.03,2600468126544.6353,5741120028103.763,14734645351530.0,2083621737209.8223,2083621737209.8223,1283198417255.8965
5000,4191011406009.7075,3042512160260.598,2978520631076.954,5721969821418.778,14817641602706.0,2333323205361.8535,2333323205361.8535,1148903898333.82
500,505930215718.7024,583545555994.8064,626589104929.3281,940634648649.7589,5027959357690.0,504789734875.31616,230192606675.2793,504789734875.31616
1000,924612178591.2997,962614234770.463,995160419568.5432,1690773709872.3635,7519308672559.0,694008572117.1046,461874295376.1953,694008572117.1046
1500,1320645674712.5857,1003594631366.2305,977071164684.0223,2255387418012.1797,8805803154713.0,717851690211.6113,717851690211.6113,589970971646.2119
2000,1655818683076.1787,1269634019791.2478,1217280421587.055,2672920866493.5107,10039916326703.0,898893717103.4629,898893717103.4629,731910941148.7275
2500,2275349298866.581,1707202842199.1636,1689395016216.8633,3616390175829.683,11394027685586.0,1203378828897.2383,1203378828897.2383,1002552273692.406
3000,2474439953372.505,1818989693536.1816,1805147542833.7861,4040143136823.508,10878675739375.0,1358480487404.6914,1358480487404.6914,1048371156213.7285
3500,2982172044808.412,2264011833343.968,2197689661997.175,4884034784271.2295,12946681080356.0,1640241056088.6523,1640241056088.6523,1172027129191.5208
4000,3413576504420.9844,2540928013721.513,2457106039219.9683,5049775799059.425,12574246829776.0,1868945668266.7344,1868945668266.7344,1077571128150.3033
4500,3727814179678.324,2714278097903.2124,2644597042515.9834,5297690490177.855,13247153130897.0,2061690422198.5957,2061690422198.5957,1328191496326.2246
5000,4098144742955.8213,2972507283465.563,2878383253705.634,6250473523127.222,14912516374756.0,2275439681630.4297,2275439681630.4297,1440971760379.4014
500,507748223494.40765,475398975863.8462,494592427867.22217,771792453816.1844,5464024381332.0,336066789584.1238,244105425992.48438,336066789584.1238
1000,1004501532923.9927,794228521436.8806,801433030822.448,1736512892836.7192,8025015915262.0,544855658754.7737,472474220627.34766,544855658754.7737
1500,1332810560264.512,1002845472418.9812,1081841574937.2385,2307719857825.3955,9285309064079.0,700696076359.1836,700696076359.1836,686019336912.4495
2000,1756240092911.929,1316079202505.799,1294208467128.5771,2419682446901.369,9273531067432.0,904542525764.7285,904542525764.7285,710377967694.2986
2500,2217775439571.8867,1644332753728.8892,1620392384157.3118,3562525394429.476,11879966075340.0,1212553384361.789,1212553384361.789,889069525486.2623
3000,2531408915748.294,1943002630082.986,1899343723334.8057,4015188793062.4917,11311953758388.0,1387096138459.1191,1387096138459.1191,1005711511101.7432
3500,2942456006265.6245,2158061700051.3213,2137285113054.0432,4542228044450.188,11317678110160.0,1613412729254.7598,1613412729254.7598,1103930160207.7542
4000,3355266534050.314,2472106637154.4814,2376183676970.183,4823859902103.181,13480826404223.0,1818248480173.787,1818248480173.787,1195737080523.8164
4500,3713494497827.1353,2720333115680.1294,2645392022570.204,5734496757750.59,13366400940513.0,2071366407944.879,2071366407944.879,1218659312101.8782
5000,4262902379042.343,3148576879674.977,3050349513240.6997,6610634831230.088,14934215873928.0,2339504569748.3086,2339504569748.3086,1505591424692.892
500,541811846063.63434,556116781532.9725,560737681430.5056,947726713992.2579,5139101564508.0,316579088236.90814,215678040088.67188,316579088236.90814
1000,856360525539.6453,707056632753.0311,712052943236.7441,1393176607050.5417,7884476806267.0,547486443590.1247,445541407135.2461,547486443590.1247
1500,1323171440744.2368,1011311494764.2124,1018580019569.1636,2346006664230.6416,10518152404704.0,703648677009.8711,703648677009.8711,684755453226.8147
2000,1681665187224.3333,1253741052284.3801,1249894138677.878,2783379666963.5757,10037311035379.0,918597145743.834,918597145743.834,716945675480.1345
2500,2152095544358.8833,1686561377795.0474,1765777641705.5237,3242176665520.815,10612356017398.0,1135381482492.709,1135381482492.709,977416412279.91
3000,2497545658704.0513,1837097627890.2988,1786232431554.651,4095173342943.5654,11712346441488.0,1391222585460.1855,1391222585460.1855,944172131746.4211
3500,2999348040257.35,2239191443460.1465,2180349758666.322,4610632559921.362,14093061992512.0,1620721665837.754,1620721665837.754,1166946239045.9727
4000,3442557266779.6724,2560560635277.8853,2543383946613.2427,5008023631717.148,14801211766725.0,1891199931971.8535,1891199931971.8535,1513301637018.8618
4500,3630820924046.7104,2705615278645.8228,2664989609758.5444,5298243554854.338,11682307610167.0,2043224767697.5098,2043224767697.5098,1075300072364.0609
5000,4161746649277.297,3091494997572.988,2985512985930.5493,5867957699334.862,14073982691310.0,2312294676257.09,2312294676257.09,1343934535842.946
500,539912852987.1184,581050470809.831,633445984252.886,1126245015264.755,6059837650078.0,449350975447.3512,209206476150.9297,449350975447.3512
1000,900711787022.9846,755782192483.3843,792369124663.5679,1557881542727.001,7155074930609.0,612618099909.6398,462762985863.47266,612618099909.6398
1500,1432355858308.124,1103651343111.36,1102604360918.376,2403325246836.11,8466158200875.0,741319836868.4922,741319836868.4922,682539027787.8276
2000,1727182843271.1821,1290520309861.839,1275289438809.1235,2765734373374.3774,9856136866478.0,952613878826.9258,952613878826.9258,772535854617.8986
2500,2027370736540.672,1521747378722.4236,1480687234419.9644,3327558525671.017,11637861087897.0,1117002829737.4668,1117002829737.4668,835709118162.0066
3000,2514064247239.607,1917492116381.1658,1855287345569.7717,4149048828406.6177,12882963854906.0,1387827915090.8555,1387827915090.8555,1057473139661.6371
3500,2927676915843.9717,2174882543198.1802,2134166273302.898,4176503663996.706,12423169075885.0,1616160689123.3457,1616160689123.3457,1109949142855.373
4000,3297613147335.3613,2435090616592.4033,2343886223282.8677,4858027620075.412,14645870686534.0,1788905513616.838,1788905513616.838,1180028848655.9028
4500,3804418510372.5117,2816519346854.954,2747799659995.721,5859123167750.467,14444849415543.0,2108315087902.586,2108315087902.586,1354647884847.9292
5000,4257506545606.5396,3112992696888.6953,3005222570707.7397,6061840892863.357,15786544242840.0,2358986636800.502,2358986636800.502,1336692985595.3838
500,509698089497.09436,497414050157.5491,517091127890.4439,1113414566396.5056,5753922389556.0,399694829420.2982,225602190873.05664,399694829420.2982
1000,1021332116005.0576,884565071727.3857,940010713757.969,1909821402934.34,8978209761365.0,713999105038.5768,489166850852.05664,713999105038.5768
1500,1434319729810.021,1125737004095.7446,1111751630643.8818,2321921195529.3193,8566945082050.0,738098168996.6055,738098168996.6055,696070461261.4628
2000,1625812010832.588,1204444182671.242,1226616814309.9421,2749534866211.343,10161163569738.0,892744838193.3965,892744838193.3965,743890901741.5797
2500,2247442074781.475,1695208563691.8796,1649982095920.0378,3579823580840.032,10663231432633.0,1184850433029.914,1184850433029.914,864018216197.2529
3000,2578291662991.3564,1969563685410.4558,1897632998184.73,4096029822278.046,12538434527910.0,1405926461954.9883,1405926461954.9883,1068854719290.2258
3500,2917419895282.3555,2155326205449.2844,2123016609377.4268,4393300612777.5615,13306046015095.0,1608039683939.3965,1608039683939.3965,1148395067435.8125
4000,3330576212760.6577,2439473077542.486,2390465816441.8013,4900820273565.918,13420628952386.0,1832235976378.8906,1832235976378.8906,1339919118631.7092
4500,4046621694989.283,2971743787919.58,2930146753716.4717,5969842031344.601,14767591508963.0,2176354806378.5762,2176354806378.5762,1346083012154.1497
5000,4264683320550.268,3151072071216.811,3022260214673.661,5839292123740.233,14492457833145.0,2341060415422.2344,2341060415422.2344,1257711171089.9768
500,569396014360.2395,545665542600.049,597874657106.9182,947077747961.7887,5740706806305.0,445669397993.25586,242063130187.9082,445669397993.25586
1000,972458813830.4998,858997371564.2361,890506853724.9191,1516534057315.1467,8392702006939.0,684954946891.3169,462404717497.8457,684954946891.3169
1500,1190212770341.2607,970774035083.7596,998850078175.7375,2140904395688.0903,7462524012054.0,656510870932.444,637996593292.3965,656510870932.444
2000,1823948870566.7979,1407363070688.7124,1361139975066.1528,3186175403385.401,10537051253723.0,926455178714.9707,926455178714.9707,895011062576.4591
2500,2181541785785.802,1660662953601.1711,1655711344764.5435,3597254237042.0356,12585897852106.0,1173683580204.8516,1173683580204.8516,1014263403721.8912
3000,2506801354370.3486,1902658635719.7778,1879331661337.3833,3764337938619.1333,11705841003405.0,1376068692846.0332,1376068692846.0332,1039646616420.3796
3500,2892328181110.5796,2110751434832.754,2071473327787.6387,4216615127543.7803,11917594103048.0,1585910224122.1113,1585910224122.1113,1046301012383.5192
4000,3338018510720.325,2504922748956.832,2392796682867.926,4825571794452.939,12659450714750.0,1826352580460.0781,1826352580460.0781,1079035715651.6733
4500,3649803805818.0493,2643235737086.187,2613954085993.246,5164639329871.282,14004253572636.0,2038991702148.4414,2038991702148.4414,1258284262082.683
5000,4181499031199.7188,3070921407126.8433,3037405585000.9097,5977940931400.278,13722496791552.0,2332910311674.8867,2332910311674.8867,1338245030452.6316
500,499008841005.91425,519764225300.3181,536779928451.7963,927135575407.7494,6262932812712.0,388736966016.5995,228116155408.27734,388736966016.5995
1000,840932690935.9988,690876021423.7,714562725693.4939,1306446226867.987,7268453873581.0,444021507084.7027,439216630493.2539,444021507084.7027
1500,1335376668371.3687,1150282542528.7678,1142710550070.5144,2335113387488.139,8926473552416.0,788786474767.4362,704366099233.2129,788786474767.4362
2000,1761195418903.1853,1413386776051.5005,1436150776422.8252,2813904879498.2866,10581344318660.0,919967472082.5645,919967472082.5645,874175581176.7765
2500,2085778805759.7441,1545642855017.884,1507117286090.0073,3190714441779.707,10686168583488.0,1131252248293.793,1131252248293.793,900912320382.7094
3000,2630210734578.5283,2061068396144.116,2142230171131.3882,4639304260773.792,13437545184160.0,1452103321546.3867,1452103321546.3867,1247486312200.093
3500,2807153291634.939,2124000248874.9124,2117228261703.187,4837216718464.448,13648588362824.0,1543969609136.5469,1543969609136.5469,1212858407548.771
4000,3289712537112.9336,2421967180314.8623,2362157949757.34,5110988007882.791,14389314043100.0,1785113313743.1562,1785113313743.1562,1164313107696.728
4500,3743974377004.6978,2729996197168.2827,2698946009185.883,5601767390733.69,13956475955094.0,2063602245560.7578,2063602245560.7578,1252978844542.8354
5000,4197734953770.9834,3088744220357.7466,2975761148171.331,6296088864319.253,13869121029855.0,2315756834440.586,2315756834440.586,1347352141592.2278
500,509385766968.8319,465586312182.7898,506107593987.29846,1070805961719.5487,6410960961356.0,369400471472.1043,248416742106.4082,369400471472.1043
1000,889126084163.6893,964079615294.1346,990689419898.1401,1758055204688.4597,7195915577267.0,551297633435.4313,463235743840.31055,551297633435.4313
1500,1368620683528.0503,1066883543313.2783,1074007655520.3772,2282381117440.325,8276520040128.0,704882814068.617,696718228134.2734,704882814068.617
2000,1779023287250.6658,1324637839438.1846,1291199627389.7903,2943698079221.3613,9423713636426.0,967407267599.0703,967407267599.0703,770647211760.2861
2500,2108385675472.0103,1586831958206.8804,1535849037307.1912,3395066754541.196,11153486244332.0,1161470978661.5664,1161470978661.5664,836917980110.3707
3000,2585559395846.8667,1897446616694.7095,1840280552640.0696,3846003806162.1997,11099788040907.0,1419976773250.1895,1419976773250.1895,985268779384.2838
3500,2911795718740.8374,2156951661214.713,2090866448155.1526,4305528883934.1123,13766746791851.0,1581279822534.5488,1581279822534.5488,1082921084504.292
4000,3385858945736.769,2506636068835.3096,2461544841137.345,5605102526832.443,13459318101124.0,1868351930502.3203,1868351930502.3203,1043372170214.4108
4500,3699609510549.6455,2708556985737.665,2651994178690.6133,5291640042431.827,14645652557635.0,2050936089093.0508,2050936089093.0508,1210377930513.977
5000,4203713831199.899,3076506408376.7407,2992047151876.524,6347911467024.347,15633886790565.0,2306702036466.334,2306702036466.334,1399856187901.1992
500,528255943636.80194,568876054392.4792,569327532555.9971,1179718768826.8738,5208910493579.0,447534287723.85974,236413885800.52734,447534287723.85974
1000,947548611700.7015,941799293605.7429,993054238444.8726,1685877749958.889,8927818866759.0,625899663641.0244,451242556019.1738,625899663641.0244
1500,1362887326857.111,1024081257793.438,1058279481925.9447,2047163332632.7842,8657397868944.0,702216416376.9258,702216416376.9258,625035752708.6602
2000,1778766487749.2825,1399017206176.688,1409914358166.5178,3184910130190.878,9590291641809.0,902118193373.776,898999907910.3906,902118193373.776
2500,2149396659832.102,1605427097961.2266,1579968990881.4946,3403452145210.804,10428858262126.0,1148272281254.662,1148272281254.662,836140953431.1914
3000,2551756763657.7056,1885547777933.0693,1899670736340.7852,3889029366111.5312,11592617524126.0,1379118940427.6309,1379118940427.6309,1018807988497.3318
3500,3074259916010.4014,2367893625340.4854,2370694127543.5225,4657042441641.423,14839182779685.0,1639539997408.504,1639539997408.504,1534507498705.052
4000,3236070731581.8467,2332992126821.2847,2299426216361.519,4646323454268.946,12800909460240.0,1781309739020.0254,1781309739020.0254,1144588595291.7039
4500,3873968595474.9546,2887286436892.534,2776406542349.219,5689704890440.896,14729845876920.0,2096970749056.7852,2096970749056.7852,1354511609960.3762
5000,4230064472678.1646,3112366717709.432,3024731246151.8228,6167202145404.466,16184355347459.0,2357623827961.6094,2357623827961.6094,1205799228994.5369
500,520576581580.3758,501957760235.72437,542640712331.187,928443617529.2189,5843792927283.0,420765498704.7921,232406236060.0918,420765498704.7921
1000,996207200744.5387,795022682268.5024,785297837364.7961,1687003024332.224,6793331372076.0,544064260694.2852,493290341622.6035,544064260694.2852
1500,1387901887466.7832,1152231909161.3123,1162865021140.517,2511969845120.2725,10645691643750.0,795404280854.4805,712168091085.541,795404280854.4805
2000,1768511171059.12,1485199288187.775,1553340060345.0132,2856059410184.5513,11349238260300.0,963156046668.967,944883399644.4766,963156046668.967
2500,1990411275644.7598,1507548177944.4055,1494439938289.702,3075175925065.3057,11396870812836.0,1102173494748.461,1102173494748.461,886437212621.9514
3000,2596224869588.122,1906381218668.9402,1834965241892.8389,4284108925160.0054,12931427015917.0,1420751083064.1953,1420751083064.1953,988148459774.9346
3500,2975116450294.12,2213360711304.816,2086706730976.8418,4274104118099.928,12332392349355.0,1653481705478.9883,1653481705478.9883,972884628836.7019
4000,3317819080410.885,2460797356107.8086,2406017418549.0107,5179866251468.437,14045358905881.0,1841494306806.8633,1841494306806.8633,1124537105380.4253
4500,3648866393491.6978,2663629572073.234,2597323865610.535,5711144728927.721,14445542180769.0,1988582401476.625,1988582401476.625,1192140487838.969
5000,4151198618020.3076,3029739607689.445,2935355221596.5527,5951121143101.701,12937645605220.0,2307967351164.1543,2307967351164.1543,1107908821279.9558
500,455125078802.36523,384055435297.49567,397638134028.1093,839713215953.0419,6275378243330.0,273038124158.29095,233562966900.55664,273038124158.29095
1000,938004001649.2628,791236231892.4381,832015206844.4966,1805469478881.9756,7209847654239.0,526897095120.39185,462234731412.7578,526897095120.39185
1500,1332644269820.8406,1166721905859.6365,1225753640040.6685,2173571670936.9375,8609492646769.0,810917045879.614,635327711693.9336,810917045879.614
2000,1782961500576.8962,1353639045275.8691,1348188630856.4922,3097632211711.5063,11473774558534.0,954846298962.576,946770220479.3457,954846298962.576
2500,2214513927995.4795,1652780580758.567,1653258633265.7305,3671094389419.8716,11364888443624.0,1175767767182.3027,1175767767182.3027,1023614860067.425
3000,2409448204516.165,1839760081051.5737,1791216977860.8228,3883856146967.9956,10864447786235.0,1335747495050.4707,1335747495050.4707,985682259043.5658
3500,2943441985922.6636,2198055710008.153,2120879791205.1611,4597119724026.789,13211931730836.0,1600628783235.0332,1600628783235.0332,1137106494435.6423
4000,3350143239744.385,2461462080461.9297,2389706272596.15,5439528801166.562,14019372180199.0,1803520214738.8887,1803520214738.8887,1251924807073.0347
4500,3772662729500.2324,2755905554533.3813,2654187026833.5063,5484227521818.201,14832906984511.0,2064343958501.2656,2064343958501.2656,1423435521263.8018
5000,4194295809755.734,3092616246470.1704,3029252260775.5103,5968407521293.599,13687956233642.0,2332896581124.3574,2332896581124.3574,1230027986658.871
500,583614671261.3254,641300917166.4724,694828104952.2168,1305820104326.628,5554297171082.0,437735324770.60144,257925919637.82617,437735324770.60144
1000,1046813571037.3394,937936015534.8644,928100051917.5046,1745778553280.0776,7306192838362.0,642002850201.9325,487993302536.7129,642002850201.9325
1500,1360367721460.0225,1081608087777.367,1051457016176.0771,2331228578592.756,8583400585480.0,780455545688.3767,681511756760.998,780455545688.3767
2000,1697981607029.7212,1336545051320.2544,1269865882590.1526,3222597887269.4956,10386341650558.0,913297882273.1758,913297882273.1758,841532334787.7007
2500,2013091093961.1887,1584897913005.2817,1562194677447.024,3348685879164.797,9983382910559.0,1120557327627.6426,1120557327627.6426,1023537472270.8048
3000,2460105943322.5127,1805432456259.0288,1747212207645.0935,4087407671053.324,12849081081344.0,1322562208205.0,1322562208205.0,1008390405831.3661
3500,3026562431401.1826,2244319064026.2197,2188623790767.4956,4431997434795.654,13347471955797.0,1613753755429.166,1613753755429.166,1125938544244.0251
4000,3380212121199.049,2468443450451.524,2375531222372.907,5186009110047.896,12961068557248.0,1860553514626.1758,1860553514626.1758,1200517185464.4358
4500,3851039350571.1543,2843811244524.4707,2784037471324.965,5536453511724.753,13606443041858.0,2115830026518.7598,2115830026518.7598,1244674212972.4863
5000,4028739124398.0376,2935278294396.7188,2808307627833.765,5769243008012.453,12580678960934.0,2248600914210.17,2248600914210.17,1166984659700.5283
500,471908929367.8631,481753283315.5126,496063379379.11414,853386101413.9657,5269501108823.0,322862823795.5526,229289866599.7754,322862823795.5526
1000,905240391071.5043,903171755802.207,934691378524.5444,1681945196813.8938,7704898092250.0,560100808632.0197,455721941513.2363,560100808632.0197
1500,1407241216508.947,1268152773164.524,1355534858775.4219,2289176273345.649,8630307167834.0,814805884658.0442,667569481806.2324,814805884658.0442
2000,1545117040738.2822,1159166836746.4211,1165552971244.1514,2563051889106.6567,9036639356200.0,852324621823.2188,852324621823.2188,664501167743.7904
2500,2147980291125.0696,1616511819184.0444,1599693666736.8628,3514450727185.605,12265155779528.0,1146085984001.338,1146085984001.338,911165426208.2905
3000,2474050368601.262,1835232567080.563,1795238513237.8,3953501816915.333,11219129425878.0,1331060131092.123,1331060131092.123,1016142396845.1306
3500,2835987401860.888,2078187381214.5537,2056393128098.989,4122277068556.5996,11708216916704.0,1572997015860.9531,1572997015860.9531,1012223566314.1003
4000,3432775166967.0615,2512357524799.3525,2447363119411.9805,4981044403825.722,13719627318532.0,1829242686286.9531,1829242686286.9531,1319986515195.4385
4500,3705974175841.2705,2683663352610.3896,2647694187819.5166,5099563008840.885,12769723558894.0,2064508778768.1758,2064508778768.1758,1244667270893.8247
5000,4211552544078.3877,3102752684973.4775,2997648041673.6445,5986563542325.62,17535809106347.0,2296306968839.578,2296306968839.578,1493516433926.7266
500,547698365027.6915,635305250534.4015,646358342558.3125,1172148405558.8184,5308702966414.0,405284522843.63666,230124697037.42773,405284522843.63666
1000,972233265823.8256,792107783351.2671,833930678042.3127,1524612964703.625,6984896440293.0,499919031178.7953,441027648460.9258,499919031178.7953
1500,1230280776805.1938,1034427356688.092,1052540765641.5591,2132051282361.658,7842662934265.0,652303167639.8281,652303167639.8281,580278894563.9009
2000,1774645720946.9412,1367021418712.9321,1328017231506.107,2993853636742.1704,10175060638798.0,917209668461.5449,917209668461.5449,750535369139.565
2500,2070563666062.393,1567639064354.2788,1576619774449.7688,3179719120401.5923,10479093026241.0,1123122906764.3203,1123122906764.3203,935143146050.2683
3000,2520810312824.162,1853918921976.812,1789530652043.1633,3809124108750.087,13412314054630.0,1388221687391.2773,1388221687391.2773,954285720739.5938
3500,3100898405483.3096,2267228583068.922,2230831086963.6055,4414400648393.465,14009854477137.0,1651524378149.4102,1651524378149.4102,1298919728232.6143
4000,3294508092925.7495,2429899854989.03,2384292660549.2476,4953412236274.521,12424977217695.0,1842107998220.6582,1842107998220.6582,1198103521025.6033
4500,3738188187817.1787,2743790302017.971,2683907444856.405,5643297036580.998,14987445272083.0,2073670495488.0566,2073670495488.0566,1392508592694.9302
5000,4333034751111.3594,3189493881631.5903,3021451831042.4507,6106726854060.06,14283663517974.0,2321970781912.7793,2321970781912.7793,1263284777932.5093
500,577468332865.2092,683097694624.3732,689914741445.9333,1278392509549.5535,5600531328898.0,428348981611.5349,232873278518.10938,428348981611.5349
1000,913548283290.5785,787787574324.5137,815422153365.2203,1792605925632.2405,8046188731717.0,592425614445.1958,454524070077.15625,592425614445.1958
1500,1332279536695.4365,1050175910593.9331,1062280026040.144,2204421065531.994,8399466919613.0,701138861871.4531,701138861871.4531,649820014900.2755
2000,1651375517325.453,1193564823794.798,1224662075976.3643,2721528982608.1787,9535843461609.0,909472136111.9473,909472136111.9473,664971369869.7352
2500,2183558807815.8843,1694488609429.7202,1661151295651.3984,3833747824175.2124,11539644586012.0,1155801968118.2617,1155801968118.2617,1122422008894.7834
3000,2570942122015.0913,1932262818815.449,1880285711139.0332,3831110511879.3887,12812158169341.0,1357562883111.1582,1357562883111.1582,1066667499437.606
3500,2858144862226.129,2165369288920.353,2094888644554.9368,4684917071618.861,12739729867664.0,1578931588057.4766,1578931588057.4766,1110353434957.739
4000,3307970674642.9854,2492058467829.8965,2446186057064.941,5207951291062.461,12384551945854.0,1825817351586.666,1825817351586.666,1125342060999.4983
4500,3767759831338.2715,2719127260399.568,2655766107018.3037,5145174342274.136,14666412010269.0,2067540668010.2441,2067540668010.2441,1256241602056.4875
5000,4268625383578.4795,3102958981252.224,3022567296527.305,6172590556266.553,15895243778416.0,2329074891300.037,2329074891300.037,1491330786458.462
500,516239566558.4121,555228146400.3802,576040077247.244,916313579359.7194,6726823057765.0,335092656641.099,234421421772.44727,335092656641.099
1000,855643085291.4426,836926928175.9977,861394067805.2308,1686693014213.4565,6370008760610.0,635608326121.3898,437221097031.7363,635608326121.3898
1500,1283175272671.8042,1005745013771.8821,1026899040781.5887,2372826655863.503,8275345361471.0,733642172095.9381,682836198468.6289,733642172095.9381
2000,1675843863197.4045,1306509693892.2373,1278281154646.3735,2923972461557.5835,10441156609563.0,891314107092.252,891314107092.252,688169108691.121
2500,2065740783929.3665,1550833384372.0083,1501691910137.1218,3309431137332.963,9897957307144.0,1131738821538.5234,1131738821538.5234,791679178892.6956
3000,2607265839012.843,1896666236785.1675,1836028155436.1257,3566037315103.158,11568275425468.0,1416037451793.6445,1416037451793.6445,1013137007148.0511
3500,2858953313779.0376,2075528538319.9436,2002632445639.8486,4373607346197.816,11338328246099.0,1557031661721.5332,1557031661721.5332,1027699555802.4572
4000,3334390739990.1978,2417602055348.628,2411078673665.8857,4856237907707.12,12605429654804.0,1862957082263.4531,1862957082263.4531,1135941309258.1743
4500,3872181879962.996,2900988717197.626,2803032396549.9873,5812397193793.688,15258890276488.0,2129833500141.8672,2129833500141.8672,1457447954040.5366
5000,4254668189009.358,3074637433262.8833,2977096675987.75,6368193773809.677,14155722337298.0,2331736989494.381,2331736989494.381,1421772051802.4097
500,561090221560.2621,641552425303.8867,661522090666.6931,1024034240728.903,5427191853638.0,415995827046.2617,224893588856.9375,415995827046.2617
1000,1063382058192.8636,850570080740.7688,898866596281.11,1853364106868.5203,8346193810276.0,599781190698.4617,494707079554.33594,599781190698.4617
1500,1344097917782.5022,1045272197487.6687,1064948183423.3193,2395869214705.121,7715621982914.0,689635839756.377,689635839756.377,607789134763.6709
2000,1732848341468.2395,1291497578051.4062,1273134529327.8699,2924635212988.887,10027091569589.0,940010168625.0684,940010168625.0684,761036111890.4727
2500,2300378303291.6504,1724790039928.905,1735629769498.4187,3592614539995.867,10785893687352.0,1195069530931.2402,1195069530931.2402,1035135923239.6592
3000,2527274492556.574,1946931280658.0706,1938055079910.3252,4005512437662.2754,11912223441156.0,1398268979582.2188,1398268979582.2188,1252509433466.5193
3500,2963736157064.324,2146552068704.465,2095050834907.763,4009077599657.056,12142172842907.0,1556550205737.748,1556550205737.748,1136349504685.1963
4000,3357281303045.51,2447062883594.624,2357552807893.4307,4663394249216.686,13020344796439.0,1843663508277.7734,1843663508277.7734,1097775128783.1815
4500,3735028027494.6357,2696491921303.6606,2724738952665.6055,5932158544974.592,14571246933380.0,2072476870331.4805,2072476870331.4805,1455258744530.191
5000,4189717101912.2725,3074736837159.035,3004930128613.868,6426340957519.614,13761317226961.0,2338720705016.2793,2338720705016.2793,1183047103958.6208
500,541072216083.4309,540310857231.75464,583257822327.6342,921596800013.8042,6186152872110.0,374386789482.7103,247717688766.30664,374386789482.7103
1000,940275102592.1091,782104502575.0548,813566417725.4502,1650265446247.489,7874295515630.0,487097415703.4596,482749446648.0801,487097415703.4596
1500,1334973933833.664,1062970136122.8448,1043656148015.168,2211546743684.3257,8585776275168.0,737649457921.1686,708228022345.1738,737649457921.1686
2000,1648030255361.682,1374645960673.1343,1418722604690.0837,2950292261721.4927,10205682924781.0,1003028539601.2812,892732321505.002,1003028539601.2812
2500,2126015464298.8186,1639385778912.2322,1630588535052.7397,3199730101799.4155,11561101058929.0,1166851472483.9805,1166851472483.9805,978817897558.3389
3000,2475884010791.664,1841745560034.8398,1813954218040.1519,4228544608847.833,12012170970443.0,1363788675801.4863,1363788675801.4863,962309699684.0358
3500,2859318147621.927,2097033506024.533,2055321296257.2808,4349288988208.6924,13016798089731.0,1580670905743.6016,1580670905743.6016,967131564628.689
4000,3487434075946.456,2513944762217.3755,2453303159561.7793,5250407958580.134,14351845250407.0,1878270092203.379,1878270092203.379,1467759723061.018
4500,3742732324316.9473,2834183457253.45,2764249471177.4766,5531195808761.443,13322011253191.0,2039939335614.1602,2039939335614.1602,1255888804812.8796
5000,4134130284443.4946,3001971649394.5645,2937291432165.2646,5762939207501.547,14775847105538.0,2310761504760.629,2310761504760.629,1301354038573.2668
500,548236584487.683,575237720706.8853,604145996271.6232,1033116506274.1929,6126065212100.0,433708490815.52985,223485256530.7422,433708490815.52985
1000,969705642820.2269,737994990956.423,768717178814.1924,1574682524076.0615,6585388220617.0,501207506727.69293,500684562819.67773,501207506727.69293
1500,1285709206243.0273,1051719876535.9017,1061858348208.0455,2389578849114.187,9002643445260.0,789799727147.2385,653621148365.5469,789799727147.2385
2000,1720173497429.7908,1311843622080.8364,1321403100428.5164,2871318218335.374,9016540434094.0,922071174091.9395,922071174091.9395,750659857694.9349
2500,2034047557962.7014,1558061577678.103,1558869296743.2778,3324089895931.652,9789517571925.0,1086397356324.7598,1086397356324.7598,962895350345.9482
3000,2534584998251.629,1937609220444.2197,1868150001888.9668,3899310210740.234,11886812597003.0,1409748690260.0977,1409748690260.0977,1055016526353.3875
3500,3030241594745.7354,2238209350187.7407,2196015320537.9175,4483732192442.311,13674643089040.0,1663946436672.8164,1663946436672.8164,1150726914338.1418
4000,3338347929715.0938,2508813261447.851,2451428465930.927,4808267324999.199,11673794315212.0,1852237946800.8613,1852237946800.8613,1157600245005.2056
4500,3714455234935.5225,2737423765222.532,2635270106925.1597,5515117003949.311,13663567954961.0,2057905032384.5176,2057905032384.5176,1311560033465.7954
5000,4065405013764.165,2990091640445.9595,2881450350505.65,5938839618408.594,14823630505461.0,2231022020590.7617,2231022020590.7617,1279407766040.9573
500,461860236303.7448,468090795471.15814,471784427984.2175,921871788356.796,5409561634011.0,362801843790.957,225466756718.79688,362801843790.957
1000,989280015384.965,990295011147.6311,1045429015149.9823,1687725052177.7292,7691109436660.0,748419034711.2349,465168511259.48047,748419034711.2349
1500,1238716251997.553,1022480681162.3787,1053683327324.3867,2274795112586.5503,9565253512405.0,717572757397.5691,672814405481.7051,717572757397.5691
2000,1573515988184.454,1314862400844.1853,1322201201848.6377,2739107351538.75,10239871700793.0,873718927399.0535,853592075205.959,873718927399.0535
2500,2039468832398.3171,1551064633410.549,1569638975959.124,3347880074260.3276,9642164551577.0,1146735394298.0977,1146735394298.0977,1023518101512.6423
3000,2520559529733.6196,1991512383383.101,1965907490538.431,3650705516594.0464,11922342627911.0,1346691484969.7559,1346691484969.7559,1114793366527.3352
3500,2927617299287.4395,2205212339912.8496,2148899947258.3179,4545267232425.076,11027913677191.0,1576890204611.2559,1576890204611.2559,1043367508330.1115
4000,3303553637345.026,2416515301623.6777,2340148699105.914,4918902240156.799,13615222548568.0,1810214340482.0977,1810214340482.0977,1203360730891.8823
4500,3878403150217.188,2859912072855.5703,2798899061786.958,5589607649120.463,13979542671240.0,2139613120242.3887,2139613120242.3887,1210393030993.509
5000,4236815306651.344,3205808096028.2827,3022840392004.5503,6210791351413.254,14577983320482.0,2342983913778.0938,2342983913778.0938,1309786539393.3213
500,459544540325.5202,453623502587.9324,472922463555.4824,805958585818.2474,4469127151604.0,313196201201.9512,232371025797.10352,313196201201.9512
1000,997929964492.8297,865804028095.7109,916557682120.501,1711781281913.97,8264233166188.0,569806298395.3239,496882215518.53516,569806298395.3239
1500,1395754844277.875,1043802128167.2144,1078638719776.6522,2133082706647.132,9122195557942.0,741699447534.0547,741699447534.0547,611870512562.9292
2000,1845781867128.379,1474570600007.912,1487734374803.0273,3297004873338.1973,11549347487896.0,950360723311.4805,950360723311.4805,918650706197.7681
2500,2129484214741.9634,1628367459553.9307,1574102019434.8535,3459800349101.551,11327972501031.0,1116012989264.6523,1116012989264.6523,847246692076.8542
3000,2419985653186.722,1798270273044.4749,1795048233158.0063,3999281386929.5425,12562025874275.0,1322429522052.914,1322429522052.914,1170980250325.7273
3500,2976285166603.204,2276300486687.135,2123466451107.3071,4336427943048.728,12006804090529.0,1623741100040.9922,1623741100040.9922,1140550313326.6428
4000,3427063409433.961,2540011659497.972,2487386376714.1245,5350924581627.151,14201296226681.0,1866870303097.379,1866870303097.379,1418323912343.9197
4500,3882209104691.9795,2895549621273.032,2826852486945.256,5757740730277.086,14634096590391.0,2102976438682.3008,2102976438682.3008,1408203746632.7593
5000,4282493409629.41,3124207112191.418,3042051495321.3364,5979044000894.882,14816410670888.0,2342702646739.824,2342702646739.824,1289707789520.5984
500,545916669981.04456,461876003953.2355,469203806380.59314,1005514029590.6877,5416681511612.0,346866317371.4751,250650642780.8047,346866317371.4751
1000,961148634574.3766,851453620847.0271,894270272964.6082,1813921144723.931,8009935635208.0,519118381078.35834,466501318663.74805,519118381078.35834
1500,1309054155639.2605,1068394263773.0846,1032315335948.4047,2283576330350.862,8864892878127.0,802199212037.4923,700891144856.1562,802199212037.4923
2000,1639954466591.4443,1235972238422.0823,1215334363646.0713,2914917569157.9746,10302303781385.0,899658605566.2324,899658605566.2324,786925830205.3861
2500,2201383280307.987,1693559390520.415,1635300427929.0757,3280897818397.4985,11804817697984.0,1219168042036.33,1219168042036.33,1027966694280.0356
3000,2529416596465.4297,1837818225858.4824,1784784457842.9426,4053219256763.4897,11824367574955.0,1397366376266.1758,1397366376266.1758,1004205968946.4272
3500,2820578611088.4146,2065540098278.638,2015615358759.3352,4351881476231.991,13008306822478.0,1539830305853.0684,1539830305853.0684,1005757997157.78
4000,3200435866571.0522,2334363494491.503,2258620057959.475,4537488460268.499,13041640456760.0,1788115337897.246,1788115337897.246,1041868123115.151
4500,3673642480078.0024,2756099942278.2344,2706272543952.6055,5311098930685.289,12922801125900.0,2028340701362.5586,2028340701362.5586,1133050758683.292
5000,4274761140543.8687,3113452247539.1265,3072893360225.198,6112541977642.816,14126619108631.0,2362076795590.051,2362076795590.051,1324928408504.1785
500,623473146414.5253,624944462081.0493,673687772262.3271,1079428205592.8967,6256850247315.0,459075975327.6592,253402132816.30273,459075975327.6592
1000,926999640697.5549,817107167362.369,817707235286.909,1525345549473.1538,7559988916015.0,630483556641.8286,469931529562.1133,630483556641.8286
1500,1422604825826.3538,1155238583095.4248,1187735764298.3213,2558690545712.0845,9158884663258.0,804794721972.6808,710733981893.3555,804794721972.6808
2000,1818209518719.8408,1387158301308.1868,1374398274377.5374,2831109043405.153,8730920489301.0,958863336616.3184,958863336616.3184,918868588248.1628
2500,2167967978610.5254,1606468073136.8225,1566267632415.263,3327723164839.52,10300139469599.0,1165628671359.1914,1165628671359.1914,886174294881.0247
3000,2449882774697.159,1818657248980.7893,1787694203234.1829,4225742693983.698,11310599425303.0,1306059509538.4863,1306059509538.4863,1092269342240.7059
3500,2936190890892.269,2159949373205.7073,2127606632433.4548,4744697500596.136,12877690259409.0,1624031372467.4883,1624031372467.4883,1166361751458.147
4000,3364726892627.447,2475320256706.613,2404468606219.7124,4860424469109.234,14046224270989.0,1869104529589.0273,1869104529589.0273,1262570847214.0442
4500,3828391156816.898,2778771707138.2764,2673848405408.22,5306795633657.2295,13273768442218.0,2102983070878.9766,2102983070878.9766,1122724121432.4543
5000,4149610029640.274,3054849946762.7466,2890721071536.863,5941614188373.298,14572500622293.0,2321123773065.6934,2321123773065.6934,1381287970391.1655
500,615271279937.3464,671437783060.0006,722586938111.388,1403040508120.0232,6190146445744.0,574503440948.1829,222027064493.33008,574503440948.1829
1000,890253908262.9283,779880336587.7683,822990723823.0676,1553830267031.5854,7663904111165.0,539943151785.43384,461427426957.75,539943151785.43384
1500,1224361312472.6838,968973389666.7185,1000467475562.5547,2321911765179.042,8000754782097.0,665785379766.1936,665198187917.4141,665785379766.1936
2000,1672673299762.553,1320698259627.0999,1352725030719.817,2763593959139.6523,9639970479491.0,982039777207.8445,905274929100.709,982039777207.8445
2500,2107571662838.0364,1543711819600.9087,1548935242855.3237,3216576541915.588,10753896980308.0,1149442764787.162,1149442764787.162,989182633781.8182
3000,2503229340472.937,1828663795646.8027,1778628260280.8672,3766143430270.605,11820110669857.0,1354227716970.7969,1354227716970.7969,932318616247.8601
3500,2921234097857.826,2180065068710.921,2152186691553.9873,4576553157360.198,13350095210549.0,1579709565207.5215,1579709565207.5215,1273777740252.9692
4000,3344229918327.026,2425098808371.1772,2375267926846.3335,4684852671045.847,13681551941174.0,1868145422750.9473,1868145422750.9473,1132097566318.4856
4500,3846831330699.6455,2800454484720.248,2755987765750.3647,5372538433952.065,13440063095998.0,2125868418485.8008,2125868418485.8008,1113043590162.37
5000,4234078169828.9585,3155575880873.8594,3037044619159.7686,5975804469540.85,14588308188729.0,2315412174511.494,2315412174511.494,1264778203917.7192
500,694341944245.162,715616512503.092,706462375316.0125,1133234670185.7407,4662881375420.0,519167450539.7711,246086695028.8203,519167450539.7711
1000,944439354062.2366,891310915034.3257,934909388432.1017,1612752188232.233,6280311859509.0,587692658369.3406,439390613177.31055,587692658369.3406
1500,1242559180193.0876,1121536556000.096,1150043033802.7239,2232301224667.192,10120887360372.0,673354614192.0781,673354614192.0781,651781006043.1005
2000,1757672201633.8916,1369035460673.712,1414732894931.6868,3127919719107.27,10649096062328.0,958261158757.3574,958261158757.3574,911328957495.4868
2500,2112526432884.0598,1608968925378.2947,1589726655903.5234,3434185556892.69,11499743244944.0,1098315316548.0879,1098315316548.0879,924591422482.492
3000,2564750705092.249,1935690130530.4043,1893215120947.7754,3736011684980.6606,11213502349809.0,1382327862145.4238,1382327862145.4238,902630215216.5116
3500,2906729637770.7217,2212216322624.1797,2088054851189.0168,4714571731769.399,11724468745200.0,1612461945818.25,1612461945818.25,1019329772544.582
4000,3340452931551.485,2454888829679.153,2386456130359.0264,4734292002097.318,13625374258879.0,1852734432679.5938,1852734432679.5938,1148129791959.2002
4500,3766645477726.6333,2737977067238.961,2649175123166.411,5562935400569.601,14012157318565.0,2072558037981.0742,2072558037981.0742,1149366638167.492
5000,4288141206871.733,3152645289483.0747,3039906799897.672,6008747248185.547,14324675718770.0,2380618609551.7734,2380618609551.7734,1319514125513.6897
500,528137161196.98944,499060076320.4907,509218789086.219,1015591857530.0927,5207752305251.0,279874454397.4701,219007803158.8457,279874454397.4701
1000,884717840134.9329,721642479225.3867,740591473916.4897,1598865035339.7327,7465246317719.0,546994049281.9045,440730042522.42773,546994049281.9045
1500,1188993013865.8887,943837905356.2864,973915796983.0334,2040105062964.4978,8198863396982.0,710430637978.7853,616762515116.1348,710430637978.7853
2000,1713701012784.4507,1256081435754.3997,1234187370872.3616,2792382180194.864,9525212251245.0,926471131509.5859,926471131509.5859,694788238753.2323
2500,2108892971528.657,1556965270783.0894,1536458051068.9536,3394609139752.5557,11154921020264.0,1147005903599.168,1147005903599.168,849423218079.5125
3000,2485388243222.1685,1803817087603.906,1780464054244.0857,3831722418144.735,10151853091949.0,1370463286833.879,1370463286833.879,842741739898.5159
3500,2835841219686.4937,2062725009557.397,1987710202311.298,4216754163835.831,13164007196317.0,1565333846454.6191,1565333846454.6191,1060855929743.7566
4000,3316802498470.459,2416250783943.1284,2394952419762.5615,5138184171634.805,12663507349562.0,1828128083684.4668,1828128083684.4668,1201321734643.9722
4500,3749979401558.729,2728673019216.7373,2623247874069.523,5300610254476.564,14639972554653.0,2055708304996.875,2055708304996.875,1228710197626.522
5000,4134200901440.889,3030055078275.0693,2913536697192.596,5726533766711.156,13357904683498.0,2289016959182.873,2289016959182.873,1296932976486.3694
