Jump,ICPP22,TOPC24,Fair,minTime,minArea,Topt
1,7484233511374.633,3530891533547.929,4202784849534.5483,10632423060891.65,12283793190277.0,2601314842049.1777,1118205333793.162,2601314842049.1777
2,7847905958889.63,3671926961966.5645,4226080951561.8467,10011554988439.324,11764508484512.0,2754497770328.3433,1189449824156.752,2754497770328.3433
3,6902668656047.564,3094426341242.06,3487710467862.4263,10014195507007.078,11470549796230.0,2114915340071.519,1105931241319.1895,2114915340071.519
4,5559937932336.699,2457934522245.872,2810501064018.168,10229177859733.484,10699497829405.0,1721087623466.1736,1110331435918.9902,1721087623466.1736
5,5337218402574.894,2985027267033.632,3085078273076.167,10449893851363.037,9152929321354.0,2321377948267.814,1149402253125.1543,2321377948267.814
6,5027776462924.749,2524978076892.879,2591907644282.756,10350917091666.363,9598000435044.0,1566831601415.6902,1142568988081.121,1566831601415.6902
7,5199588100815.274,3066934290057.2295,3344237564280.702,9807470922434.846,11082577171244.0,2264375262421.8613,1171058447007.162,2264375262421.8613
8,4989324759811.605,3502241675840.3145,3485212822241.2246,11292745546396.666,9199890317728.0,2189142185460.9949,1124111615410.4902,2189142185460.9949
9,5861361008986.783,3055748656197.3203,3344363143707.65,10930709377407.85,10749424890114.0,1732518359309.9358,1210859885495.4238,1732518359309.9358
1,6511251887447.791,3390233631739.587,3686874460178.0664,11203641482429.21,10744379520817.0,2480983218211.594,1185442428217.4297,2480983218211.594
2,7975176699609.841,4004961269910.4443,4450572380423.993,11389813420123.635,14197206655389.0,2624011743785.6787,1138315713010.463,2624011743785.6787
3,6071762213563.809,3156077235405.852,3291330163497.341,10904504645862.16,10771004650770.0,2433118859255.335,1140597236658.2344,2433118859255.335
4,5568092920320.394,2954934980440.2036,3195275896488.007,10323372958040.422,12150234894600.0,1967126981205.7852,1192989500523.4004,1967126981205.7852
5,5807070571357.219,3121039057576.4067,3385032046337.267,11710039903694.857,12125961849452.0,2203063911115.275,1178041508455.3477,2203063911115.275
6,5798952251379.501,2841976177659.9717,3051267739027.445,10922561943585.44,9490899282847.0,1785848742853.7852,1135013712668.7207,1785848742853.7852
7,6161725758424.009,2969038657945.445,3419567242152.95,10163999042322.451,10367700988588.0,1852905045574.3638,1168886610206.457,1852905045574.3638
8,5597431635434.974,2604191413202.4995,2801540367804.6113,10765530514602.566,10314352353135.0,1450457013251.2478,1145307707355.6191,1450457013251.2478
9,5334592183411.262,2699296705003.452,2789071031261.7324,10435775689325.816,9719100345470.0,1761688702874.0764,1177982628113.3828,1761688702874.0764
1,7838118583039.497,3780351603680.961,4239398699942.364,11028005967545.916,13103483820027.0,2863766822055.5806,1192963883562.2598,2863766822055.5806
2,7190463203619.884,3327573298802.989,3826971307186.1646,10839096620628.412,13366877017684.0,2368866913270.555,1135066607955.6133,2368866913270.555
3,5366021655974.672,2748383466292.7583,2952842967917.0107,11183932711960.316,11688963554579.0,1981836214297.1646,1136956819998.9473,1981836214297.1646
4,6193717274051.683,2919027726959.1206,3287966135854.333,11257991335316.326,12101775792977.0,2079280919717.425,1163263331930.6777,2079280919717.425
5,6207951296099.422,3353297906438.4585,3542200391869.8447,10871262269401.521,11180696925047.0,2211011037259.7524,1145060047276.7852,2211011037259.7524
6,6379953319391.429,3261874324699.0176,3595871139338.418,10172980759163.777,11399092507620.0,1848319897710.2017,1120442746613.457,1848319897710.2017
7,5715825961696.348,2815405406729.192,2932044999140.7803,10674128188441.752,11193669950841.0,1632853852408.7983,1159728862660.6777,1632853852408.7983
8,4681632370930.089,2512836626276.663,2687504807009.317,9219928226915.395,9867408533552.0,1270774252277.6562,1113420221810.2188,1270774252277.6562
9,4208588364017.5635,2547638088119.84,2433026878689.6426,10543499558828.064,8340600654745.0,1170484354645.605,1168418861917.377,1170484354645.605
1,6923156672100.585,3768592840196.124,4189438389127.465,10515424912921.045,11760749340701.0,3066047667488.1406,1094732881612.0078,3066047667488.1406
2,6471118592323.755,3474827945861.56,3850501481719.025,11197800757814.2,12779126487841.0,2520851584297.1426,1168221208034.0293,2520851584297.1426
3,5944328520150.722,3692382202413.706,3897882810968.9053,10926748761915.076,11397807736999.0,2818520852263.3223,1175389746053.0566,2818520852263.3223
4,7202427715195.687,3388516710063.395,3835209384151.825,10487547695747.604,11680513555291.0,2072092417405.7585,1144647047930.543,2072092417405.7585
5,5698611431934.197,2857758332527.519,3165648315835.293,11474321472123.906,9745114827299.0,2233018825038.3687,1175638270673.502,2233018825038.3687
6,5353882666580.67,3252223753810.0405,3605898841661.4023,11292899725655.617,10516060591014.0,2752921209850.6533,1129540163570.0293,2752921209850.6533
7,5706880283242.163,3069946979912.2363,3411214239049.934,11279453061168.469,11086523717979.0,1806670618546.1926,1167385191424.2559,1806670618546.1926
8,4824703116780.36,2641733781214.4746,2875688164007.628,10895638539511.62,9883000537293.0,1651539722652.1199,1138193112748.7012,1651539722652.1199
9,5200890927526.764,2871186440277.021,3092654658253.313,11927150798080.766,9774673014006.0,1851073991137.857,1184428678707.879,1851073991137.857
1,7834444616273.557,3757395050860.278,4242090700838.874,10676041560372.271,12682747000131.0,2866711311287.0703,1163536542276.5742,2866711311287.0703
2,7307184010744.084,3759395717136.666,4225489028109.953,10803534851985.432,12630971605736.0,3106311663063.4453,1162106947982.0918,3106311663063.4453
3,7456802609339.825,3664005188011.0327,4206058542986.2915,10928328194367.768,12163156839110.0,2914482890963.935,1180002687761.6152,2914482890963.935
4,7371175327194.787,3583323866003.9453,4016450663097.073,10449867927655.922,12839185300193.0,2715313881054.81,1196630314531.1133,2715313881054.81
5,6347802268664.6455,3050204519887.4395,3390209877491.924,11198968714338.12,10492358353921.0,2220228417700.2407,1146677021120.537,2220228417700.2407
6,4796265076010.065,2872548603662.2056,2829997449988.845,11236172803581.95,11943969809006.0,1846294869935.6885,1229069547132.586,1846294869935.6885
7,5096503854391.572,2560650268188.284,2963009659211.9487,9576370270471.646,10364276734555.0,1918163494528.0884,1134227597757.541,1918163494528.0884
8,5307602056455.76,3283236984033.7944,3367663559242.5806,10780864223518.469,11391550914503.0,2278350763555.087,1170400306824.748,2278350763555.087
9,5146041907618.457,2738984289623.6963,2937906394962.1304,10660944272652.117,9888121017129.0,1553507439520.1367,1188754743995.9941,1553507439520.1367
1,6987431084476.096,4726879392649.707,4972973361747.407,9969690366289.803,14058320867899.0,4311629496162.8516,1161766739905.6758,4311629496162.8516
2,6295906285122.724,3386499284732.7954,3778903190672.3706,10259716870849.373,12058249517401.0,2725146467685.0264,1197599365118.4355,2725146467685.0264
3,4731134600547.459,2819830854991.4653,2820563203591.449,9817711197992.906,10441400181216.0,2156334690410.0986,1136981639251.5645,2156334690410.0986
4,5727654580139.175,3298751275088.812,3553024640204.229,10292468614259.176,10890605682569.0,2410342571396.2812,1183402633136.963,2410342571396.2812
5,5249756050277.609,2789895055262.4995,3094443569265.6963,10071921258145.393,10016680501954.0,1974036156232.2007,1172011314904.877,1974036156232.2007
6,5007302993699.068,2925065088704.879,2990338618020.616,9880966279330.904,10892089541287.0,2125235673784.3215,1092092507662.1758,2125235673784.3215
7,5315236950463.177,3295625657209.969,3434069795189.302,10068315593075.633,10339901016173.0,2359737877829.2837,1163654666856.086,2359737877829.2837
8,4867243182508.04,2456585562741.337,2740589012906.1196,10275588778628.674,9994052522249.0,1405713591847.0996,1160128643261.8262,1405713591847.0996
9,4426372193818.73,3300306237706.2197,3256039985335.4614,9129723741037.145,9124881779711.0,2832046676744.16,1117963745767.6133,2832046676744.16
1,8653927075517.316,6051194553827.019,6367068809373.995,11521913027755.826,13755466628466.0,5490318786183.389,1148064851018.627,5490318786183.389
2,7596596002655.25,3850488951322.409,4329130930894.183,10260675173667.53,12812314596239.0,3401352940968.0586,1142085691021.1582,3401352940968.0586
3,7237228979523.17,3776702210056.8066,4313211750628.478,10301853890124.049,12025389604324.0,2888858715352.962,1136687955398.3398,2888858715352.962
4,6725290228950.272,3800500429230.5073,4033633027597.503,12304970596948.602,11176833067876.0,2959601570844.166,1224274874179.371,2959601570844.166
5,6079552176121.708,2883765171828.67,3175619139532.0366,10723596840443.387,10202048650066.0,2060645286809.8242,1120339017624.162,2060645286809.8242
6,5929498513586.622,3789453596080.1772,3831561002920.321,11469721426878.256,10233566650056.0,3027587276822.8804,1176475245407.7656,3027587276822.8804
7,5301214793396.349,2936956335628.8066,3054949118342.9473,10251035738411.773,11097890713112.0,1477144665254.0342,1138170001054.836,1477144665254.0342
8,6355359452143.886,2982348421869.623,3262284292841.986,10405764532099.107,10690823185197.0,1725038956289.9248,1145339836839.5508,1725038956289.9248
9,5334158132170.822,2631678785280.938,2962562495911.0273,10081858509940.232,9633025218550.0,1460705014348.5146,1132727937740.3984,1460705014348.5146
1,7528151772764.482,3619222568703.2554,4040610778090.668,11027205789592.29,12969039059086.0,2684239997110.0347,1124138722676.7773,2684239997110.0347
2,6750051222122.036,3397838202188.803,3676739242225.129,12000476746734.355,10871891864953.0,2250807631943.638,1190945560285.8633,2250807631943.638
3,6604202216727.6045,3001567031376.0615,3469053019054.9307,11699104741883.52,11411946496261.0,2229855695327.967,1139809648618.166,2229855695327.967
4,6873767419941.1875,3215613461565.579,3574523431097.453,11716731647926.729,12298710125125.0,2209169115829.429,1217844337491.2227,2209169115829.429
5,6397868525792.154,3009568417820.323,3244939356091.564,11186725022348.06,10057945538533.0,1998232859717.5356,1131501712083.2793,1998232859717.5356
6,5525115667374.754,3433920857249.54,3688909296961.295,10484833959785.906,11345367153115.0,2464559675707.196,1127376034384.5059,2464559675707.196
7,5929789957184.113,2877276976208.465,3215012074595.5107,10862611006376.682,9730318264634.0,1712154780859.5254,1152691052334.9004,1712154780859.5254
8,5119326229445.272,2948726529706.015,3307283344577.9067,11133329859788.402,11218674898995.0,1587282243316.2039,1174071268487.8867,1587282243316.2039
9,4864190788101.719,2763953950365.8647,2795567647745.701,10625855651876.787,10469009009785.0,1811597824347.754,1125125751545.4648,1811597824347.754
1,8183153259429.82,4943234484332.741,5381994082014.615,12431176442225.074,14254874507961.0,3884307636231.787,1153810209682.0176,3884307636231.787
2,6570130247547.527,3173717128250.164,3560363830060.3555,11757579641293.275,11518761611468.0,2318400880036.9897,1129052186061.4531,2318400880036.9897
3,7368863101586.681,3598015465212.242,3999702737082.7554,12007631803524.205,11842150822732.0,2601973669968.576,1113924706463.5664,2601973669968.576
4,6005283340662.516,3612970953349.5205,3857453484078.4907,11037470418485.55,11374133407950.0,2842817935614.6436,1131804742805.2305,2842817935614.6436
5,5636020257079.204,3237591353508.5864,3493843532803.913,10393099664155.256,10751458680113.0,2389782884871.779,1126560265508.7012,2389782884871.779
6,6340640085027.123,3272683700191.486,3837770685615.414,11387100823068.166,11380860809690.0,2021164207940.522,1199720736888.6074,2021164207940.522
7,4829766619962.01,2735693933888.7554,2844912352388.588,10770767064055.316,9609233713138.0,1744078783272.1912,1157963185157.9863,1744078783272.1912
8,5532107467888.612,2760793498614.64,3085292889989.5728,10492008982690.26,9393274877475.0,1523252542084.4116,1121197488193.8086,1523252542084.4116
9,5397151860229.852,2785064989154.3154,2887755732642.1143,11627000435723.053,9482865308588.0,1794317335648.9385,1176070102664.7422,1794317335648.9385
1,8019653553269.84,5168985881362.877,5445972264012.779,10050718302229.72,14034562727780.0,4707976129313.163,1171515774962.9453,4707976129313.163
2,6946715598852.899,3565251860016.565,4047173325961.493,10263928095525.035,11784882641510.0,2843491917537.7095,1180751788164.3555,2843491917537.7095
3,7675694307932.947,3699449033649.651,4198335912567.904,10642263434144.994,11779981961114.0,2494234566495.8086,1171682600536.2227,2494234566495.8086
4,5971055445415.466,3558295282194.714,3883377878778.8174,10001232913413.953,11583011468090.0,2318652122041.3833,1160438784885.6875,2318652122041.3833
5,6062279327060.859,3282831681090.8496,3348149040681.115,9128764626524.982,9819580088952.0,2573528076346.4277,1120971648716.793,2573528076346.4277
6,5585859641384.291,3892268643883.688,4043678770268.6543,10145874649457.857,11516784880432.0,2985786884655.191,1131188645308.1016,2985786884655.191
7,6464214199110.388,3496948919856.952,3864056211701.295,10799433226944.822,9863304821305.0,2047779237484.431,1152069054270.3809,2047779237484.431
8,6039522626815.696,2718045585826.9707,3024289627105.7603,10224166760840.605,11158886418555.0,1883504121152.218,1189834632742.164,1883504121152.218
9,4883976215815.555,2532594184543.5767,2750998403032.169,9692322176846.86,9426068122549.0,1750550487474.5364,1135700786856.9746,1750550487474.5364
1,7243342978515.833,3761857518900.2856,4009920460875.4004,11007267164880.232,11676906850246.0,2906318806906.9873,1130307435250.2012,2906318806906.9873
2,7624120702697.859,3725207639680.72,3983336049294.016,11047888365072.889,12207560790167.0,3083467123618.911,1156208970466.1602,3083467123618.911
3,7053467673669.518,3302054296223.6636,3938331809867.1714,11808279232027.074,12024044695967.0,2429479256700.152,1153697184192.4219,2429479256700.152
4,6112613395894.318,3058960251720.9507,3186833844493.8057,12044999200266.031,11212464321197.0,2570363352264.931,1190721829665.373,2570363352264.931
5,5183592537073.501,2991903173177.5957,3258505427870.3086,10866788893122.297,10872247474557.0,2196876324781.4077,1172771285209.6895,2196876324781.4077
6,5573463496892.091,3084688418360.246,3220426245239.794,11126400132157.02,10686558224113.0,1935965903440.213,1132469663121.0176,1935965903440.213
7,5284120105971.738,2994804920626.7085,3095410521183.4175,11267868355461.008,10263507134417.0,2146646237389.7412,1206298709828.8398,2146646237389.7412
8,5554058719884.061,3037490360082.7563,3264177281255.689,10769781849938.451,11224252171286.0,1600410490703.7776,1134501784682.6797,1600410490703.7776
9,5683728800005.16,2872597341713.448,3118592349533.164,10014088333791.553,10565605584392.0,2304245954283.373,1111335570796.1172,2304245954283.373
1,9156945284853.793,5108677865531.654,5639931477938.498,11706144638244.057,14241789810649.0,4246238821967.4897,1145258468557.832,4246238821967.4897
2,6625669332549.0,3909866606115.3975,4263105556547.3154,10596168213745.879,11061830156578.0,3673408921248.0728,1100209657053.5742,3673408921248.0728
3,6285965962591.282,3819419014403.4824,4049958656429.12,11497168020765.271,12008888624139.0,3171725400494.9077,1149561580777.4492,3171725400494.9077
4,5415988980433.094,3722991938151.054,3880195605333.222,10295271237612.984,10065633762195.0,3381354974170.6055,1147166926862.7344,3381354974170.6055
5,6098460614113.976,3453301915016.088,3704996598432.363,10557450182518.229,10596543222742.0,2727129942264.6367,1102442532019.6992,2727129942264.6367
6,6679822225804.624,3321847453316.1406,3525743836629.7817,11536587635256.389,11925974044402.0,2597089446489.5913,1171469218842.2246,2597089446489.5913
7,6194241956329.47,2961669523747.2812,3314821177161.5737,11152117384974.973,9784672626104.0,2200514630443.6265,1095995919717.4414,2200514630443.6265
8,6156596686366.77,3097232883636.699,3358637359341.2734,11755721105641.777,11049917214977.0,1732439702925.4368,1168022835762.8555,1732439702925.4368
9,6240694873942.024,3007167145767.362,3420086582091.718,11520452967869.955,10518151212318.0,1923560008923.9082,1147835034824.17,1923560008923.9082
1,7874879237718.598,4351202175304.1387,4714517981334.222,12597826642982.242,12881473485220.0,3472647887389.339,1140305373053.7207,3472647887389.339
2,7536262443572.409,3481854469297.2837,4294718210424.23,11754230502493.03,12338254763328.0,2836418506888.5513,1154814032767.463,2836418506888.5513
3,6890390019953.28,3426973329182.7744,3764057998923.9854,11371888118723.445,13393405619400.0,2431256978171.2446,1138109893755.4395,2431256978171.2446
4,6936747143374.356,3253141283717.475,3678407493884.542,11812674576777.684,12283859127653.0,2144833634757.8916,1194094135449.4941,2144833634757.8916
5,5443192582089.684,2870111211938.749,2820345406000.7324,10077584809843.598,9935214130109.0,1660656311449.4937,1133066210554.207,1660656311449.4937
6,7017127752934.668,3423899675872.0386,3875794660873.2827,12586142498882.904,11360349242285.0,1774929120809.9487,1198003925775.6719,1774929120809.9487
7,6561669569806.605,3268103953895.6743,3554840414320.199,11607445759134.0,11219975639999.0,1797171257072.3713,1187457200323.1758,1797171257072.3713
8,3977172750087.695,2542104783604.967,2315118825554.528,10980150917317.027,9342731641753.0,1186111869044.119,1119842992946.7246,1186111869044.119
9,5996922742684.837,3052258923532.6587,3307371500080.3013,11820328367453.309,11335335705430.0,1570530000071.0356,1193688829403.1758,1570530000071.0356
1,7928390902659.898,3679995495003.682,4263515328583.539,11220530947494.842,12620027348230.0,2731809014024.2373,1159060783627.6113,2731809014024.2373
2,7572930595496.084,3510763597571.505,4020139719992.4175,10301596962935.078,13596688065225.0,2572977898509.8296,1149381955523.793,2572977898509.8296
3,7843083578556.302,3938024032394.822,4349531012187.8945,11278712022409.72,12228188208879.0,2532989646458.3506,1182064524118.7285,2532989646458.3506
4,6817533327859.315,3305366036254.9473,3606596155345.495,10653604888066.184,10491351986560.0,1893406766180.7693,1147125567823.621,1893406766180.7693
5,5584604145150.45,2556636982487.4077,2937317571265.0503,9541461093070.195,11159384517378.0,2153910384997.63,1104204037106.1445,2153910384997.63
6,5507429255431.824,2764254110851.7437,3025811993347.8877,10270991249890.586,10397226763339.0,1759522329244.4612,1126380410839.1992,1759522329244.4612
7,5720389957396.067,2892658739618.7207,3166715597732.508,10123915663267.654,10687521369769.0,1999719052293.1794,1090416811351.5176,1999719052293.1794
8,5053760870219.926,2699504492841.9785,2589079878266.995,9846482944363.334,10046241375240.0,1496482877885.796,1156939657607.375,1496482877885.796
9,5445966307378.313,2759236791256.4067,2865927236508.8745,10182318056215.191,9698158873669.0,1532684406531.2266,1217307294622.3203,1532684406531.2266
1,6197120274400.499,3195732899581.95,3539232281625.848,11262977649157.373,11652780249544.0,2205488691551.6025,1171969617412.2266,2205488691551.6025
2,7811461730422.235,3950116271136.109,4345067056460.7446,11902701543258.508,12433021795682.0,2704684048591.744,1199765482044.3066,2704684048591.744
3,7604080762917.939,3387642010095.6484,3806430703903.0283,10504287192913.85,13218315298837.0,2399451067620.2773,1163661373623.6016,2399451067620.2773
4,5760390029245.678,2983286625894.8477,3361658536712.9985,11204106200479.746,10776548794936.0,2044432385278.5942,1189158280423.0625,2044432385278.5942
5,6071630056089.612,2922441406153.835,3338263307727.6226,11767062766511.9,12464433415310.0,2033968168588.6326,1156127569740.6152,2033968168588.6326
6,5503851528870.045,2874477768427.2217,3043657164722.4277,10981815132467.31,9902070352625.0,1860268920134.4763,1151154386716.9453,1860268920134.4763
7,4915072500924.288,2572472203020.4062,2785319419415.941,11217847358541.994,10121299728716.0,1649461656280.7964,1136980343655.8848,1649461656280.7964
8,4769298805735.599,2466560869166.938,2461511049523.831,10216168229464.172,9178252504123.0,1351098207635.4014,1139787756261.375,1351098207635.4014
9,5458486978995.94,2784177392564.555,2927270677907.4077,10462327496308.1,9265007433838.0,1420430104166.6614,1138573035559.957,1420430104166.6614
1,8143370871698.337,4040658325421.199,4496281239284.231,12647252440043.4,12929964296158.0,2875209319688.439,1194213379233.4922,2875209319688.439
2,7356010841647.309,3367081079030.3677,3813685200664.2656,10689466502248.006,12715675584590.0,2448899458262.811,1134506012806.3008,2448899458262.811
3,6612394079337.929,3557392976232.373,3886999519565.859,11142324968905.434,12284943578831.0,2741488958808.3945,1198215906573.121,2741488958808.3945
4,5370125392735.574,2777735227482.6807,3055646592818.1387,10252492957268.781,9880550880452.0,1814241801627.8228,1096421714347.0312,1814241801627.8228
5,7024333334157.206,3305656774829.478,3743499192114.7295,11378842626122.373,10375027996956.0,2123102395796.6965,1157674169476.162,2123102395796.6965
6,5087707646393.525,2830412662923.5815,3049381885369.4385,9159469102824.926,8872299349182.0,2079084953659.566,1070848669667.502,2079084953659.566
7,4398342615880.969,2524499695087.137,2465997019471.2563,8873132095468.17,9686722167381.0,1390137333530.4353,1099598986947.371,1390137333530.4353
8,5052543818989.092,3239545966589.341,3305540625920.8813,10130113720266.393,10087025349785.0,1944748318627.4365,1162409872455.7188,1944748318627.4365
9,5160846893072.3955,2779791746247.23,2944209417482.6577,10211473780506.422,9159902509028.0,1595988879924.011,1149399300075.7285,1595988879924.011
1,7460890681049.017,3649837969983.6978,4053678868332.199,11472345136168.91,11514826715910.0,2778127730365.4814,1134884655860.293,2778127730365.4814
2,7639919966034.581,3779023890854.106,4105345114465.617,10942841930949.996,13235808591920.0,2926062969986.531,1182108587541.502,2926062969986.531
3,5686653369746.108,3065424957114.0737,3275151368570.1313,10075995209529.55,10938804134041.0,2485795843749.2017,1145591797183.3281,2485795843749.2017
4,6119567087588.399,3081749209014.4805,3382833639074.283,11670535692975.846,12574267858669.0,2080621699246.1355,1118713211235.4824,2080621699246.1355
5,7419169368793.556,4256779158645.7896,4648284703608.627,10239362916469.848,12099633687639.0,3724169161458.3936,1116357753088.1914,3724169161458.3936
6,6693629881661.297,3163842933645.5444,3484993734752.6753,11081267122753.246,11500445907460.0,2219476338697.186,1161396539664.1074,2219476338697.186
7,5901287410896.469,3119402342953.379,3393219927736.8013,11421409999216.773,11007920372454.0,2140842278215.815,1127391119312.918,2140842278215.815
8,4992444094610.325,2759184525405.901,2806496815099.1216,10290770030740.447,10279000166849.0,1839499763644.8145,1156579799916.4219,1839499763644.8145
9,4717522433861.409,2571889930192.459,2579953731791.0137,11074501877261.273,9682167323105.0,1371731363939.7676,1176807826454.6133,1371731363939.7676
1,9338876108422.451,4299748022471.1807,4831462174994.502,10956772203536.219,14111897337455.0,3268192852148.4277,1199961186651.0,3268192852148.4277
2,6970835205509.55,3421881876803.5596,3863713063199.9644,10953822702952.957,11939962548022.0,2646101169640.1274,1113558826653.2188,2646101169640.1274
3,6364037851992.229,3301534472872.6274,3609022928493.1753,11045985183566.516,11159141791370.0,2124852513416.1519,1194948399771.463,2124852513416.1519
4,4974673100936.126,2578301568673.92,2798055370645.53,10178018447768.86,10117949969562.0,1742462459868.2463,1115681103162.9316,1742462459868.2463
5,6911266352930.235,3227755246725.2627,3489073177185.636,10947473438186.695,12273045469213.0,2152998296164.6687,1160293906460.3047,2152998296164.6687
6,6655791648451.378,3319451340732.1035,3724034163051.1226,10703963632668.738,11301211619352.0,1754977149744.4883,1193139355487.168,1754977149744.4883
7,4610113357376.065,2608598244078.282,2592077432671.654,9981253098038.895,9756742155573.0,1454325159926.3015,1124196190142.3438,1454325159926.3015
8,4685302651210.545,2733917641382.0034,2950543647404.9355,10570315059627.684,10605323853539.0,1930219481653.7239,1154808671659.912,1930219481653.7239
9,4853457144454.454,2692322699950.611,2590131232183.376,10653984892854.078,9006390943664.0,1437182591083.5696,1207178625060.0059,1437182591083.5696
1,8367491913805.647,4493070274941.818,4981974385711.858,9866530481321.623,13440467368736.0,3602504946614.199,1145151216553.1426,3602504946614.199
2,7320188203180.566,4037503236027.33,4355279616220.1816,10966975676690.285,13111058244761.0,3377804312449.706,1151401737410.2812,3377804312449.706
3,5419166022685.408,2631227768109.193,2890590388996.237,9852790724878.89,9946189038272.0,1973389881630.8877,1105436327686.1465,1973389881630.8877
4,5472426942503.256,2708816434395.6045,2977225819135.6743,11076998814441.76,10270749751780.0,1803913774153.1543,1206870529306.5293,1803913774153.1543
5,6189277197544.909,2764207134400.958,3131157502659.5073,10109824325615.098,10130127065581.0,1802944754695.4287,1116842976426.6113,1802944754695.4287
6,5612029722231.465,3362184204739.0728,3640697136964.118,10207680316734.148,9816692181424.0,2381081029938.0103,1169049243782.2148,2381081029938.0103
7,4697669248772.71,2634395018583.313,2779838037047.1426,10331737434759.934,10148542075963.0,1573047279745.44,1130648705600.1152,1573047279745.44
8,4694718245349.223,2459957733824.779,2423915711307.1123,9758668211952.693,9131121786926.0,1342680196325.769,1106353530899.2734,1342680196325.769
9,5237764228558.26,2842488749926.022,2780503114015.2197,10663122341467.531,9738419807482.0,1476560004541.794,1148931380027.2266,1476560004541.794
1,7650160990473.318,3814674582053.9453,4312080703204.0884,10772211954540.25,12992109974334.0,2698142534730.3496,1189172028847.6953,2698142534730.3496
2,8083451333864.13,4387377435917.8296,4768788785542.728,10962709471046.172,15247861574493.0,3248583434921.6875,1108125091630.5527,3248583434921.6875
3,6326455787408.256,3801319109606.6216,3963166025612.513,10572668536897.682,10663418812193.0,3065300215788.035,1190300939632.5898,3065300215788.035
4,5773288817468.223,3246342079204.425,3448613980665.9785,10715243254903.484,10742793799303.0,2524405079075.4756,1153374968535.3555,2524405079075.4756
5,5104114457474.149,2834291217171.1396,2900834528730.7974,10582173240247.752,11403166778054.0,2051224698990.836,1178811282274.3027,2051224698990.836
6,5817674069978.921,2810071704028.718,2866188853254.334,10964857713151.963,10457787705316.0,1875342780300.1519,1136822314676.588,1875342780300.1519
7,5959208418170.535,3143376928066.42,3338570043000.3096,10293940438685.201,11340369817597.0,2095385244885.4177,1135527561385.7383,2095385244885.4177
8,6051435661414.891,3019977571033.073,3379769046848.614,10599125658550.854,10098374465456.0,1702211605574.391,1147425912386.0293,1702211605574.391
9,4729784906301.533,3331328670876.987,3300272157109.1353,10880410254980.568,9916206610210.0,2123153536313.1248,1105807122681.7383,2123153536313.1248
1,7890484491191.936,3676993578593.3677,4270951918367.7207,10154150366180.463,14840783944127.0,2749846711153.2466,1100477914142.83,2749846711153.2466
2,7754170533286.901,3494135804627.6562,4180033932131.545,10786602454849.963,11667040979025.0,2659148687174.3228,1142893815923.2441,2659148687174.3228
3,6701516397682.132,3307538993447.895,3684790788525.887,10463020547731.93,12231906233381.0,2376458410344.109,1200052954120.496,2376458410344.109
4,5536418211519.494,2971068474103.9653,3118463562951.5044,10985725391072.926,10802566484764.0,2062725731789.0046,1150280252561.5176,2062725731789.0046
5,6573966803938.74,3041627254877.6016,3541202419719.022,11005284483814.957,11699492136561.0,2066182336591.5344,1182944375377.0898,2066182336591.5344
6,5224241911835.514,2720960880452.001,2916000444087.172,10219503894954.797,10172863158391.0,2038101923009.4878,1174426073410.662,2038101923009.4878
7,5838721560621.9,3046774365959.0967,3237106768964.3877,9789701122848.414,10923338648096.0,2002942006734.9,1127750702243.1602,2002942006734.9
8,5134411405067.697,2894710735210.699,2947657903103.5347,9889669317445.799,11091876237636.0,1492296846649.0793,1128811693101.9297,1492296846649.0793
9,4798261102067.661,2959734665378.403,2941601546587.408,10190175427124.998,8526039364242.0,1791384815162.668,1115175835332.3984,1791384815162.668
1,7688715421355.87,3859376125941.643,4392529163003.2563,10885165694498.28,13280560459439.0,3000403328973.3267,1097810025605.9707,3000403328973.3267
2,6566209475947.357,3516561460957.3105,3906360588499.201,10040594510770.973,12342119971484.0,2998202907630.051,1180563708093.1465,2998202907630.051
3,5738002250373.662,3013903578485.204,3203514551533.575,10425994863125.41,10821740028617.0,2202909986167.5894,1124471966402.543,2202909986167.5894
4,5166596545318.908,3093066368262.4106,3221562147404.384,9990625889343.537,12482193469627.0,2341320193857.968,1112141213498.9277,2341320193857.968
5,5628554589280.234,3243717072382.277,3416875780346.002,11595586424519.361,10498407242514.0,2403157437111.335,1208187809772.3887,2403157437111.335
6,5340153098170.42,3286881034042.538,3488886510036.795,10252777342734.117,10508660722486.0,2457653700947.7285,1160414782831.1445,2457653700947.7285
7,5548577870316.533,2917290353429.078,3069190214933.541,10205748273797.625,10616211516574.0,2004923097407.192,1112065060772.129,2004923097407.192
8,4852127456701.429,2984123835510.4355,2996512909509.9097,9334156225772.936,8323555764544.0,1973943324032.691,1079570714467.0039,1973943324032.691
9,5482015792761.506,3073581397977.9473,3383207039735.637,10644659945004.725,9443940806134.0,2103390877092.6646,1120939161794.6074,2103390877092.6646
1,6510444243569.496,3334019015861.349,3687948173392.0693,10388414917820.293,10868513413113.0,2572485754864.3975,1121478278511.7266,2572485754864.3975
2,6474281363626.889,3639376861338.7065,3846682821357.284,10100269419318.041,12093094218019.0,3022532066521.2007,1171496070084.8945,3022532066521.2007
3,7323199868149.979,3975515748856.0586,4318490338325.078,11963522098341.965,12771968501742.0,3117420162735.04,1192609394107.289,3117420162735.04
4,6173985802356.379,3868602188808.898,4267289377760.0996,10610513592625.361,13093641538514.0,2885502695847.9473,1184360551659.9648,2885502695847.9473
5,5977991223291.57,3167278293740.7275,3470609829866.901,10595364042657.111,11493608995043.0,2438510593707.0923,1189702171318.9375,2438510593707.0923
6,5639646718636.254,2946156912230.477,3265999501590.2017,10672544081995.193,10581090284195.0,1686915400873.7246,1153301482469.289,1686915400873.7246
7,5034147193095.162,2861426567112.507,3031498984559.735,9786452542452.55,9369154589758.0,1917737683306.456,1141016719384.2031,1917737683306.456
8,5563637342409.349,3387681883738.84,3543552060388.368,11171897449751.164,10525203602995.0,2284402616626.7803,1150821906382.4902,2284402616626.7803
9,4388691387372.047,2698402334340.5327,2520858552906.4272,10927724328155.432,8971679322398.0,1289035164341.2256,1159105751442.705,1289035164341.2256
1,7296000536904.433,3282716511703.145,3758128747156.51,9573934536212.95,13286995207163.0,2580802851985.7773,1128930970204.877,2580802851985.7773
2,6511119822003.294,3388619019909.058,3787220443764.356,10786822318586.99,12524310517893.0,2717810445281.581,1129616868212.3105,2717810445281.581
3,6515675828519.138,3668925272956.875,3930734788912.056,9728569816094.643,11555741314323.0,2811102790586.574,1133739849285.4922,2811102790586.574
4,6589304784217.863,3153556857712.2466,3482788888419.824,10228527403679.22,13454061586237.0,2132316422086.954,1169494726103.2695,2132316422086.954
5,6658700068020.674,3554213542234.6196,3839986865145.428,10726141266495.709,10807540867371.0,2778198997157.325,1111312190974.9863,2778198997157.325
6,4948358134630.399,3034259240274.475,3337787371380.131,10537347783079.553,12800780144469.0,2278273073872.888,1151162206632.8281,2278273073872.888
7,4614648040924.735,2479654330940.0137,2628913570737.4697,10389961990413.594,9802415700623.0,1540620947642.3076,1116343535177.7227,1540620947642.3076
8,5136490349888.187,2480476454271.6416,2635188542885.158,11062765104683.838,11187856893334.0,1518613158810.9556,1095297122098.3828,1518613158810.9556
9,4546652451227.732,2992199061652.177,2824076031562.1646,10496791066882.2,9050795324204.0,2093440706352.4949,1162260152962.0977,2093440706352.4949
1,6659563555932.19,3820699761581.843,4193431364905.1978,10202993291604.146,13703331635624.0,2943908715434.0547,1106001080378.1172,2943908715434.0547
2,6842100807260.775,4501943769519.956,4680019801821.195,9344604784843.932,11454644053746.0,3765505939092.267,1133389160611.5234,3765505939092.267
3,6044534922084.267,3322252085858.0054,3335027716319.12,9242713022683.234,12043971315217.0,2408344490778.6123,1178432098015.836,2408344490778.6123
4,5401926828181.341,3066326502073.678,3249917761281.567,9869730602341.002,10447028069145.0,2195091135186.649,1163675284624.08,2195091135186.649
5,5225908034851.983,2734111937343.45,2835932713201.249,9638402143930.025,10062295484305.0,2004640305873.238,1181661178896.7188,2004640305873.238
6,5276593850376.365,3035801907648.1025,3168516891877.9434,9474749993684.225,9521424867195.0,1949893745377.997,1119763688543.6504,1949893745377.997
7,5806694274697.572,2913097939863.08,3198954450918.324,9808391704022.242,11849324976866.0,1951201255640.8088,1169015151321.5547,1951201255640.8088
8,5105986527105.824,2605167355796.224,2771935492901.7734,10053157375235.85,9742819843494.0,1630147169103.8853,1126950393395.7559,1630147169103.8853
9,4918249425291.21,3117148642751.5654,3076586183541.754,10476673917525.004,10429027470501.0,2007560869870.9873,1174945841514.0703,2007560869870.9873
1,7468214223139.314,4316694382482.726,4606216519024.574,10087268060578.771,12270517111750.0,3847922966489.15,1158512143754.3555,3847922966489.15
2,7904972765624.584,4480170023281.536,4854776394538.104,11296257752618.875,12582821853166.0,3692960265516.5757,1144924866088.7031,3692960265516.5757
3,6051032966439.464,3325752357726.068,3541314514486.1743,10818389818854.273,10594404284242.0,2491538951541.4565,1152543888233.457,2491538951541.4565
4,6335477238850.701,2999467862421.223,3379123513123.752,9983258819128.963,13181928325643.0,2161376591226.9504,1138334714730.791,2161376591226.9504
5,6433601775222.664,3268796330595.8213,3678489243584.7344,10596201963108.053,11530749374659.0,2554600307518.078,1140829552920.6582,2554600307518.078
6,7204912329638.084,4084988022227.8013,4431103169085.238,10998483534774.643,13141890853400.0,2774438259478.088,1180473913274.5723,2774438259478.088
7,5651026629016.929,2806026010663.723,3051228329830.626,10911329405655.768,9255863891074.0,1587451214855.579,1150805518770.043,1587451214855.579
8,4615673207538.922,3041630863215.8535,3216913860722.976,10927625150010.797,10295718085305.0,2045941149691.8606,1181821506946.496,2045941149691.8606
9,5388262536802.188,3134502695336.784,3257612262518.8384,10818293920499.406,11055571098775.0,1922948892460.6135,1178207138651.3105,1922948892460.6135
1,8204094155069.068,4011925014299.377,4436525221037.573,11061462335299.578,13081626484977.0,2825187446458.039,1175007419399.0352,2825187446458.039
2,8677754616205.239,4180663277497.275,4540337238141.332,11973531165405.432,14084931844216.0,3061436023559.5615,1163325301179.375,3061436023559.5615
3,7726185643734.252,3884179194938.03,4382653900164.424,12737055299084.547,12992376053383.0,2634975589105.4526,1168407497120.7988,2634975589105.4526
4,6330931120150.142,2969937009418.635,3408267892743.264,10390486495101.432,10586547539079.0,2482686092599.211,1175177672094.3418,2482686092599.211
5,5896108746847.32,2822944167503.7153,3181367585221.6714,10263201313145.28,9432438866272.0,1985289626544.807,1155005704039.3574,1985289626544.807
6,5343619008673.088,2743015266828.8325,3053881425579.956,10488295171271.418,10612464731153.0,1712708120260.668,1166964119206.1484,1712708120260.668
7,5139922522312.079,2797827629533.624,2912294347609.758,11461834127617.514,10554912803577.0,1844781339590.9185,1112419058401.088,1844781339590.9185
8,5730671265376.653,2883403462902.104,3186247149119.9644,11553739303729.416,11326043789925.0,1782902466772.9182,1107672271139.1719,1782902466772.9182
9,5344448996314.908,2706443074243.841,2673979565331.7783,10878485622547.945,11100174057283.0,1499087450797.776,1173744523518.5488,1499087450797.776
1,7399376079437.727,3684764682236.538,4123161295051.366,11258763690006.08,12559330023524.0,2726616149950.1265,1147907970644.5215,2726616149950.1265
2,6280117649497.001,3037313396131.7046,3342627721904.1113,10908035657443.592,11423137380877.0,2403311007552.9604,1138735802162.1406,2403311007552.9604
3,6434195570836.96,3163832093193.7314,3456111393024.592,11438464359375.16,12325896964751.0,2667387951993.4966,1154826372623.6953,2667387951993.4966
4,5861646206631.544,2820100400469.9316,3136104805195.1934,11114725979647.51,11056123281588.0,2069843778942.4353,1170777195302.123,2069843778942.4353
5,5591180526508.652,2890351028464.4546,3128176142647.9307,10585503448114.375,10680159857358.0,1855192372880.4253,1118177113605.2637,1855192372880.4253
6,6069327705971.587,3317141456779.004,3420643937639.2837,11717049906747.717,10514294039510.0,2181679671270.3606,1140326329513.6777,2181679671270.3606
7,7047133981701.715,3272169201564.7383,3535398892717.609,10420038827582.746,10296166743681.0,2194607344385.3723,1190286771778.6465,2194607344385.3723
8,5016932849301.209,2506745316852.369,2826189005210.767,10370283840367.197,10008432357521.0,1312982600444.1194,1156452899113.6348,1312982600444.1194
9,4542064881469.613,2616047916535.1235,2507310987799.955,10073061933042.246,9884839588770.0,1578112779212.5278,1179045383200.6953,1578112779212.5278
1,6300917804466.15,3364569476393.436,3725399851495.868,9408257041867.838,12577952453548.0,2571476440126.3843,1116980359896.2227,2571476440126.3843
2,6695923805846.55,3186657447781.8164,3546884688658.899,10807652485432.275,12496661915240.0,2380931373105.5728,1136832241396.0898,2380931373105.5728
3,4878757193251.111,2613664268079.811,2882683274340.3765,8993790732276.299,10569014293808.0,1733469917204.1687,1120854684208.0742,1733469917204.1687
4,5471876975582.728,3045832339773.5557,3195710317668.53,10046305619924.197,9939668853650.0,2410896720764.335,1123309518064.9648,2410896720764.335
5,6204065020187.14,3177218314659.3535,3298981239778.1494,10363488683705.895,11421903489404.0,1943679364815.5562,1169105012434.42,1943679364815.5562
6,5624086091225.022,2724992293023.615,3011166866693.32,10833582327247.176,10356607312539.0,1925524396796.7407,1191503828582.8496,1925524396796.7407
7,5422877470257.453,2633387263339.145,2973434776385.906,9659693337431.092,9540241896702.0,1497132128224.1934,1080036924778.7227,1497132128224.1934
8,4312758832692.8184,2594284121502.0464,2563826981899.253,10234400642588.145,9302777008419.0,1433177609404.5547,1140385643062.7578,1433177609404.5547
9,5349575750073.898,2927072388450.8057,3340330214323.8115,9998474549054.504,11230776560442.0,1787796704617.2107,1166325512874.4473,1787796704617.2107
1,6549276584056.837,4017856869747.206,4279739620416.909,9348271973085.037,12578648389557.0,3515976013888.0,1106871297212.5742,3515976013888.0
2,7115188597575.827,3639171146653.5596,3929482465399.7266,10259017207581.373,13159738389525.0,2821907359278.154,1160278058256.2695,2821907359278.154
3,7304967974222.592,3396369293514.4775,3928428445093.9917,9225376121827.271,12643634073474.0,2793313614755.6245,1141135551231.6387,2793313614755.6245
4,6176715439177.686,2923788247393.641,3245402483486.574,10336757360920.95,12254927382301.0,2043677444460.698,1141727882641.9688,2043677444460.698
5,6377945507534.162,3046027017087.926,3309526916072.9136,10673073776207.84,12367382263048.0,2023651334914.2163,1183642912834.418,2023651334914.2163
6,5798881464760.2705,3034163414897.5225,3090546203621.5635,9244755341354.117,10340260384401.0,1910398088870.9946,1148091104193.1113,1910398088870.9946
7,4647837159290.613,2519002611619.113,2496967940931.302,9589427881199.195,8874662870123.0,1663872599324.5706,1138861840164.8633,1663872599324.5706
8,5930289453006.27,2815769021746.7896,3016295291576.5537,10655738618106.38,9767936927360.0,1427918775822.9355,1185246508430.9219,1427918775822.9355
9,4601856652844.298,2347781589335.6543,2313485012511.648,9510168726885.66,9506884324415.0,1169828248079.0398,1127576427069.5352,1169828248079.0398
1,7955469747653.905,3725476148785.076,4072710399503.9253,10839528253000.652,11490189281303.0,2497911910851.1436,1142817278886.6602,2497911910851.1436
2,6510681215526.522,3581314595396.278,3954366250152.009,11166156226927.43,12131606541878.0,2705868155217.041,1130337097533.25,2705868155217.041
3,5602127481609.1045,2889354871787.434,3021469341464.564,9786754351653.639,11058364055895.0,2233786002449.754,1096922993458.0566,2233786002449.754
4,5882954343503.049,2925249867001.191,3307929091023.2554,10328029316179.87,10814904718750.0,2114997021568.585,1122412959370.248,2114997021568.585
5,5069554316305.896,2700358356959.6465,2785420901341.432,10961884842336.258,11405467989250.0,1757705026831.009,1144431768508.2988,1757705026831.009
6,6393340815148.308,3019405111033.6323,3441948320782.599,9717407003993.646,9945291103775.0,1718136520519.968,1152784310917.789,1718136520519.968
7,6296505215635.909,3127513949947.242,3477995073436.076,10313095470543.803,10010574470199.0,1592259737851.8293,1128587932710.3867,1592259737851.8293
8,5376379152154.873,2617930963962.9287,3054005811802.0977,10901537238465.383,10002143466944.0,1604350288158.3403,1185670003535.0332,1604350288158.3403
9,4102153658087.5977,2404108933533.1113,2420015446929.527,10460984980298.822,9396259630249.0,1396004701007.2468,1166639328074.7637,1396004701007.2468
1,7005426047871.395,3697173275048.5127,4010360566507.1113,11227357852615.143,12453571426931.0,2457001804267.91,1131539785379.0957,2457001804267.91
2,6737869251774.8955,3096720523087.564,3515082850504.4497,11236554655490.47,11344926404159.0,2386337245108.275,1167403487984.3848,2386337245108.275
3,6540581915957.692,3175060371616.2383,3487510949821.644,11372564299886.188,11672049463292.0,2267577232704.123,1155794086222.6191,2267577232704.123
4,5135184674479.907,2950425145708.4424,3106471020075.1826,12101646127117.658,11291076516879.0,1988139999165.3762,1160077774254.4395,1988139999165.3762
5,5273073930375.786,2808609512189.3213,2983914680926.915,10563311938261.703,12844876948155.0,1871018564972.3755,1159278627419.5625,1871018564972.3755
6,5809734204070.722,3021950648982.15,3280933613755.5884,10705380383269.809,10975069890899.0,1737917997445.6838,1115333449932.4922,1737917997445.6838
7,3753200510263.697,2409376218611.329,2282843003878.643,10257674620151.371,8544505821063.0,1242148594238.8777,1100907429394.8164,1242148594238.8777
8,4242920751225.4966,2851671444464.2075,2694897897960.621,10354340786337.586,9431925591002.0,2020000252679.7512,1131916261886.1836,2020000252679.7512
9,4576936749401.702,2987706830514.693,2843779067930.013,11397001219653.77,9896394373718.0,2001415286213.3083,1122042213000.6309,2001415286213.3083
1,7704130123546.205,3898702281093.4004,4410261141355.084,9821909356982.34,12814810170160.0,2862734408423.661,1116445216278.9902,2862734408423.661
2,6975470065700.55,3200318047573.9087,3961925113384.9023,11022282366519.766,11903111936238.0,2477656357057.511,1103640406299.791,2477656357057.511
3,6942315985345.545,3110429541674.907,3655591369978.8384,9923367808792.533,12266384553373.0,2497440758208.6377,1149185772846.2656,2497440758208.6377
4,6151441526247.099,2806142434854.512,3233508549376.5107,9629607673676.06,10418182402106.0,2006846946089.138,1081591239938.3965,2006846946089.138
5,6108043556099.013,2902529551129.773,3323155663388.4355,11664415593216.701,11724741495122.0,1990986171077.028,1137842716466.213,1990986171077.028
6,4871204204999.858,2714986733755.102,2815609747805.67,9348973262135.285,10585015915672.0,1810639716588.0242,1202920885805.1133,1810639716588.0242
7,7036559190641.309,3378214284568.7495,4025584424524.078,10616498328540.086,11877886667893.0,2065134322512.6436,1151363950528.9492,2065134322512.6436
8,5884217325558.165,2944027128848.0557,3191854161940.3115,11410500966692.166,9671464996322.0,1572547548582.1514,1218611854187.7402,1572547548582.1514
9,4871350613512.715,2677874474543.8335,2810073119133.2,10689553292084.084,8813329077341.0,1685659155829.317,1137615349321.1777,1685659155829.317
1,9055147470742.912,4141991568893.779,4585205387028.6875,10575494813691.52,13696916979806.0,3279372279911.568,1131366659740.0293,3279372279911.568
2,6259104937276.034,3578152156406.6714,3802581312467.037,10968342747637.934,11913143441935.0,2754352218054.532,1167637068549.4434,2754352218054.532
3,5888804255557.329,3539519169814.698,3720242345234.6924,10582896833032.34,11662515363027.0,2871281503112.7314,1172361918530.8105,2871281503112.7314
4,6160787799853.972,3621254828645.367,3963493856263.1772,9688833528946.22,13079786953426.0,2488818680811.285,1163431077557.7168,2488818680811.285
5,6130537902967.366,4070422773441.731,4314405626132.389,10203250620910.057,10300961369404.0,3019660456346.09,1148463720079.8887,3019660456346.09
6,6222378237998.904,3238198306889.803,3651865985560.544,10591479203666.5,10637352967977.0,2161632898542.9077,1183201374196.0742,2161632898542.9077
7,5814702768324.119,3012347812529.0205,3298293386761.6206,10329518559471.008,10163542688211.0,1966774964956.9006,1154429389405.9863,1966774964956.9006
8,5584482762367.657,2551469446283.2793,2707985465731.997,10754657629440.809,9904280836952.0,1572971037984.8484,1142054457879.8418,1572971037984.8484
9,5340010497633.827,2960196424511.254,3129043979811.949,10441158714241.791,9423824356532.0,2176375468841.9773,1116667094447.4883,2176375468841.9773
1,8714441646929.793,3957568492729.1157,4551262617445.616,10281009338745.434,11916335428262.0,3035468001436.522,1127343690254.2324,3035468001436.522
2,7111185151445.976,4088227004935.647,4343226963372.8535,9640488065745.824,11303742013455.0,3678025122123.862,1105695093872.0117,3678025122123.862
3,6085111868759.414,3754171715926.1787,3940208139935.0596,9862968360845.408,11402390704939.0,3184360359750.032,1176433573065.207,3184360359750.032
4,6213975251261.065,3298506217346.9644,3634849354798.404,11099249664737.176,10826508185067.0,2105332686880.8884,1172533690876.2285,2105332686880.8884
5,5800561525060.297,3448743192603.6904,3523310882816.9766,10387965156328.967,10343364327822.0,2724711074416.502,1130219809531.7988,2724711074416.502
6,5275154087768.326,2904214835456.266,2994588032661.8994,10243734221875.635,9968374641054.0,2223397074413.271,1126369636542.502,2223397074413.271
7,5821169970977.811,3482820723127.3726,3650655449197.55,10061287511574.527,10861319114217.0,2721864148207.9453,1178749444478.6992,2721864148207.9453
8,6078015798571.394,3252837693141.98,3611447245901.702,10515111032167.748,10535476428935.0,2339340548087.0527,1148364725605.4648,2339340548087.0527
9,5294014636148.254,3048967900501.835,3197127189735.2646,9958257134011.39,9669325947841.0,2500578531746.637,1127990081630.5723,2500578531746.637
1,6844793099473.578,3525066433793.5864,4021979362920.124,9419887515976.033,13241596973100.0,2535217985391.416,1128826083156.711,2535217985391.416
2,5493499209143.017,2981968243021.3784,3230197170171.2295,10541807951583.71,11412122669946.0,2302935257745.146,1178916541723.582,2302935257745.146
3,6667786807898.245,3491988949778.23,3869759135244.675,11293396147539.416,12968938926904.0,2477406508410.4385,1122724853184.8887,2477406508410.4385
4,6090426795990.339,3072888813936.3237,3364764460157.2534,9889325976033.775,11351425119984.0,2118702214568.4395,1104361843010.5488,2118702214568.4395
5,6266555073710.096,3331513690754.936,3673764790008.6445,10662724357287.38,11066645024439.0,2467419407125.035,1178613632432.582,2467419407125.035
6,5660021845021.488,2938061593911.9663,3231562075262.468,10867218824407.152,11445715857387.0,1950749658031.8845,1167125868200.4883,1950749658031.8845
7,6288334182558.373,2987254023286.6836,3260806716349.5884,10627186426639.494,10228626333742.0,1744434095462.1042,1161673277315.004,1744434095462.1042
8,5347598155210.516,2847371127220.4893,3020316605645.5176,10377470297193.871,10136290205596.0,1751888361186.4175,1131241541392.502,1751888361186.4175
9,5108583532248.452,2661510209300.4175,2782179070699.584,10272808254379.264,9564699028666.0,1485417914983.0537,1128709460368.289,1485417914983.0537
1,8691285686581.749,4594017735414.738,4968995998228.047,11517382518609.012,14283018878765.0,3514019219623.176,1161586834401.7227,3514019219623.176
2,6894468075962.987,4305330623375.743,4558946917962.428,10206749644673.193,12819903122483.0,3658075788769.2207,1170263762021.6992,3658075788769.2207
3,6510393075481.893,3523778470200.5425,3872567240766.333,10261131637906.094,11800798011447.0,2819755138946.5957,1168319479043.5078,2819755138946.5957
4,6415701088562.727,3458571018800.481,3671815261247.8594,10620003137161.16,11367818706781.0,2673059595496.1963,1142675571691.6152,2673059595496.1963
5,6727295775125.584,3132816010733.832,3572516396014.9775,9666583588412.258,11453322185953.0,2234826168834.718,1124671787724.8887,2234826168834.718
6,5254653161311.672,2630704642628.001,2875951702221.697,9682529752653.262,10892995590121.0,1919417498313.334,1139333114591.375,1919417498313.334
7,5292724235594.338,2943752913076.369,3092875585502.2188,10017538295254.533,10638912304174.0,2072477552385.2957,1120014610480.6758,2072477552385.2957
8,5158057134751.262,2808621303485.9746,2826994367916.0083,9778499364347.877,9538321032649.0,1644777961158.8857,1130880646690.455,1644777961158.8857
9,5224925142289.412,2838140111328.287,3058347024485.297,9926141687739.045,9687404827271.0,1717543670547.25,1170936817956.914,1717543670547.25
1,6414353677878.692,3002496165519.4404,3584031177608.379,10541731571942.6,11811157128117.0,2381526384176.6226,1179232499997.037,2381526384176.6226
2,6851086158773.51,3365629854015.868,3846033724891.3843,10005843518922.096,13088712267749.0,2794286527908.938,1139315258078.248,2794286527908.938
3,6579194034062.903,3229240409572.7144,3768163137514.437,10839915424265.846,12360706355784.0,2461629678238.5376,1194650332632.7852,2461629678238.5376
4,5868270770314.814,3101442676238.68,3476154737948.1973,10250150930746.314,12402789082385.0,1947295995286.7007,1122017681906.2559,1947295995286.7007
5,5982971403512.679,3003666398027.9424,3618839996442.1465,9920884399037.094,11081286083665.0,1773425929935.131,1129824935045.4883,1773425929935.131
6,5348286525829.785,2574518352968.1494,2791722531202.3657,9886074383717.176,8936996660899.0,1483299832471.0374,1094202320274.5312,1483299832471.0374
7,5152637459962.935,2562165966730.3364,2785763300506.824,10138198502373.674,10652283106127.0,1525182832346.285,1150793776137.25,1525182832346.285
8,5708361994519.476,2966449368219.1494,2915701706314.124,9683553486410.598,10813612926417.0,1591420926593.6885,1191595305689.8691,1591420926593.6885
9,5674219300177.623,2794616994948.0713,3087578332598.848,10243052551248.137,10539871515912.0,1597162503066.9343,1141669513738.289,1597162503066.9343
1,8174588298426.231,4321131060943.181,4754558241583.751,10925699009522.166,13806350997199.0,3689477172416.291,1152986772399.373,3689477172416.291
2,6374721481584.766,3001887248021.778,3317175934054.5615,10609759285626.656,12231368620008.0,2212084489960.897,1101461340600.5352,2212084489960.897
3,5818510774657.202,2893093871804.434,3176716411749.7944,10690379797992.104,11410911469565.0,2357303454602.1987,1143665276711.5977,2357303454602.1987
4,5923649921671.639,2868862856489.381,3298030336548.8755,10756959220998.738,10962893369905.0,1999103761948.1333,1194157523563.2578,1999103761948.1333
5,5397991073764.618,2882690691767.0767,3064446356586.378,11519336093631.027,10144850498443.0,1965703840001.3635,1163419027330.9219,1965703840001.3635
6,6666322173043.116,3094796383285.3696,3482857402441.1055,11208229543672.352,10194494112841.0,2010343226375.6494,1169431090115.9531,2010343226375.6494
7,5331649357296.033,3091495190605.352,3413403269549.3247,11141746826143.36,9787880245105.0,2049481403067.406,1177340412709.2754,2049481403067.406
8,6170261812824.695,3434084082053.6035,3674986961082.51,11420185088056.533,10936824890451.0,2468059742729.1084,1196972245880.2207,2468059742729.1084
9,5019810617764.8955,2811234138155.352,2882188085016.76,11586174534743.924,9451634449140.0,1678940547765.2837,1139821953245.8398,1678940547765.2837
1,8385476693986.566,4074889394827.7705,4750221617524.324,9781991985013.98,13712609047452.0,3138852650819.249,1079353979512.832,3138852650819.249
2,6383421646877.937,2993026049686.63,3370121037407.774,9536675397379.389,11746432496195.0,2137793778594.4849,1123257004223.1777,2137793778594.4849
3,7226689263728.895,3522443570878.1177,4050314845666.1455,10479304525586.94,14166125887991.0,2481862851270.3174,1181895464315.5625,2481862851270.3174
4,5991977253906.312,2832146332993.7104,3235679472600.4937,10441243094826.965,10104535057282.0,2021119522601.1777,1132592115890.2715,2021119522601.1777
5,5243951010376.185,2709202537460.3403,2907077807918.7285,9559736421793.14,10841709490609.0,1682784868953.3154,1184408221827.1602,1682784868953.3154
6,5514108600523.353,3307938325556.0215,3547065516355.3003,9226304402874.018,11684921752404.0,2445867504301.079,1161587367073.043,2445867504301.079
7,5294795285760.561,2821325050605.042,2603486369503.0986,9607029421496.516,11820588243877.0,1845604046943.0393,1181293119774.9023,1845604046943.0393
8,5459446612411.01,2592916353189.9453,2823937102677.036,10751984693914.402,10045109893170.0,1503210453882.2017,1160247489311.3418,1503210453882.2017
9,4866564197043.267,2645362004985.2637,2805145963905.413,9669708118825.014,9900789098528.0,1679857127165.019,1125958945379.1914,1679857127165.019
1,6935741884841.339,3511088096089.7964,3887414247980.5845,10857610401058.582,12742231263420.0,2832430770654.402,1175509995306.8281,2832430770654.402
2,7583112343451.067,3815943959481.851,4297860303218.6294,10512579688848.832,12792212515685.0,3167953175949.197,1157362873846.2266,3167953175949.197
3,6169995050422.517,2974731362140.819,3359111899848.7217,10116959022636.822,12712962937405.0,2013914062667.0557,1144870170823.041,2013914062667.0557
4,6303193351927.165,3226629445915.061,3457340107163.911,10171855926322.168,11396242738978.0,1934183047896.2466,1193588466159.9512,1934183047896.2466
5,6609946233364.236,3789363356534.4634,4019768930073.412,12063724910545.178,11966664624079.0,2213855315050.523,1202043112485.7148,2213855315050.523
6,4693375944861.82,2869865860191.2686,3069635793351.151,9912870700751.566,11707398876014.0,1824426952851.0789,1159442366688.623,1824426952851.0789
7,5035903900150.454,2870705971321.7847,2867668226662.252,9991745057121.836,10944309011463.0,1550387904619.2646,1134907416687.707,1550387904619.2646
8,5072157697985.378,2646278814051.9995,2890541954954.469,9836112479143.799,10165502633882.0,1502705681876.8813,1125252529165.9727,1502705681876.8813
9,5720517739207.221,2750373165692.3896,2986886597670.8867,10966530398898.164,10160760273489.0,1635676996508.568,1123806125869.3047,1635676996508.568
1,7218608048803.47,4084940450351.155,4451010313057.683,10367095314556.549,11574834843494.0,3413206424221.0547,1171151010537.33,3413206424221.0547
2,8309757098189.706,3877679008234.323,4381686458976.1343,11417524205450.258,13663632448346.0,2880690671315.085,1136983055416.6367,2880690671315.085
3,6140744906864.742,3128536815474.3804,3536370361198.1963,11174578775708.951,11045864801756.0,2165170047057.506,1182619191077.83,2165170047057.506
4,5943791382863.369,3051911902260.7837,3313242222752.5757,9776682116986.31,11286648287691.0,1997302841711.247,1139585720217.666,1997302841711.247
5,5861301766787.58,3080725508323.887,3297812669009.2666,10352159100978.582,11557376627647.0,2163918594629.2485,1150048239247.5605,2163918594629.2485
6,4879348663504.706,2597320709398.994,2648162481955.667,9961461192852.137,9394965749533.0,1566632867639.8276,1112652580185.1602,1566632867639.8276
7,4853654014630.457,2578581357347.232,2705939703663.5176,9795573452985.86,10130986509924.0,1583106662422.789,1145145072154.83,1583106662422.789
8,5509918612855.014,3658054051277.0757,3854159578455.9233,11409245611611.217,10198484710968.0,2874970345486.598,1165744917831.918,2874970345486.598
9,6268210028463.544,3489994833635.719,3767968284223.2393,10141534535419.938,9701038025366.0,2162853047693.716,1164225039910.83,2162853047693.716
1,8437175331256.591,4468385375059.828,4764889949023.743,11377445225022.352,13947145078993.0,3499358943967.3223,1167250178913.5117,3499358943967.3223
2,7190535401993.003,4242481724031.0957,4582255410500.776,9671965446332.61,13509587711881.0,3484796087086.9023,1164460977537.1035,3484796087086.9023
3,6526665493401.739,3907019584215.501,4179941431505.474,10137056650458.324,13145053843615.0,2845619813411.688,1202978410067.5293,2845619813411.688
4,6032625559660.535,2801553623506.4673,2960752307909.1885,9197224454117.115,11874125518384.0,1950496639369.0327,1143989851691.6895,1950496639369.0327
5,5589733155673.922,2766820009610.4233,3064345447606.8564,9773547800700.244,10779565750726.0,1862982094633.6504,1127576354198.3828,1862982094633.6504
6,4933419158531.332,3154208587853.549,3388986394969.276,10430174697578.045,10745878440481.0,2198530514800.7893,1145607352876.3105,2198530514800.7893
7,5351729917167.445,2767406649292.494,2893170961936.046,10009558536640.89,9899191786941.0,1578109719435.606,1151002799948.1797,1578109719435.606
8,6191246101512.609,2843987198589.973,3212174700241.0527,10693765560802.002,10798905870902.0,1526693322629.602,1178545956320.6074,1526693322629.602
9,4927550595706.914,2694448217307.3696,2756355723377.5303,8846060114404.822,9671560767365.0,1440209134520.7158,1136793878557.3672,1440209134520.7158
1,8258970307211.185,3802825069502.789,4231457995180.0273,11435655488613.295,11540025528477.0,3019940180392.3735,1079506126594.584,3019940180392.3735
2,6975648870036.228,3879296312690.5234,4084470516546.0557,11024196376749.197,12669857216062.0,3189395141644.828,1179474389014.8613,3189395141644.828
3,6278732489773.396,3012172773578.8433,3444187463315.3516,10381207194383.666,11019400939957.0,2589831431816.623,1140104673428.1758,2589831431816.623
4,6299409265353.182,3214282283837.1826,3449955667978.281,11268576182976.77,13221350342780.0,2155120962944.312,1157459544591.0234,2155120962944.312
5,6296887046971.324,2929449289118.3,3319609659747.3105,10868349067874.246,10656967371793.0,1884644831959.359,1141647883217.002,1884644831959.359
6,5479437816658.68,2902427772418.87,3121503683920.408,10887003655910.21,10303948759597.0,2054042004350.6848,1138764543816.496,2054042004350.6848
7,5147712614070.532,2824837309756.0264,3005628094899.7227,11210196321715.076,11083979512269.0,1476236499482.6362,1194855677823.5059,1476236499482.6362
8,5230182182586.49,2747152073394.3345,2830397017164.126,10994823267732.72,10609575144467.0,1621327647427.9675,1159742129560.5098,1621327647427.9675
9,4955863139059.574,2528847634586.158,2679381053144.2324,10779691024982.299,10274882054348.0,1489165422656.4126,1145551145345.8965,1489165422656.4126
1,8805419694406.623,4243925539903.961,4815900152527.541,10830095160006.883,12777224225914.0,3661045461422.231,1127331205042.3926,3661045461422.231
2,6270149343092.559,2902663607766.1123,3189199278334.7754,11232055288596.01,10048969450260.0,2067342150889.5664,1167896500743.75,2067342150889.5664
3,6403213662212.02,3273674615703.8516,3543786845323.24,10653524989930.795,12867830324216.0,2347006998260.2725,1151254427304.039,2347006998260.2725
4,6664386908275.582,3322862351556.3755,3800502520865.869,11352685679163.73,11790478031799.0,1969649607992.8872,1110265999766.916,1969649607992.8872
5,5432811462897.951,2752619493282.0337,3108214042820.178,10060315302525.873,11010706524560.0,1846858871578.714,1098237710520.2832,1846858871578.714
6,5808829427827.56,2906951601547.9194,3140535603025.8555,10759754774266.5,11306114121518.0,1749052037887.8232,1168041035319.6191,1749052037887.8232
7,4850715701528.716,2571458828578.9766,2859079012284.2505,10025812032441.375,11083884347606.0,1798315304680.3726,1108136602123.6543,1798315304680.3726
8,4658250227824.778,2618364109328.7397,3052690548753.766,10273036343209.959,9687464531622.0,1411440969071.6904,1162214253850.7227,1411440969071.6904
9,4438355714051.809,3005719234940.444,2891946211029.846,10293406054933.43,9447005710268.0,2031101086061.0886,1174975425375.7285,2031101086061.0886
1,6614802486670.604,3207304265036.604,3654585771128.0684,9873049342178.16,13095026159561.0,2415912242140.5205,1105725434130.6035,2415912242140.5205
2,5802224888830.682,2652195867279.6475,2990187222181.4775,10893437290073.152,13804307365800.0,2213366587449.133,1144293654632.4902,2213366587449.133
3,5784798103837.443,3035638849546.4937,3177290770266.668,10944181130196.258,11014835869688.0,1965188077196.469,1184811978124.9043,1965188077196.469
4,5254674132741.47,2982888715732.864,2991115252899.5405,9715048448333.076,11743685764925.0,2117822877594.0527,1134326915938.498,2117822877594.0527
5,5481667441108.419,2771121595080.961,3013686955954.1255,10257048584136.238,10978422050136.0,1921345871044.5647,1144021311734.1172,1921345871044.5647
6,6543204676676.702,3308903455346.0728,3586131113516.916,9479928110319.188,10260298495680.0,2472064266753.2646,1133520916969.0215,2472064266753.2646
7,5020576739058.44,2761851446343.1465,2825830510806.8745,10345450331325.596,10875344734782.0,1905357931113.8596,1132026706869.1543,1905357931113.8596
8,5264874405735.027,2510468495109.4854,2950616575823.3213,9338918416592.945,9604516945931.0,1326695556909.8184,1110428278786.5742,1326695556909.8184
9,4682331508616.539,2478981315207.731,2412733818719.723,9559465150679.068,9240775620613.0,1292128685458.177,1124343458157.7656,1292128685458.177
1,5757408156577.939,2979632347450.714,3274893427882.798,9816269093017.967,10646949488240.0,2333125428470.6865,1104311457694.084,2333125428470.6865
2,7066271268855.503,3545753877150.895,3819099894776.81,10315323006318.94,12765360352820.0,2347860703857.5786,1161497290928.5117,2347860703857.5786
3,7693325894670.661,3616032229116.4097,4205471172227.356,9309858402672.977,10511533408487.0,2751849942014.0693,1103399508291.2227,2751849942014.0693
4,5064933268880.329,3458643349762.841,3541609713327.275,10353276084813.96,10949149128329.0,2541578496301.3696,1104366746770.0312,2541578496301.3696
5,5772321004340.647,2775858203643.843,3098412164664.5674,9813930410128.389,11172254661739.0,2053224516166.0503,1127076157123.6465,2053224516166.0503
6,6621131853105.504,3197573496971.805,3457246306778.2188,10992909403570.89,10901114760273.0,2033434502399.071,1171377045421.8848,2033434502399.071
7,5312655016053.17,3479398839435.6826,3517747689846.1533,10697038085123.314,11493592407164.0,2159424363554.068,1219850002642.0781,2159424363554.068
8,5026984811329.6875,2537699243235.0293,2751280767079.5454,9923548938247.846,10649667579300.0,1704122064745.7983,1126574877276.754,1704122064745.7983
9,5028908967041.914,2755993036446.093,2824701010657.109,11832339789828.74,10819965716495.0,1777726059031.926,1208386407374.7305,1777726059031.926
1,8445320870141.271,4651271404530.46,5029716784228.1875,11626532059261.379,14579762691665.0,3577961354570.5293,1162544059522.5664,3577961354570.5293
2,7068913964786.981,3805293109187.7354,4103359043780.331,10401258564709.674,12756265576539.0,3180848956279.879,1146580438190.5488,3180848956279.879
3,5858260569147.271,3099979924588.3477,3211155064671.835,11328508497500.445,11745034693820.0,2587769217748.7075,1211858262962.1777,2587769217748.7075
4,6791960374123.739,3591962800538.414,3872458984993.9873,11459384048674.125,11032243393699.0,2702705597657.381,1130851559188.4824,2702705597657.381
5,5280038447491.664,3135887270977.71,3379868628071.508,10981433337488.24,9583743179549.0,2369682828256.9976,1142495670737.6055,2369682828256.9976
6,6766024194822.006,3116327883371.509,3477388877643.384,10544321804845.188,11115088501487.0,1924364834497.2764,1089896523841.4922,1924364834497.2764
7,5765641104028.879,3176370853866.2915,3181167559198.8755,10076667973757.19,11511898738250.0,1935060943631.7148,1146545560689.8945,1935060943631.7148
8,5377761154123.936,2989937801490.2354,3195546960795.12,10017280426979.408,10232689291301.0,2154318621891.2097,1144244705054.871,2154318621891.2097
9,4588273248847.012,2647722549336.3984,2623763277470.105,10322387004601.172,9841420823898.0,1455201457175.493,1182599100909.6719,1455201457175.493
1,7787646063532.191,4098758739879.4175,4580665129763.339,10759434720926.045,14007351908348.0,2924053292037.813,1143039734361.8145,2924053292037.813
2,7258182571174.346,3475245194870.7627,3901705590968.31,11131708824237.49,12416288779610.0,2624565056342.3003,1187227417488.1406,2624565056342.3003
3,5035616023681.119,3046823254630.9854,3233355298292.3228,9984953544493.393,9950425721214.0,2661597980752.9956,1129803936932.4824,2661597980752.9956
4,6415452818391.916,3258597445245.6465,3574266505670.522,11270973024541.594,11717525783212.0,2238145438329.037,1141594368839.7148,2238145438329.037
5,5647516671833.797,2892012456407.14,3128166913102.3496,10575929537534.281,10354639577914.0,1870628856838.047,1106607266938.9023,1870628856838.047
6,5726241016553.064,2594565873373.112,2931329795587.436,9579770280575.12,10992724401249.0,1580077357950.0542,1124956555360.7793,1580077357950.0542
7,5386957761022.648,2602962710202.5874,2943666393346.9526,9935327305233.445,9937256396445.0,1528164087489.65,1121074534029.5723,1528164087489.65
8,5780443704455.057,2753236463185.5146,3074203175478.044,9758603751632.064,9101160193744.0,1585632135849.268,1090675507220.1777,1585632135849.268
9,5455105515074.623,2627126152328.5835,2936638675764.9194,10332844521838.975,9940392942368.0,1559585078756.2437,1133857692425.5566,1559585078756.2437
1,8555161510861.538,3700759165148.986,4305087505959.15,10300069371786.43,13906262099189.0,3080230389138.1772,1152298451691.6875,3080230389138.1772
2,7860811439600.864,3638975566687.456,4176736255158.14,10941819161917.904,12611931136950.0,2736577654073.5103,1125698247417.707,2736577654073.5103
3,7098811207804.05,3513550300932.4775,3838204333739.288,10633441667668.652,13839567541473.0,2565822596428.559,1199693833839.6113,2565822596428.559
4,6066466957013.767,3040301454742.3096,3320038991244.1797,10252746266724.822,11832002656546.0,2269786775430.048,1179464307897.043,2269786775430.048
5,6247140168281.818,3320449084084.3994,3407773775166.1226,9995659422713.336,10934420288326.0,2606959722687.131,1156341029940.2715,2606959722687.131
6,6306205675510.41,3124234884592.4307,3477596641206.1074,11761347104881.52,11362285641386.0,2345725036005.1553,1190236010077.9902,2345725036005.1553
7,5235810507508.562,2794596011027.7036,2949081762043.418,10569611844956.2,10155186706185.0,1694483401396.9297,1131787815635.5684,1694483401396.9297
8,5219307512956.764,2735183876804.4634,2925978268040.0825,10586379862324.482,11662701742902.0,1674540193834.921,1149094848109.7031,1674540193834.921
9,4474824260516.984,2517270848672.3677,2370890156181.937,10555184993983.504,9432126608479.0,1387101265944.2627,1142994606258.627,1387101265944.2627
