Priority,ICPP22,TOPC24,Fair,minTime,minArea,Topt
FIFO,2694203212373.713,2369483399164.129,2429081539437.5176,32957761401271.605,11181311884154.0,1193227084248.3398,1193227084248.3398,1146443293983.5952
procs,2699709257345.7544,2463088587703.93,2537557907085.64,32957761401271.598,11181311884154.0,1193227084248.3398,1193227084248.3398,1146443293983.5952
area,2752767475311.006,2519836862713.232,2612666387617.439,32957761401271.605,11181311884154.0,1193227084248.3398,1193227084248.3398,1146443293983.5952
length,2754868559014.5786,2522311979788.9673,2627806582444.1167,32957761401271.605,11181311884154.0,1193227084248.3398,1193227084248.3398,1146443293983.5952
FIFO,3310332247833.054,2738912189279.7646,2807863503007.661,34215619722210.31,9616251658436.0,1313560034676.8535,1143001255743.1758,1313560034676.8535
procs,3363461093505.2114,2863034380855.035,2868272039726.368,34215619722210.29,9616251658436.0,1313560034676.8535,1143001255743.1758,1313560034676.8535
area,3355728701836.567,2819377173343.0312,2948883021032.247,34215619722210.316,9616251658436.0,1313560034676.8535,1143001255743.1758,1313560034676.8535
length,3354370919629.171,2859837912283.753,2931093734235.496,34215619722210.316,9616251658436.0,1313560034676.8535,1143001255743.1758,1313560034676.8535
FIFO,3292495722365.983,2754625267827.01,2812229849030.1206,31942828500109.74,12503114127514.0,1325983546195.3691,1121912252349.6855,1325983546195.3691
procs,3292495722365.983,2840782399014.029,2815567585934.684,31942828500109.754,12503114127514.0,1325983546195.3691,1121912252349.6855,1325983546195.3691
area,3295763820704.025,2801377545544.7554,2862312696025.392,31942828500109.703,12503114127514.0,1325983546195.3691,1121912252349.6855,1325983546195.3691
length,3284785625001.902,2787161916141.771,2855721439950.1567,31942828500109.703,12503114127514.0,1325983546195.3691,1121912252349.6855,1325983546195.3691
FIFO,2909735142232.272,2417065980215.0576,2475103924927.71,31112397441747.543,10747748277717.0,1166232365757.3584,1096844333192.002,1166232365757.3584
procs,2910123801518.392,2485184804138.002,2496662545946.0415,31112397441747.55,10747748277717.0,1166232365757.3584,1096844333192.002,1166232365757.3584
area,2911883111313.9136,2667268174656.098,2657932583879.318,31112397441747.562,10747748277717.0,1166232365757.3584,1096844333192.002,1166232365757.3584
length,2911987801013.1997,2638859334182.1934,2728522954027.2163,31112397441747.562,10747748277717.0,1166232365757.3584,1096844333192.002,1166232365757.3584
FIFO,3515216846767.5312,2860868583027.72,2857734221488.798,33528031765867.496,10338407407706.0,1448563916608.7402,1129146456498.2773,1448563916608.7402
procs,3516047699595.259,2922259397953.633,2930633734439.272,33528031765867.48,10338407407706.0,1448563916608.7402,1129146456498.2773,1448563916608.7402
area,3514176310762.1777,3053525761588.472,2959608340382.758,33528031765867.473,10338407407706.0,1448563916608.7402,1129146456498.2773,1448563916608.7402
length,3514837295163.793,3044577762672.6064,2916176230532.9917,33528031765867.473,10338407407706.0,1448563916608.7402,1129146456498.2773,1448563916608.7402
FIFO,3898803647258.451,3102558701602.6323,3146147632999.823,32144663413151.836,12505841437087.0,1478035156421.9727,1139972068575.504,1478035156421.9727
procs,3894386535693.9062,3107684642470.4927,3148807513393.757,32144663413151.824,12505841437087.0,1478035156421.9727,1139972068575.504,1478035156421.9727
area,3909715271199.8994,3180138571893.9053,3266185287716.8447,32144663413151.82,12505841437087.0,1478035156421.9727,1139972068575.504,1478035156421.9727
length,3907936045469.5947,3186798115620.587,3250300333034.4424,32144663413151.82,12505841437087.0,1478035156421.9727,1139972068575.504,1478035156421.9727
FIFO,3691948977604.221,2939472969979.6426,2928029488877.723,34457827951647.53,12389859604802.0,1459609793333.8545,1182340695091.8457,1459609793333.8545
procs,3693306512519.982,2948205038463.8213,2938439636763.8276,34457827951647.523,12389859604802.0,1459609793333.8545,1182340695091.8457,1459609793333.8545
area,3688121051203.6626,2948054711103.1147,2965809214264.714,34457827951647.54,12389859604802.0,1459609793333.8545,1182340695091.8457,1459609793333.8545
length,3688206779148.3574,2958914336826.0396,2967614958226.2456,34457827951647.54,12389859604802.0,1459609793333.8545,1182340695091.8457,1459609793333.8545
FIFO,3183657183979.9595,2729226547497.0586,2668485833638.53,31951583844911.734,11250975367505.0,1321012762831.3167,1105807167604.912,1321012762831.3167
procs,3176986583464.395,2686583634603.4736,2650708734768.8447,31951583844911.777,11250975367505.0,1321012762831.3167,1105807167604.912,1321012762831.3167
area,3248294196313.08,2778190639646.1313,2751323292713.468,31951583844911.75,11250975367505.0,1321012762831.3167,1105807167604.912,1321012762831.3167
length,3226530611005.3604,2778508591716.242,2711364568574.7544,31951583844911.75,11250975367505.0,1321012762831.3167,1105807167604.912,1321012762831.3167
FIFO,3650878664078.1914,2800320395375.875,2982555027405.321,35406544204777.984,11536145197028.0,1550846847678.7424,1140528287699.8164,1550846847678.7424
procs,3650226615376.4688,2861857392235.5605,3025950838062.028,35406544204777.97,11536145197028.0,1550846847678.7424,1140528287699.8164,1550846847678.7424
area,3692935004491.9097,2901678688525.1484,3153356320767.1216,35406544204777.97,11536145197028.0,1550846847678.7424,1140528287699.8164,1550846847678.7424
length,3704661411105.7036,2911135232459.3765,3157947919384.6514,35406544204777.97,11536145197028.0,1550846847678.7424,1140528287699.8164,1550846847678.7424
FIFO,3082990243459.4727,2724506574553.153,2680048053368.244,30934599972086.184,12583639631892.0,1279720626956.8206,1139378703660.5234,1279720626956.8206
procs,3081062439214.573,2814076051598.249,2730879930831.666,30934599972086.184,12583639631892.0,1279720626956.8206,1139378703660.5234,1279720626956.8206
area,3068567850485.5977,2780155514368.043,2850585169376.038,30934599972086.2,12583639631892.0,1279720626956.8206,1139378703660.5234,1279720626956.8206
length,3068567850485.5977,2778512113421.9976,2758928095883.2134,30934599972086.2,12583639631892.0,1279720626956.8206,1139378703660.5234,1279720626956.8206
FIFO,3833331191318.316,3052768265967.7227,3145491719200.1323,35984159947188.836,11600921523451.0,1543496023136.7346,1178260514470.2031,1543496023136.7346
procs,3833614100019.8276,3046759138623.5796,3153397029298.3687,35984159947188.836,11600921523451.0,1543496023136.7346,1178260514470.2031,1543496023136.7346
area,3846824599768.1294,3112546702637.6245,3154318379102.672,35984159947188.83,11600921523451.0,1543496023136.7346,1178260514470.2031,1543496023136.7346
length,3844646195802.3647,3083074067742.9185,3174439939256.5493,35984159947188.83,11600921523451.0,1543496023136.7346,1178260514470.2031,1543496023136.7346
FIFO,2944857793014.014,2576529016335.623,2581900381054.244,34034781441044.402,9542347828172.0,1276924713787.7805,1082181027816.6309,1276924713787.7805
procs,2942199920664.5503,2518929352813.7964,2580917411743.923,34034781441044.418,9542347828172.0,1276924713787.7805,1082181027816.6309,1276924713787.7805
area,2983993028577.7627,2593347665296.2617,2613553703359.788,34034781441044.387,9542347828172.0,1276924713787.7805,1082181027816.6309,1276924713787.7805
length,2974914340616.686,2594693717844.9023,2600396097244.973,34034781441044.387,9542347828172.0,1276924713787.7805,1082181027816.6309,1276924713787.7805
FIFO,3444641484319.2427,3002678949409.546,3063629984340.6104,33505465051320.918,11747839401575.0,1522865192325.3757,1176134208861.3164,1522865192325.3757
procs,3429768918665.541,2910256571339.588,2922501106591.6514,33505465051320.93,11747839401575.0,1522865192325.3757,1176134208861.3164,1522865192325.3757
area,3532767377739.7075,3146780908805.7324,3185040569732.6035,33505465051320.91,11747839401575.0,1522865192325.3757,1176134208861.3164,1522865192325.3757
length,3606773770060.6655,3029888113071.4043,3167958819149.706,33505465051320.91,11747839401575.0,1522865192325.3757,1176134208861.3164,1522865192325.3757
FIFO,2914902475713.991,2486828138806.1587,2490737485465.593,31702058188295.19,9918911332780.0,1240827520230.1978,1139323402174.08,1240827520230.1978
procs,2915555019250.961,2456180018356.4463,2526790779965.4062,31702058188295.223,9918911332780.0,1240827520230.1978,1139323402174.08,1240827520230.1978
area,3009105330127.231,2614978232644.324,2533519650648.078,31702058188295.21,9918911332780.0,1240827520230.1978,1139323402174.08,1240827520230.1978
length,2903163981053.95,2614668416344.575,2587803559853.6777,31702058188295.21,9918911332780.0,1240827520230.1978,1139323402174.08,1240827520230.1978
FIFO,3873838005012.9634,3214468519334.072,3257692181511.564,35481133623935.58,11243098267100.0,1718354356084.1152,1178316825216.543,1718354356084.1152
procs,3873838005012.9634,3221304657521.9707,3254532050391.873,35481133623935.6,11243098267100.0,1718354356084.1152,1178316825216.543,1718354356084.1152
area,3890163276877.8345,3239266421396.604,3261403370907.4287,35481133623935.586,11243098267100.0,1718354356084.1152,1178316825216.543,1718354356084.1152
length,3883092283408.734,3245300445798.198,3326936294266.6714,35481133623935.586,11243098267100.0,1718354356084.1152,1178316825216.543,1718354356084.1152
FIFO,3285071049697.408,2892890611094.1997,2850427006044.953,33763824098218.445,10030384157032.0,1423014612377.0054,1152213956363.0156,1423014612377.0054
procs,3288924884046.293,2824024895709.737,2809550224733.7505,33763824098218.49,10030384157032.0,1423014612377.0054,1152213956363.0156,1423014612377.0054
area,3283451923505.3066,2824312716693.901,2859637890408.023,33763824098218.46,10030384157032.0,1423014612377.0054,1152213956363.0156,1423014612377.0054
length,3394834714198.6924,2870640608000.1357,2925879216705.229,33763824098218.46,10030384157032.0,1423014612377.0054,1152213956363.0156,1423014612377.0054
FIFO,4084942476350.631,3177955036655.0156,3337691689791.1396,36170129187223.055,11078881696744.0,1746820565734.4226,1211099486442.0898,1746820565734.4226
procs,4073681380477.037,3184217181919.3594,3341574158473.3857,36170129187223.01,11078881696744.0,1746820565734.4226,1211099486442.0898,1746820565734.4226
area,4136170507647.282,3311998387940.51,3470867218828.952,36170129187223.04,11078881696744.0,1746820565734.4226,1211099486442.0898,1746820565734.4226
length,4139412318578.1035,3309518419697.884,3465505381875.654,36170129187223.04,11078881696744.0,1746820565734.4226,1211099486442.0898,1746820565734.4226
FIFO,2687065531564.2886,2333051651792.1167,2422076256586.0894,31355919701625.785,10100968581496.0,1200261199143.0981,1157132950228.0234,1200261199143.0981
procs,2724706598031.2407,2549644795352.8193,2704021808528.697,31355919701625.77,10100968581496.0,1200261199143.0981,1157132950228.0234,1200261199143.0981
area,2828304074401.609,2645390457339.791,2620517453193.1606,31355919701625.79,10100968581496.0,1200261199143.0981,1157132950228.0234,1200261199143.0981
length,2822760883744.7363,2655690096420.859,2635006934703.0073,31355919701625.79,10100968581496.0,1200261199143.0981,1157132950228.0234,1200261199143.0981
FIFO,3638792925947.86,2985318109720.805,3066882281256.082,33103028761957.855,10546997242274.0,1609522880865.2075,1137886742995.5977,1609522880865.2075
procs,3638792925947.86,2983383000685.4463,3043106801167.9526,33103028761957.867,10546997242274.0,1609522880865.2075,1137886742995.5977,1609522880865.2075
area,3638792925947.86,3006313810919.134,3076979246071.4526,33103028761957.84,10546997242274.0,1609522880865.2075,1137886742995.5977,1609522880865.2075
length,3638792925947.86,2994794236607.693,3089261138986.243,33103028761957.84,10546997242274.0,1609522880865.2075,1137886742995.5977,1609522880865.2075
FIFO,3444647410732.8696,2970260215216.9116,2985764980333.913,36045007356832.54,9703807256648.0,1432109419635.0725,1185584794005.4336,1432109419635.0725
procs,3416281306822.7334,3012869526836.765,3057442171829.157,36045007356832.516,9703807256648.0,1432109419635.0725,1185584794005.4336,1432109419635.0725
area,3454378742009.8936,3133569374541.556,3194277134169.135,36045007356832.516,9703807256648.0,1432109419635.0725,1185584794005.4336,1432109419635.0725
length,3443837194571.286,3139560469104.2935,3126292856359.787,36045007356832.516,9703807256648.0,1432109419635.0725,1185584794005.4336,1432109419635.0725
FIFO,2867478949785.5586,2410568167129.8164,2390041123048.6924,32812693965953.223,10452993147568.0,1306471621487.5059,1137638799205.67,1306471621487.5059
procs,2881547457942.8896,2364242196193.102,2364717354921.273,32812693965953.234,10452993147568.0,1306471621487.5059,1137638799205.67,1306471621487.5059
area,2905862554875.9604,2734989610285.131,2775410236432.2334,32812693965953.223,10452993147568.0,1306471621487.5059,1137638799205.67,1306471621487.5059
length,2891718727229.2954,2731761621003.8794,2751051371979.6543,32812693965953.223,10452993147568.0,1306471621487.5059,1137638799205.67,1306471621487.5059
FIFO,3245030287430.1953,2733657806412.9365,2806057238789.161,32640235058823.74,10904925724654.0,1366818538550.365,1143163215727.3926,1366818538550.365
procs,3309676794229.8438,2763885725499.5454,2929441745674.5444,32640235058823.766,10904925724654.0,1366818538550.365,1143163215727.3926,1366818538550.365
area,3273460585123.216,2857271466553.205,2907915166571.225,32640235058823.773,10904925724654.0,1366818538550.365,1143163215727.3926,1366818538550.365
length,3291693195245.628,2894576994954.711,2967241999136.503,32640235058823.773,10904925724654.0,1366818538550.365,1143163215727.3926,1366818538550.365
FIFO,3253986754195.673,2741122162475.2437,2810108036084.391,33600623360381.945,10376117079438.0,1494673053559.6265,1129708119290.75,1494673053559.6265
procs,3284565112555.2773,2807035916165.496,2914735230251.632,33600623360381.97,10376117079438.0,1494673053559.6265,1129708119290.75,1494673053559.6265
area,3272677685886.117,2888825789485.615,2888357914756.0513,33600623360381.965,10376117079438.0,1494673053559.6265,1129708119290.75,1494673053559.6265
length,3299953563318.784,2858612260039.0093,2910567649227.2295,33600623360381.965,10376117079438.0,1494673053559.6265,1129708119290.75,1494673053559.6265
FIFO,2948399342309.8984,2472182791724.564,2471741447409.9487,32703363875478.777,9966658813856.0,1226029718022.2124,1113240698448.4707,1226029718022.2124
procs,2952337674408.6406,2571773905770.7627,2572676100806.5317,32703363875478.785,9966658813856.0,1226029718022.2124,1113240698448.4707,1226029718022.2124
area,2969517722403.7485,2631922622402.3926,2651897201632.41,32703363875478.797,9966658813856.0,1226029718022.2124,1113240698448.4707,1226029718022.2124
length,2957046117395.3584,2632847719219.497,2624507671476.818,32703363875478.797,9966658813856.0,1226029718022.2124,1113240698448.4707,1226029718022.2124
FIFO,3502518267396.9497,2980345590165.2935,3027649613658.053,33192617025065.17,11394027685586.0,1496376845801.8179,1203378828897.2383,1496376845801.8179
procs,3502892167390.806,3008670669012.507,3057440235656.7334,33192617025065.195,11394027685586.0,1496376845801.8179,1203378828897.2383,1496376845801.8179
area,3495037211528.5474,2975870577902.301,3013410032755.76,33192617025065.145,11394027685586.0,1496376845801.8179,1203378828897.2383,1496376845801.8179
length,3497359613861.062,2981098229450.002,3023652577842.1396,33192617025065.145,11394027685586.0,1496376845801.8179,1203378828897.2383,1496376845801.8179
FIFO,3752970386160.005,3005349934046.9756,3060068362959.724,33841265115107.812,11879966075340.0,1565081005572.281,1212553384361.789,1565081005572.281
procs,3752970386160.005,3003745073350.5034,3059503754442.153,33841265115107.844,11879966075340.0,1565081005572.281,1212553384361.789,1565081005572.281
area,3752182821513.8525,2997587664836.406,3056515806574.7837,33841265115107.8,11879966075340.0,1565081005572.281,1212553384361.789,1565081005572.281
length,3752182821513.8525,2997587664836.406,3056515806574.7837,33841265115107.8,11879966075340.0,1565081005572.281,1212553384361.789,1565081005572.281
FIFO,3753532144511.062,2933389122530.765,2968545746232.0386,34004443345100.973,10612356017398.0,1410315039080.3943,1135381482492.709,1410315039080.3943
procs,3753532144511.062,2928547139987.9805,2972006250236.4443,34004443345100.98,10612356017398.0,1410315039080.3943,1135381482492.709,1410315039080.3943
area,3775997936620.1035,2945261364927.842,3007681260982.6387,34004443345100.98,10612356017398.0,1410315039080.3943,1135381482492.709,1410315039080.3943
length,3777465805008.7485,2945997520915.3335,3010444293620.9355,34004443345100.98,10612356017398.0,1410315039080.3943,1135381482492.709,1410315039080.3943
FIFO,3552030798379.4795,2970998524372.431,2995410044181.1064,32868416631339.82,11637861087897.0,1462757021667.7266,1117002829737.4668,1462757021667.7266
procs,3542029530098.9062,2949644913496.9966,2981152620569.4473,32868416631339.83,11637861087897.0,1462757021667.7266,1117002829737.4668,1462757021667.7266
area,3624781843026.799,3267059347982.2876,3507787157305.718,32868416631339.812,11637861087897.0,1462757021667.7266,1117002829737.4668,1462757021667.7266
length,3606978148339.288,3261611540827.2456,3296332737122.5654,32868416631339.812,11637861087897.0,1462757021667.7266,1117002829737.4668,1462757021667.7266
FIFO,2896847243064.2456,2421856330231.395,2478037504758.6787,31510407357624.074,10663231432633.0,1184850433029.914,1184850433029.914,1096126330648.3151
procs,2926693757050.1943,2454557262158.377,2531095008908.795,31510407357624.074,10663231432633.0,1184850433029.914,1184850433029.914,1096126330648.3151
area,3256870623388.143,2985181636233.57,3027103323671.9727,31510407357624.1,10663231432633.0,1184850433029.914,1184850433029.914,1096126330648.3151
length,3262730490590.987,2902509579956.2393,3043188426884.5176,31510407357624.1,10663231432633.0,1184850433029.914,1184850433029.914,1096126330648.3151
FIFO,3618041871537.045,3060197641417.576,3047848787547.195,31358437059019.977,12585897852106.0,1388829954739.2954,1173683580204.8516,1388829954739.2954
procs,3602664877403.4814,3108289118278.909,3103020091078.7886,31358437059019.957,12585897852106.0,1388829954739.2954,1173683580204.8516,1388829954739.2954
area,3746381380149.4434,3216754571956.8906,3194546535122.359,31358437059019.96,12585897852106.0,1388829954739.2954,1173683580204.8516,1388829954739.2954
length,3678177659487.936,3202238550356.786,3155866920790.4272,31358437059019.96,12585897852106.0,1388829954739.2954,1173683580204.8516,1388829954739.2954
FIFO,3246959159141.501,2724723658585.4624,2716695539638.982,31333150844695.22,10686168583488.0,1402137556317.2625,1131252248293.793,1402137556317.2625
procs,3243587264260.788,2761808344331.4336,2785630209143.8213,31333150844695.234,10686168583488.0,1402137556317.2625,1131252248293.793,1402137556317.2625
area,3242524355601.08,2802064064026.445,2850477154433.1484,31333150844695.227,10686168583488.0,1402137556317.2625,1131252248293.793,1402137556317.2625
length,3240786796566.424,2805918071236.354,2845233342918.456,31333150844695.227,10686168583488.0,1402137556317.2625,1131252248293.793,1402137556317.2625
FIFO,3649062722460.042,3023490467076.9736,3119572778030.906,31947613177386.08,11153486244332.0,1530092194150.7048,1161470978661.5664,1530092194150.7048
procs,3641451190648.604,2991869524297.179,3118813027637.2104,31947613177386.086,11153486244332.0,1530092194150.7048,1161470978661.5664,1530092194150.7048
area,3659116815221.389,3160874229949.7256,3319100042585.242,31947613177386.09,11153486244332.0,1530092194150.7048,1161470978661.5664,1530092194150.7048
length,3658511941381.624,3133180441981.907,3371401091086.891,31947613177386.09,11153486244332.0,1530092194150.7048,1161470978661.5664,1530092194150.7048
FIFO,3527341045783.021,2794674450374.542,2814255374260.3726,35912738512045.28,10428858262126.0,1551316849761.3745,1148272281254.662,1551316849761.3745
procs,3518120466269.556,2780571123223.797,2792513455338.637,35912738512045.28,10428858262126.0,1551316849761.3745,1148272281254.662,1551316849761.3745
area,3570495361323.444,2854312256392.0225,2826549253038.0234,35912738512045.31,10428858262126.0,1551316849761.3745,1148272281254.662,1551316849761.3745
length,3593048052625.565,2854607274800.2324,2858442505660.889,35912738512045.31,10428858262126.0,1551316849761.3745,1148272281254.662,1551316849761.3745
FIFO,3823977470902.4043,3273433712787.3535,3279390233121.717,31377934849257.543,11396870812836.0,1550760565141.2366,1102173494748.461,1550760565141.2366
procs,3824867771736.635,3304390234447.108,3291809195848.5073,31377934849257.58,11396870812836.0,1550760565141.2366,1102173494748.461,1550760565141.2366
area,3837591876385.7344,3372490667332.8604,3306386233965.041,31377934849257.566,11396870812836.0,1550760565141.2366,1102173494748.461,1550760565141.2366
length,3819366141065.0884,3374439349598.861,3283028256483.726,31377934849257.566,11396870812836.0,1550760565141.2366,1102173494748.461,1550760565141.2366
FIFO,3340526656623.641,2759097871955.958,2848010370942.268,34740334995462.29,11364888443624.0,1453046927038.0786,1175767767182.3027,1453046927038.0786
procs,3397875763399.384,2792280418528.8022,2825620674432.3643,34740334995462.27,11364888443624.0,1453046927038.0786,1175767767182.3027,1453046927038.0786
area,3521932854575.6187,3004698197637.3696,3131901358202.929,34740334995462.277,11364888443624.0,1453046927038.0786,1175767767182.3027,1453046927038.0786
length,3510319148942.975,3003519928838.296,3131848684695.1216,34740334995462.277,11364888443624.0,1453046927038.0786,1175767767182.3027,1453046927038.0786
FIFO,3269709804429.7256,2853290438696.341,2880014436534.997,30721499828211.32,9983382910559.0,1534542612008.029,1120557327627.6426,1534542612008.029
procs,3276935744671.2676,2999196564018.4663,3026798530540.0996,30721499828211.305,9983382910559.0,1534542612008.029,1120557327627.6426,1534542612008.029
area,3357370776686.8867,3071904883615.662,2911569012005.215,30721499828211.3,9983382910559.0,1534542612008.029,1120557327627.6426,1534542612008.029
length,3362786354112.8125,3087687317675.494,3091415484129.036,30721499828211.3,9983382910559.0,1534542612008.029,1120557327627.6426,1534542612008.029
FIFO,3744038090632.208,3081104050435.5796,3121712998360.7544,32726840735433.11,12265155779528.0,1545513665406.318,1146085984001.338,1545513665406.318
procs,3752103292465.219,3102503875280.076,3126787879172.8003,32726840735433.145,12265155779528.0,1545513665406.318,1146085984001.338,1545513665406.318
area,3780554689440.4814,3172490957794.0967,3195745462497.0747,32726840735433.12,12265155779528.0,1545513665406.318,1146085984001.338,1545513665406.318
length,3781302065026.8853,3179195700617.732,3173632085355.0176,32726840735433.12,12265155779528.0,1545513665406.318,1146085984001.338,1545513665406.318
FIFO,3356038879610.8774,2736383728425.981,2747665611717.478,31618940997307.72,10479093026241.0,1523118251516.4163,1123122906764.3203,1523118251516.4163
procs,3383574558258.5815,2736977538003.3823,2754404354682.614,31618940997307.723,10479093026241.0,1523118251516.4163,1123122906764.3203,1523118251516.4163
area,3463503739004.428,2875606145038.194,2916347307982.218,31618940997307.72,10479093026241.0,1523118251516.4163,1123122906764.3203,1523118251516.4163
length,3467533366216.2627,2919793245032.144,2924545238527.4487,31618940997307.72,10479093026241.0,1523118251516.4163,1123122906764.3203,1523118251516.4163
FIFO,3167941201623.515,2588933670534.3867,2680035787851.02,34011259922075.0,11539644586012.0,1382872108670.0083,1155801968118.2617,1382872108670.0083
procs,3164658539498.312,2588771251378.394,2696065741061.272,34011259922074.996,11539644586012.0,1382872108670.0083,1155801968118.2617,1382872108670.0083
area,3173083980899.2,2822136089196.469,2807863176470.9434,34011259922074.96,11539644586012.0,1382872108670.0083,1155801968118.2617,1382872108670.0083
length,3162373769586.5547,2816299326540.464,2832943025071.681,34011259922074.96,11539644586012.0,1382872108670.0083,1155801968118.2617,1382872108670.0083
FIFO,2672345302066.4697,2401333718035.3345,2415368029421.2993,32470286977113.637,9897957307144.0,1175513510971.8772,1131738821538.5234,1175513510971.8772
procs,2671142564140.2793,2352589759226.6772,2412385109112.714,32470286977113.617,9897957307144.0,1175513510971.8772,1131738821538.5234,1175513510971.8772
area,2808883148412.1553,2682483975236.889,2607339160941.803,32470286977113.633,9897957307144.0,1175513510971.8772,1131738821538.5234,1175513510971.8772
length,2889069997976.551,2638891924166.386,2621293064651.1763,32470286977113.633,9897957307144.0,1175513510971.8772,1131738821538.5234,1175513510971.8772
FIFO,3618088901593.0015,3137474015740.4463,3161339997390.6377,34559099241012.73,10785893687352.0,1569152416333.3462,1195069530931.2402,1569152416333.3462
procs,3714527594839.685,3160851027784.015,3224670183360.023,34559099241012.74,10785893687352.0,1569152416333.3462,1195069530931.2402,1569152416333.3462
area,3732168845418.5146,3288476094572.004,3218044871772.7393,34559099241012.75,10785893687352.0,1569152416333.3462,1195069530931.2402,1569152416333.3462
length,3740062560059.423,3288502138413.2334,3224335287941.6035,34559099241012.75,10785893687352.0,1569152416333.3462,1195069530931.2402,1569152416333.3462
FIFO,3771993104719.887,3036822925008.2305,3112730210709.056,33856452479705.375,11561101058929.0,1637426454605.8367,1166851472483.9805,1637426454605.8367
procs,3768970432048.688,3027712911980.996,3122054073402.158,33856452479705.375,11561101058929.0,1637426454605.8367,1166851472483.9805,1637426454605.8367
area,3827942797491.8135,3142450463794.192,3213735570417.078,33856452479705.4,11561101058929.0,1637426454605.8367,1166851472483.9805,1637426454605.8367
length,3825748718849.631,3135565338602.975,3244817864018.131,33856452479705.4,11561101058929.0,1637426454605.8367,1166851472483.9805,1637426454605.8367
FIFO,3043157459564.754,2482667678905.697,2520510774127.3833,30376985199877.695,9789517571925.0,1220176762865.3967,1086397356324.7598,1220176762865.3967
procs,3047313592679.0054,2528818659600.9976,2504432594764.9663,30376985199877.668,9789517571925.0,1220176762865.3967,1086397356324.7598,1220176762865.3967
area,3064295280971.898,2585729273164.469,2517389508785.355,30376985199877.703,9789517571925.0,1220176762865.3967,1086397356324.7598,1220176762865.3967
length,3064689342947.788,2508732148723.5845,2538439564539.18,30376985199877.703,9789517571925.0,1220176762865.3967,1086397356324.7598,1220176762865.3967
FIFO,3243491545411.702,2772280040022.0254,2820484108090.614,34856089247240.848,9642164551577.0,1402739832106.2634,1146735394298.0977,1402739832106.2634
procs,3333813387543.324,2873568342223.122,2870029404500.789,34856089247240.812,9642164551577.0,1402739832106.2634,1146735394298.0977,1402739832106.2634
area,3316444221073.923,2900218033816.096,2900827408152.7847,34856089247240.83,9642164551577.0,1402739832106.2634,1146735394298.0977,1402739832106.2634
length,3291240999815.5654,2899107625850.6255,2925678745437.648,34856089247240.83,9642164551577.0,1402739832106.2634,1146735394298.0977,1402739832106.2634
FIFO,2966688838257.6787,2579356079317.2075,2596350585295.925,30966898915299.758,11327972501031.0,1129526177027.6157,1116012989264.6523,1129526177027.6157
procs,2957506112490.1045,2644543120784.7456,2617285766222.6846,30966898915299.79,11327972501031.0,1129526177027.6157,1116012989264.6523,1129526177027.6157
area,2961715289597.766,2563164723481.1406,2570936123129.6797,30966898915299.777,11327972501031.0,1129526177027.6157,1116012989264.6523,1129526177027.6157
length,2964188731212.08,2567854249208.5117,2615921779284.4556,30966898915299.777,11327972501031.0,1129526177027.6157,1116012989264.6523,1129526177027.6157
FIFO,3669275975778.407,3105307121939.935,3076894408937.8496,33730862441068.836,11804817697984.0,1433905679246.1318,1219168042036.33,1433905679246.1318
procs,3669169350558.7544,3122878337400.3574,3090451446382.9375,33730862441068.86,11804817697984.0,1433905679246.1318,1219168042036.33,1433905679246.1318
area,3691868030079.327,3129073925649.966,3104637080408.9067,33730862441068.867,11804817697984.0,1433905679246.1318,1219168042036.33,1433905679246.1318
length,3695153406895.61,3130109032219.3633,3086547103788.3574,33730862441068.867,11804817697984.0,1433905679246.1318,1219168042036.33,1433905679246.1318
FIFO,3269196887944.898,2632441539797.452,2672403143187.868,34025314964463.26,10300139469599.0,1317827634083.564,1165628671359.1914,1317827634083.564
procs,3267829394896.5337,2662100080593.009,2678615918313.0537,34025314964463.258,10300139469599.0,1317827634083.564,1165628671359.1914,1317827634083.564
area,3261992608362.4956,2726964961839.1787,2757615873844.2534,34025314964463.254,10300139469599.0,1317827634083.564,1165628671359.1914,1317827634083.564
length,3261992608362.4956,2765838475575.899,2759223444463.188,34025314964463.254,10300139469599.0,1317827634083.564,1165628671359.1914,1317827634083.564
FIFO,3320325994480.0825,2589590308943.712,2749288281191.6157,32069999979747.797,10753896980308.0,1477529254126.7637,1149442764787.162,1477529254126.7637
procs,3307045327855.3193,2562083437997.3945,2709336533422.4746,32069999979747.816,10753896980308.0,1477529254126.7637,1149442764787.162,1477529254126.7637
area,3446944631900.8228,2682874600490.115,2885787899252.596,32069999979747.816,10753896980308.0,1477529254126.7637,1149442764787.162,1477529254126.7637
length,3446396507940.1733,2714679685540.5273,2989084046456.251,32069999979747.816,10753896980308.0,1477529254126.7637,1149442764787.162,1477529254126.7637
FIFO,3444653583923.5244,2970362372301.189,3035627247499.048,33851120279942.156,11499743244944.0,1452673887774.4639,1098315316548.0879,1452673887774.4639
procs,3448753798534.1084,2988695849980.6963,3090798196895.9814,33851120279942.168,11499743244944.0,1452673887774.4639,1098315316548.0879,1452673887774.4639
area,3468355094905.5854,3008497338998.538,2997265135563.2583,33851120279942.17,11499743244944.0,1452673887774.4639,1098315316548.0879,1452673887774.4639
length,3437232410903.3047,2983423922187.613,3039085246820.1826,33851120279942.17,11499743244944.0,1452673887774.4639,1098315316548.0879,1452673887774.4639
FIFO,3830764840934.2334,3184544327282.1294,3285629584086.7544,33415424801699.785,11154921020264.0,1599829769417.8306,1147005903599.168,1599829769417.8306
procs,3830771825078.4727,3184493482729.1714,3282489062020.5317,33415424801699.79,11154921020264.0,1599829769417.8306,1147005903599.168,1599829769417.8306
area,3887833880170.4116,3213757111955.8784,3304706881597.27,33415424801699.8,11154921020264.0,1599829769417.8306,1147005903599.168,1599829769417.8306
length,3855473146177.836,3223401538795.2993,3289043713593.686,33415424801699.8,11154921020264.0,1599829769417.8306,1147005903599.168,1599829769417.8306
